/*******************************************************************************
 * Size: 26 px
 * Bpp: 4
 * Opts: --no-compress --bpp 4 --size 26 --font /Volumes/SSD/projects/dune-weaver-pi/dune-weaver-touch/fonts/Outfit-SemiBold.ttf -r 0x20-0x7F,0xB0,0xB7,0x2013-0x2014,0x2018-0x2019,0x201C-0x201D,0x2022,0x2026 --font /Volumes/SSD/projects/dune-weaver-pi/dune-weaver-touch/fonts/MaterialIconsRound-Regular.otf -r 0xe145,0xe39e,0xe2ea,0xe3ab,0xe5ca,0xef4a,0xe5cd,0xe872,0xe5cf,0xe88a,0xe518,0xe0f0,0xe405,0xe034,0xe037,0xe1c4,0xe05f,0xe8ac,0xe03d,0xe836,0xe5d5,0xf053,0xe8b6,0xe043,0xe044,0xe047,0xe429,0xe63e,0xf0b0,0xebe4,0xebd6,0xebe1,0xe1ba --font managed_components/lvgl__lvgl/scripts/built_in_font/FontAwesome5-Solid+Brands+Regular.woff -r 61441,61448,61451,61452,61453,61457,61459,61461,61465,61468,61473,61478,61479,61480,61502,61507,61512,61515,61516,61517,61521,61522,61523,61524,61543,61544,61550,61552,61553,61556,61559,61560,61561,61563,61587,61589,61636,61637,61639,61641,61664,61671,61674,61683,61724,61732,61787,61931,62016,62017,62018,62019,62020,62087,62099,62212,62189,62810,63426,63650 --format lvgl -o src/ui/fonts/outfit_sb_26.c
 ******************************************************************************/

#ifdef LV_LVGL_H_INCLUDE_SIMPLE
#include "lvgl.h"
#else
#include "lvgl/lvgl.h"
#endif

#ifndef OUTFIT_SB_26
#define OUTFIT_SB_26 1
#endif

#if OUTFIT_SB_26

/*-----------------
 *    BITMAPS
 *----------------*/

/*Store the image of the glyphs*/
static LV_ATTRIBUTE_LARGE_CONST const uint8_t glyph_bitmap[] = {
    /* U+0020 " " */

    /* U+0021 "!" */
    0x5f, 0xff, 0x44, 0xff, 0xf3, 0x3f, 0xff, 0x33,
    0xff, 0xf2, 0x2f, 0xff, 0x11, 0xff, 0xf1, 0x1f,
    0xff, 0x0, 0xff, 0xf0, 0xf, 0xff, 0x0, 0xff,
    0xe0, 0xe, 0xfd, 0x0, 0xdf, 0xd0, 0x7, 0x97,
    0x0, 0x0, 0x0, 0x2, 0x52, 0x3, 0xff, 0xf3,
    0x9f, 0xff, 0x98, 0xff, 0xf7, 0x1b, 0xfb, 0x0,

    /* U+0022 "\"" */
    0x7f, 0xfe, 0x6, 0xff, 0xf6, 0xff, 0xd0, 0x5f,
    0xfd, 0x4f, 0xfb, 0x3, 0xff, 0xc3, 0xff, 0xa0,
    0x2f, 0xfa, 0x1f, 0xf8, 0x1, 0xff, 0x90, 0xff,
    0x70, 0xf, 0xf7, 0xe, 0xf5, 0x0, 0xef, 0x60,
    0x56, 0x10, 0x5, 0x62,

    /* U+0023 "#" */
    0x0, 0x0, 0x7f, 0xf5, 0x0, 0xbf, 0xf1, 0x0,
    0x0, 0xa, 0xff, 0x20, 0xe, 0xfe, 0x0, 0x0,
    0x0, 0xcf, 0xf0, 0x0, 0xff, 0xc0, 0x0, 0x0,
    0xf, 0xfd, 0x0, 0x3f, 0xf9, 0x0, 0x0, 0x1,
    0xff, 0xb0, 0x5, 0xff, 0x70, 0x1, 0x99, 0xaf,
    0xfd, 0x99, 0xcf, 0xfb, 0x98, 0x2f, 0xff, 0xff,
    0xff, 0xff, 0xff, 0xff, 0xf2, 0xff, 0xff, 0xff,
    0xff, 0xff, 0xff, 0xff, 0x0, 0xb, 0xff, 0x10,
    0xf, 0xfd, 0x0, 0x0, 0x0, 0xef, 0xe0, 0x2,
    0xff, 0xa0, 0x0, 0x0, 0xf, 0xfc, 0x0, 0x4f,
    0xf8, 0x0, 0xf, 0xff, 0xff, 0xff, 0xff, 0xff,
    0xff, 0xf1, 0xff, 0xff, 0xff, 0xff, 0xff, 0xff,
    0xff, 0x19, 0x9d, 0xff, 0xb9, 0x9e, 0xff, 0x99,
    0x90, 0x0, 0xaf, 0xf2, 0x0, 0xef, 0xe0, 0x0,
    0x0, 0xd, 0xff, 0x0, 0x1f, 0xfb, 0x0, 0x0,
    0x0, 0xff, 0xd0, 0x3, 0xff, 0x90, 0x0, 0x0,
    0x2f, 0xfa, 0x0, 0x6f, 0xf6, 0x0, 0x0, 0x4,
    0xff, 0x80, 0x8, 0xff, 0x40, 0x0, 0x0,

    /* U+0024 "$" */
    0x0, 0x0, 0x1, 0x88, 0x20, 0x0, 0x0, 0x0,
    0x0, 0x3, 0xff, 0x40, 0x0, 0x0, 0x0, 0x0,
    0x3, 0xff, 0x40, 0x0, 0x0, 0x0, 0x1, 0x8d,
    0xff, 0xea, 0x30, 0x0, 0x0, 0x4f, 0xff, 0xff,
    0xff, 0xf9, 0x0, 0x2, 0xff, 0xff, 0xff, 0xff,
    0xff, 0x90, 0xa, 0xff, 0xf8, 0xff, 0x9e, 0xfc,
    0x10, 0xd, 0xff, 0x83, 0xff, 0x41, 0xa1, 0x0,
    0xe, 0xff, 0x83, 0xff, 0x40, 0x0, 0x0, 0xd,
    0xff, 0xf7, 0xff, 0x40, 0x0, 0x0, 0x8, 0xff,
    0xff, 0xff, 0x40, 0x0, 0x0, 0x0, 0xdf, 0xff,
    0xff, 0xfa, 0x20, 0x0, 0x0, 0x1a, 0xff, 0xff,
    0xff, 0xf6, 0x0, 0x0, 0x0, 0x2a, 0xff, 0xff,
    0xff, 0x40, 0x0, 0x0, 0x3, 0xff, 0xef, 0xff,
    0xc0, 0x0, 0x0, 0x3, 0xff, 0x5c, 0xff, 0xf0,
    0x0, 0x20, 0x3, 0xff, 0x46, 0xff, 0xf1, 0x7,
    0xf3, 0x3, 0xff, 0x48, 0xff, 0xf0, 0x7f, 0xff,
    0x85, 0xff, 0xaf, 0xff, 0xb0, 0x6f, 0xff, 0xff,
    0xff, 0xff, 0xff, 0x30, 0x5, 0xff, 0xff, 0xff,
    0xff, 0xf5, 0x0, 0x0, 0x17, 0xcf, 0xff, 0xd8,
    0x10, 0x0, 0x0, 0x0, 0x3, 0xff, 0x40, 0x0,
    0x0, 0x0, 0x0, 0x3, 0xff, 0x40, 0x0, 0x0,
    0x0, 0x0, 0x1, 0x88, 0x20, 0x0, 0x0,

    /* U+0025 "%" */
    0x0, 0x4c, 0xfe, 0x80, 0x0, 0x0, 0x8f, 0xfb,
    0x0, 0x4f, 0xff, 0xff, 0xb0, 0x0, 0x2f, 0xff,
    0x20, 0xd, 0xff, 0x8c, 0xff, 0x40, 0xb, 0xff,
    0x80, 0x0, 0xff, 0x80, 0x1f, 0xf7, 0x4, 0xff,
    0xe0, 0x0, 0xf, 0xfb, 0x5, 0xff, 0x60, 0xdf,
    0xf5, 0x0, 0x0, 0x9f, 0xff, 0xff, 0xf1, 0x7f,
    0xfb, 0x0, 0x0, 0x0, 0xcf, 0xff, 0xf4, 0x2f,
    0xff, 0x20, 0x0, 0x0, 0x0, 0x47, 0x61, 0xa,
    0xff, 0x80, 0x0, 0x0, 0x0, 0x0, 0x0, 0x4,
    0xff, 0xe0, 0x0, 0x0, 0x0, 0x0, 0x0, 0x0,
    0xdf, 0xf5, 0x0, 0x0, 0x0, 0x0, 0x0, 0x0,
    0x7f, 0xfc, 0x0, 0x0, 0x0, 0x0, 0x0, 0x0,
    0x1f, 0xff, 0x20, 0x47, 0x61, 0x0, 0x0, 0x0,
    0xa, 0xff, 0x90, 0xcf, 0xff, 0xf4, 0x0, 0x0,
    0x4, 0xff, 0xe0, 0x9f, 0xff, 0xff, 0xf1, 0x0,
    0x0, 0xdf, 0xf5, 0xf, 0xfb, 0x5, 0xff, 0x60,
    0x0, 0x7f, 0xfc, 0x0, 0xff, 0x80, 0xf, 0xf7,
    0x0, 0x1f, 0xff, 0x30, 0xd, 0xff, 0x8c, 0xff,
    0x40, 0xa, 0xff, 0x90, 0x0, 0x4f, 0xff, 0xff,
    0xb0, 0x4, 0xff, 0xe1, 0x0, 0x0, 0x4c, 0xfe,
    0x80, 0x0,

    /* U+0026 "&" */
    0x0, 0x0, 0x3a, 0xef, 0xea, 0x20, 0x0, 0x0,
    0x0, 0x0, 0x6f, 0xff, 0xff, 0xff, 0x60, 0x0,
    0x0, 0x0, 0x3f, 0xff, 0xff, 0xff, 0xff, 0x30,
    0x0, 0x0, 0xa, 0xff, 0xf7, 0x47, 0xff, 0x80,
    0x0, 0x0, 0x0, 0xef, 0xf8, 0x0, 0x4, 0x70,
    0x0, 0x0, 0x0, 0xe, 0xff, 0x60, 0x0, 0x0,
    0x0, 0x0, 0x0, 0x0, 0xcf, 0xfc, 0x0, 0x0,
    0x0, 0x0, 0x0, 0x0, 0x6, 0xff, 0xf8, 0x0,
    0x0, 0x0, 0x0, 0x0, 0x0, 0x2f, 0xff, 0xf5,
    0x0, 0x0, 0x0, 0x0, 0x0, 0x3f, 0xff, 0xff,
    0xf4, 0x0, 0x0, 0x0, 0x0, 0x1e, 0xff, 0xde,
    0xff, 0xf2, 0x0, 0x0, 0x0, 0x7, 0xff, 0xe1,
    0x3f, 0xff, 0xe1, 0x0, 0x0, 0x0, 0xcf, 0xf8,
    0x0, 0x5f, 0xff, 0xc0, 0x0, 0x0, 0xd, 0xff,
    0x80, 0x0, 0x6f, 0xff, 0xb0, 0x0, 0x0, 0xbf,
    0xfc, 0x0, 0x0, 0x8f, 0xff, 0x90, 0x0, 0x6,
    0xff, 0xfc, 0x43, 0x5c, 0xff, 0xff, 0x70, 0x0,
    0xd, 0xff, 0xff, 0xff, 0xff, 0xff, 0xff, 0x50,
    0x0, 0x2d, 0xff, 0xff, 0xff, 0xfc, 0xdf, 0xff,
    0x30, 0x0, 0x7, 0xcf, 0xfe, 0xb5, 0x1, 0xef,
    0xfe, 0x20,

    /* U+0027 "'" */
    0x8f, 0xfe, 0x6f, 0xfc, 0x5f, 0xfb, 0x3f, 0xf9,
    0x1f, 0xf8, 0xf, 0xf6, 0xe, 0xf5, 0x5, 0x61,

    /* U+0028 "(" */
    0x0, 0x0, 0x7, 0x0, 0x0, 0x0, 0xaf, 0xc0,
    0x0, 0x6, 0xff, 0xe1, 0x0, 0x1f, 0xff, 0x30,
    0x0, 0x8f, 0xf9, 0x0, 0x0, 0xef, 0xf1, 0x0,
    0x4, 0xff, 0xa0, 0x0, 0x9, 0xff, 0x60, 0x0,
    0xc, 0xff, 0x20, 0x0, 0xe, 0xff, 0x0, 0x0,
    0xf, 0xfe, 0x0, 0x0, 0xf, 0xfe, 0x0, 0x0,
    0xf, 0xfe, 0x0, 0x0, 0xf, 0xff, 0x0, 0x0,
    0xd, 0xff, 0x10, 0x0, 0xa, 0xff, 0x40, 0x0,
    0x6, 0xff, 0x80, 0x0, 0x2, 0xff, 0xd0, 0x0,
    0x0, 0xcf, 0xf5, 0x0, 0x0, 0x4f, 0xfd, 0x0,
    0x0, 0xb, 0xff, 0x90, 0x0, 0x2, 0xff, 0xf2,
    0x0, 0x0, 0x4f, 0x40, 0x0, 0x0, 0x0, 0x0,

    /* U+0029 ")" */
    0x1, 0x70, 0x0, 0x1, 0xdf, 0x90, 0x0, 0x2e,
    0xff, 0x50, 0x0, 0x4f, 0xfe, 0x0, 0x0, 0xaf,
    0xf7, 0x0, 0x2, 0xff, 0xd0, 0x0, 0xc, 0xff,
    0x30, 0x0, 0x7f, 0xf7, 0x0, 0x4, 0xff, 0xb0,
    0x0, 0x1f, 0xfd, 0x0, 0x0, 0xff, 0xf0, 0x0,
    0xf, 0xff, 0x0, 0x0, 0xff, 0xf0, 0x0, 0xf,
    0xfe, 0x0, 0x2, 0xff, 0xc0, 0x0, 0x5f, 0xf9,
    0x0, 0x9, 0xff, 0x50, 0x0, 0xef, 0xf1, 0x0,
    0x6f, 0xfa, 0x0, 0xe, 0xff, 0x30, 0xa, 0xff,
    0xa0, 0x3, 0xff, 0xe1, 0x0, 0x6, 0xe3, 0x0,
    0x0, 0x0, 0x0, 0x0,

    /* U+002A "*" */
    0x0, 0x0, 0x0, 0x7, 0x20, 0x0, 0x0, 0x1c,
    0x20, 0x1f, 0xf8, 0x0, 0x1, 0xdf, 0xc0, 0x7f,
    0xf4, 0x0, 0x1, 0xbf, 0xf9, 0xcf, 0xa0, 0x0,
    0x0, 0x7, 0xff, 0xfe, 0x10, 0x0, 0x0, 0x2,
    0xbf, 0xff, 0xff, 0xf9, 0x7, 0xdf, 0xff, 0xfe,
    0xff, 0xf6, 0xa, 0xff, 0xc8, 0xf9, 0x16, 0xb4,
    0x2, 0xf7, 0x6, 0xfe, 0x0, 0x0, 0x0, 0x10,
    0x6, 0xff, 0x20, 0x0, 0x0, 0x0, 0x5, 0xfd,
    0x50, 0x0, 0x0, 0x0, 0x0, 0x0, 0x0, 0x0,

    /* U+002B "+" */
    0x0, 0x0, 0x4f, 0xfb, 0x0, 0x0, 0x0, 0x0,
    0x4, 0xff, 0xb0, 0x0, 0x0, 0x0, 0x0, 0x4f,
    0xfb, 0x0, 0x0, 0x0, 0x0, 0x4, 0xff, 0xb0,
    0x0, 0x0, 0x0, 0x0, 0x4f, 0xfb, 0x0, 0x0,
    0xa, 0xff, 0xff, 0xff, 0xff, 0xff, 0xf1, 0xaf,
    0xff, 0xff, 0xff, 0xff, 0xff, 0x1a, 0xff, 0xff,
    0xff, 0xff, 0xff, 0xf1, 0x0, 0x0, 0x4f, 0xfb,
    0x0, 0x0, 0x0, 0x0, 0x4, 0xff, 0xb0, 0x0,
    0x0, 0x0, 0x0, 0x4f, 0xfb, 0x0, 0x0, 0x0,
    0x0, 0x4, 0xff, 0xb0, 0x0, 0x0, 0x0, 0x0,
    0x28, 0x85, 0x0, 0x0, 0x0,

    /* U+002C "," */
    0x0, 0x42, 0x0, 0xcf, 0xf6, 0x4f, 0xff, 0xe4,
    0xff, 0xfe, 0xa, 0xff, 0x90, 0x3f, 0xf1, 0xc,
    0xf8, 0x4, 0xfe, 0x10, 0x7, 0x60, 0x0,

    /* U+002D "-" */
    0x12, 0x22, 0x22, 0x22, 0x21, 0x7f, 0xff, 0xff,
    0xff, 0xf8, 0x7f, 0xff, 0xff, 0xff, 0xf8, 0x7f,
    0xff, 0xff, 0xff, 0xf8,

    /* U+002E "." */
    0x0, 0x54, 0x0, 0xdf, 0xf8, 0x3f, 0xff, 0xe2,
    0xff, 0xfd, 0x7, 0xfe, 0x30,

    /* U+002F "/" */
    0x0, 0x0, 0x0, 0x2f, 0xfe, 0x0, 0x0, 0x0,
    0x7, 0xff, 0x90, 0x0, 0x0, 0x0, 0xdf, 0xf3,
    0x0, 0x0, 0x0, 0x2f, 0xfe, 0x0, 0x0, 0x0,
    0x7, 0xff, 0x90, 0x0, 0x0, 0x0, 0xcf, 0xf4,
    0x0, 0x0, 0x0, 0x1f, 0xfe, 0x0, 0x0, 0x0,
    0x7, 0xff, 0x90, 0x0, 0x0, 0x0, 0xcf, 0xf4,
    0x0, 0x0, 0x0, 0x1f, 0xff, 0x0, 0x0, 0x0,
    0x6, 0xff, 0xa0, 0x0, 0x0, 0x0, 0xbf, 0xf5,
    0x0, 0x0, 0x0, 0x1f, 0xff, 0x0, 0x0, 0x0,
    0x6, 0xff, 0xa0, 0x0, 0x0, 0x0, 0xbf, 0xf5,
    0x0, 0x0, 0x0, 0x1f, 0xff, 0x0, 0x0, 0x0,
    0x6, 0xff, 0xa0, 0x0, 0x0, 0x0, 0xbf, 0xf5,
    0x0, 0x0, 0x0, 0xf, 0xff, 0x0, 0x0, 0x0,
    0x5, 0xff, 0xb0, 0x0, 0x0, 0x0, 0xaf, 0xf6,
    0x0, 0x0, 0x0, 0x0,

    /* U+0030 "0" */
    0x0, 0x0, 0x4, 0xbe, 0xfe, 0xb5, 0x0, 0x0,
    0x0, 0x0, 0xa, 0xff, 0xff, 0xff, 0xfc, 0x10,
    0x0, 0x0, 0xb, 0xff, 0xff, 0xff, 0xff, 0xfd,
    0x10, 0x0, 0x7, 0xff, 0xfe, 0x64, 0x6d, 0xff,
    0xfa, 0x0, 0x1, 0xff, 0xfd, 0x10, 0x0, 0xb,
    0xff, 0xf3, 0x0, 0x7f, 0xff, 0x40, 0x0, 0x0,
    0x1f, 0xff, 0x90, 0xb, 0xff, 0xd0, 0x0, 0x0,
    0x0, 0xbf, 0xfe, 0x0, 0xef, 0xfa, 0x0, 0x0,
    0x0, 0x7, 0xff, 0xf1, 0xf, 0xff, 0x80, 0x0,
    0x0, 0x0, 0x6f, 0xff, 0x20, 0xff, 0xf8, 0x0,
    0x0, 0x0, 0x5, 0xff, 0xf3, 0xf, 0xff, 0x80,
    0x0, 0x0, 0x0, 0x6f, 0xff, 0x20, 0xef, 0xfa,
    0x0, 0x0, 0x0, 0x7, 0xff, 0xf1, 0xb, 0xff,
    0xd0, 0x0, 0x0, 0x0, 0xbf, 0xfe, 0x0, 0x6f,
    0xff, 0x40, 0x0, 0x0, 0x1f, 0xff, 0x90, 0x1,
    0xff, 0xfd, 0x10, 0x0, 0xb, 0xff, 0xf3, 0x0,
    0x7, 0xff, 0xfd, 0x64, 0x5c, 0xff, 0xfa, 0x0,
    0x0, 0xb, 0xff, 0xff, 0xff, 0xff, 0xfd, 0x10,
    0x0, 0x0, 0xa, 0xff, 0xff, 0xff, 0xfc, 0x10,
    0x0, 0x0, 0x0, 0x4, 0xae, 0xff, 0xb6, 0x0,
    0x0, 0x0,

    /* U+0031 "1" */
    0x6f, 0xff, 0xff, 0xfa, 0x6f, 0xff, 0xff, 0xfa,
    0x6f, 0xff, 0xff, 0xfa, 0x1, 0x11, 0xdf, 0xfa,
    0x0, 0x0, 0xdf, 0xfa, 0x0, 0x0, 0xdf, 0xfa,
    0x0, 0x0, 0xdf, 0xfa, 0x0, 0x0, 0xdf, 0xfa,
    0x0, 0x0, 0xdf, 0xfa, 0x0, 0x0, 0xdf, 0xfa,
    0x0, 0x0, 0xdf, 0xfa, 0x0, 0x0, 0xdf, 0xfa,
    0x0, 0x0, 0xdf, 0xfa, 0x0, 0x0, 0xdf, 0xfa,
    0x0, 0x0, 0xdf, 0xfa, 0x0, 0x0, 0xdf, 0xfa,
    0x0, 0x0, 0xdf, 0xfa, 0x0, 0x0, 0xdf, 0xfa,
    0x0, 0x0, 0xdf, 0xfa,

    /* U+0032 "2" */
    0x0, 0x1, 0x8d, 0xff, 0xd9, 0x20, 0x0, 0x0,
    0x5f, 0xff, 0xff, 0xff, 0xf5, 0x0, 0x5, 0xff,
    0xff, 0xff, 0xff, 0xff, 0x30, 0x1f, 0xff, 0xf8,
    0x44, 0xaf, 0xff, 0xb0, 0x8, 0xff, 0x30, 0x0,
    0xb, 0xff, 0xf0, 0x0, 0x66, 0x0, 0x0, 0x6,
    0xff, 0xf1, 0x0, 0x0, 0x0, 0x0, 0x7, 0xff,
    0xf0, 0x0, 0x0, 0x0, 0x0, 0xd, 0xff, 0xd0,
    0x0, 0x0, 0x0, 0x0, 0x8f, 0xff, 0x80, 0x0,
    0x0, 0x0, 0x6, 0xff, 0xfe, 0x10, 0x0, 0x0,
    0x0, 0x5f, 0xff, 0xf3, 0x0, 0x0, 0x0, 0x4,
    0xff, 0xff, 0x50, 0x0, 0x0, 0x0, 0x3f, 0xff,
    0xf6, 0x0, 0x0, 0x0, 0x2, 0xef, 0xff, 0x60,
    0x0, 0x0, 0x0, 0x2e, 0xff, 0xf7, 0x0, 0x0,
    0x0, 0x1, 0xdf, 0xff, 0x91, 0x11, 0x11, 0x10,
    0x1d, 0xff, 0xff, 0xff, 0xff, 0xff, 0xf7, 0x5f,
    0xff, 0xff, 0xff, 0xff, 0xff, 0xf7, 0x5f, 0xff,
    0xff, 0xff, 0xff, 0xff, 0xf7,

    /* U+0033 "3" */
    0x7, 0xff, 0xff, 0xff, 0xff, 0xff, 0xf1, 0x7,
    0xff, 0xff, 0xff, 0xff, 0xff, 0xf1, 0x7, 0xff,
    0xff, 0xff, 0xff, 0xff, 0xb0, 0x0, 0x11, 0x11,
    0x15, 0xff, 0xfd, 0x0, 0x0, 0x0, 0x0, 0x1e,
    0xff, 0xe1, 0x0, 0x0, 0x0, 0x0, 0xcf, 0xff,
    0x30, 0x0, 0x0, 0x0, 0xa, 0xff, 0xf4, 0x0,
    0x0, 0x0, 0x0, 0x7f, 0xff, 0xfa, 0x40, 0x0,
    0x0, 0x0, 0xaf, 0xff, 0xff, 0xfa, 0x0, 0x0,
    0x0, 0x79, 0x8a, 0xff, 0xff, 0x70, 0x0, 0x0,
    0x0, 0x0, 0x2e, 0xff, 0xf0, 0x0, 0x0, 0x0,
    0x0, 0x5, 0xff, 0xf3, 0x0, 0x0, 0x0, 0x0,
    0x3, 0xff, 0xf5, 0x0, 0x0, 0x0, 0x0, 0x4,
    0xff, 0xf5, 0x0, 0x94, 0x0, 0x0, 0xb, 0xff,
    0xf2, 0x9, 0xff, 0xa5, 0x35, 0xcf, 0xff, 0xc0,
    0x3f, 0xff, 0xff, 0xff, 0xff, 0xff, 0x30, 0x5,
    0xff, 0xff, 0xff, 0xff, 0xe3, 0x0, 0x0, 0x17,
    0xcf, 0xfe, 0xc7, 0x0, 0x0,

    /* U+0034 "4" */
    0x0, 0x0, 0x0, 0x5f, 0xff, 0x80, 0x0, 0x0,
    0x0, 0x0, 0x0, 0xdf, 0xff, 0x10, 0x0, 0x0,
    0x0, 0x0, 0x5, 0xff, 0xf8, 0x0, 0x0, 0x0,
    0x0, 0x0, 0xc, 0xff, 0xf1, 0x0, 0x0, 0x0,
    0x0, 0x0, 0x4f, 0xff, 0x90, 0x0, 0x0, 0x0,
    0x0, 0x0, 0xcf, 0xff, 0x10, 0x0, 0x0, 0x0,
    0x0, 0x4, 0xff, 0xf9, 0x0, 0x0, 0x0, 0x0,
    0x0, 0xb, 0xff, 0xf1, 0x8, 0xbb, 0x90, 0x0,
    0x0, 0x3f, 0xff, 0x90, 0xb, 0xff, 0xc0, 0x0,
    0x0, 0xbf, 0xff, 0x10, 0xb, 0xff, 0xc0, 0x0,
    0x3, 0xff, 0xf9, 0x0, 0xb, 0xff, 0xc0, 0x0,
    0xa, 0xff, 0xf3, 0x22, 0x2c, 0xff, 0xc2, 0x20,
    0x2f, 0xff, 0xff, 0xff, 0xff, 0xff, 0xff, 0xf0,
    0x5f, 0xff, 0xff, 0xff, 0xff, 0xff, 0xff, 0xf0,
    0x5f, 0xff, 0xff, 0xff, 0xff, 0xff, 0xff, 0xf0,
    0x0, 0x0, 0x0, 0x0, 0xb, 0xff, 0xc0, 0x0,
    0x0, 0x0, 0x0, 0x0, 0xb, 0xff, 0xc0, 0x0,
    0x0, 0x0, 0x0, 0x0, 0xb, 0xff, 0xc0, 0x0,
    0x0, 0x0, 0x0, 0x0, 0xb, 0xff, 0xc0, 0x0,

    /* U+0035 "5" */
    0x0, 0x9f, 0xff, 0xff, 0xff, 0xff, 0x80, 0x0,
    0xaf, 0xff, 0xff, 0xff, 0xff, 0x80, 0x0, 0xcf,
    0xff, 0xff, 0xff, 0xff, 0x80, 0x0, 0xdf, 0xf6,
    0x11, 0x11, 0x11, 0x0, 0x0, 0xff, 0xf3, 0x0,
    0x0, 0x0, 0x0, 0x0, 0xff, 0xf1, 0x0, 0x0,
    0x0, 0x0, 0x2, 0xff, 0xf0, 0x0, 0x0, 0x0,
    0x0, 0x3, 0xff, 0xfb, 0xef, 0xeb, 0x50, 0x0,
    0x4, 0xff, 0xff, 0xff, 0xff, 0xfa, 0x0, 0x1,
    0xdf, 0xfd, 0xcd, 0xff, 0xff, 0x80, 0x0, 0x19,
    0x20, 0x0, 0x3e, 0xff, 0xf1, 0x0, 0x0, 0x0,
    0x0, 0x4, 0xff, 0xf5, 0x0, 0x0, 0x0, 0x0,
    0x0, 0xff, 0xf7, 0x0, 0x0, 0x0, 0x0, 0x1,
    0xff, 0xf7, 0x0, 0x82, 0x0, 0x0, 0x9, 0xff,
    0xf4, 0xa, 0xff, 0x94, 0x35, 0xbf, 0xff, 0xe0,
    0x4f, 0xff, 0xff, 0xff, 0xff, 0xff, 0x40, 0x6,
    0xff, 0xff, 0xff, 0xff, 0xf5, 0x0, 0x0, 0x17,
    0xcf, 0xff, 0xc7, 0x10, 0x0,

    /* U+0036 "6" */
    0x0, 0x0, 0x0, 0xc, 0xff, 0xf3, 0x0, 0x0,
    0x0, 0x0, 0x7, 0xff, 0xf7, 0x0, 0x0, 0x0,
    0x0, 0x3, 0xff, 0xfb, 0x0, 0x0, 0x0, 0x0,
    0x0, 0xdf, 0xfe, 0x10, 0x0, 0x0, 0x0, 0x0,
    0x8f, 0xff, 0x40, 0x0, 0x0, 0x0, 0x0, 0x3f,
    0xff, 0x90, 0x0, 0x0, 0x0, 0x0, 0xd, 0xff,
    0xff, 0xfd, 0x70, 0x0, 0x0, 0x8, 0xff, 0xff,
    0xff, 0xff, 0xd1, 0x0, 0x2, 0xff, 0xff, 0xdb,
    0xef, 0xff, 0xd0, 0x0, 0x9f, 0xff, 0x60, 0x0,
    0x9f, 0xff, 0x60, 0xe, 0xff, 0xa0, 0x0, 0x0,
    0xdf, 0xfc, 0x2, 0xff, 0xf4, 0x0, 0x0, 0x8,
    0xff, 0xf0, 0x3f, 0xff, 0x40, 0x0, 0x0, 0x7f,
    0xff, 0x2, 0xff, 0xf7, 0x0, 0x0, 0xa, 0xff,
    0xe0, 0xe, 0xff, 0xe1, 0x0, 0x3, 0xff, 0xfa,
    0x0, 0x7f, 0xff, 0xd5, 0x37, 0xef, 0xff, 0x30,
    0x0, 0xcf, 0xff, 0xff, 0xff, 0xff, 0x80, 0x0,
    0x1, 0xcf, 0xff, 0xff, 0xff, 0x80, 0x0, 0x0,
    0x0, 0x5b, 0xef, 0xea, 0x30, 0x0, 0x0,

    /* U+0037 "7" */
    0x6f, 0xff, 0xff, 0xff, 0xff, 0xff, 0xf0, 0x6f,
    0xff, 0xff, 0xff, 0xff, 0xff, 0xf0, 0x6f, 0xff,
    0xff, 0xff, 0xff, 0xff, 0xd0, 0x1, 0x11, 0x11,
    0x11, 0x2f, 0xff, 0x80, 0x0, 0x0, 0x0, 0x0,
    0x5f, 0xff, 0x20, 0x0, 0x0, 0x0, 0x0, 0xcf,
    0xfc, 0x0, 0x0, 0x0, 0x0, 0x2, 0xff, 0xf6,
    0x0, 0x0, 0x0, 0x0, 0x8, 0xff, 0xf1, 0x0,
    0x0, 0x0, 0x0, 0xe, 0xff, 0xa0, 0x0, 0x0,
    0x0, 0x0, 0x4f, 0xff, 0x40, 0x0, 0x0, 0x0,
    0x0, 0xaf, 0xfe, 0x0, 0x0, 0x0, 0x0, 0x1,
    0xff, 0xf8, 0x0, 0x0, 0x0, 0x0, 0x6, 0xff,
    0xf2, 0x0, 0x0, 0x0, 0x0, 0xc, 0xff, 0xd0,
    0x0, 0x0, 0x0, 0x0, 0x2f, 0xff, 0x70, 0x0,
    0x0, 0x0, 0x0, 0x8f, 0xff, 0x10, 0x0, 0x0,
    0x0, 0x0, 0xef, 0xfb, 0x0, 0x0, 0x0, 0x0,
    0x4, 0xff, 0xf5, 0x0, 0x0, 0x0, 0x0, 0xb,
    0xff, 0xf0, 0x0, 0x0, 0x0,

    /* U+0038 "8" */
    0x0, 0x0, 0x7c, 0xff, 0xea, 0x30, 0x0, 0x0,
    0x1d, 0xff, 0xff, 0xff, 0xf6, 0x0, 0x0, 0xcf,
    0xff, 0xff, 0xff, 0xff, 0x30, 0x2, 0xff, 0xfa,
    0x10, 0x5f, 0xff, 0x90, 0x5, 0xff, 0xf0, 0x0,
    0x9, 0xff, 0xc0, 0x4, 0xff, 0xf0, 0x0, 0x8,
    0xff, 0xb0, 0x1, 0xff, 0xf6, 0x0, 0x1e, 0xff,
    0x70, 0x0, 0x7f, 0xff, 0xdc, 0xff, 0xfd, 0x0,
    0x0, 0xa, 0xff, 0xff, 0xff, 0xf2, 0x0, 0x0,
    0x8f, 0xff, 0xff, 0xff, 0xfd, 0x20, 0x5, 0xff,
    0xf8, 0x10, 0x4d, 0xff, 0xc0, 0xd, 0xff, 0x90,
    0x0, 0x2, 0xff, 0xf4, 0x1f, 0xff, 0x40, 0x0,
    0x0, 0xdf, 0xf7, 0x2f, 0xff, 0x40, 0x0, 0x0,
    0xef, 0xf9, 0xf, 0xff, 0xb0, 0x0, 0x4, 0xff,
    0xf7, 0xb, 0xff, 0xfa, 0x32, 0x6e, 0xff, 0xf2,
    0x3, 0xff, 0xff, 0xff, 0xff, 0xff, 0xa0, 0x0,
    0x5f, 0xff, 0xff, 0xff, 0xfb, 0x0, 0x0, 0x1,
    0x8d, 0xff, 0xeb, 0x40, 0x0,

    /* U+0039 "9" */
    0x0, 0x0, 0x5b, 0xef, 0xea, 0x30, 0x0, 0x0,
    0x1b, 0xff, 0xff, 0xff, 0xf9, 0x0, 0x0, 0xcf,
    0xff, 0xff, 0xff, 0xff, 0x90, 0x7, 0xff, 0xfd,
    0x64, 0x7e, 0xff, 0xf3, 0xe, 0xff, 0xd0, 0x0,
    0x3, 0xff, 0xfa, 0x2f, 0xff, 0x60, 0x0, 0x0,
    0xaf, 0xfe, 0x3f, 0xff, 0x40, 0x0, 0x0, 0x8f,
    0xff, 0x2f, 0xff, 0x50, 0x0, 0x0, 0x9f, 0xfe,
    0xf, 0xff, 0xb0, 0x0, 0x1, 0xef, 0xfb, 0x9,
    0xff, 0xfa, 0x20, 0x3c, 0xff, 0xf5, 0x1, 0xdf,
    0xff, 0xff, 0xff, 0xff, 0xd0, 0x0, 0x1c, 0xff,
    0xff, 0xff, 0xff, 0x40, 0x0, 0x0, 0x59, 0xbd,
    0xff, 0xfa, 0x0, 0x0, 0x0, 0x0, 0xd, 0xff,
    0xe1, 0x0, 0x0, 0x0, 0x0, 0x9f, 0xff, 0x40,
    0x0, 0x0, 0x0, 0x5, 0xff, 0xf9, 0x0, 0x0,
    0x0, 0x0, 0x1e, 0xff, 0xe0, 0x0, 0x0, 0x0,
    0x0, 0xbf, 0xff, 0x40, 0x0, 0x0, 0x0, 0x7,
    0xff, 0xf9, 0x0, 0x0, 0x0,

    /* U+003A ":" */
    0x1, 0x52, 0x1, 0xef, 0xf5, 0x7f, 0xff, 0xb5,
    0xff, 0xfa, 0xa, 0xfc, 0x20, 0x0, 0x0, 0x0,
    0x0, 0x0, 0x0, 0x0, 0x1, 0x52, 0x1, 0xef,
    0xf5, 0x7f, 0xff, 0xb5, 0xff, 0xfa, 0xa, 0xfc,
    0x20,

    /* U+003B ";" */
    0x1, 0x52, 0x2, 0xff, 0xf4, 0x8f, 0xff, 0xa6,
    0xff, 0xf9, 0xa, 0xfc, 0x10, 0x0, 0x0, 0x0,
    0x0, 0x0, 0x0, 0x0, 0x0, 0x41, 0x1, 0xdf,
    0xf4, 0x6f, 0xff, 0xc6, 0xff, 0xfc, 0xb, 0xff,
    0x70, 0x5f, 0xe0, 0xd, 0xf6, 0x6, 0xfd, 0x0,
    0x18, 0x50, 0x0,

    /* U+003C "<" */
    0x0, 0x0, 0x0, 0x0, 0x0, 0x0, 0x0, 0x0,
    0x0, 0x0, 0x0, 0x17, 0xe2, 0x0, 0x0, 0x0,
    0x2, 0x9f, 0xff, 0x20, 0x0, 0x0, 0x4b, 0xff,
    0xff, 0xf2, 0x0, 0x6, 0xdf, 0xff, 0xff, 0xc5,
    0x1, 0x8e, 0xff, 0xff, 0xf9, 0x20, 0x0, 0xaf,
    0xff, 0xfd, 0x60, 0x0, 0x0, 0xa, 0xff, 0xff,
    0x71, 0x0, 0x0, 0x0, 0x5e, 0xff, 0xff, 0xfa,
    0x30, 0x0, 0x0, 0x5, 0xcf, 0xff, 0xff, 0xc6,
    0x0, 0x0, 0x0, 0x3a, 0xff, 0xff, 0xff, 0x10,
    0x0, 0x0, 0x1, 0x8e, 0xff, 0xf2, 0x0, 0x0,
    0x0, 0x0, 0x6, 0xdf, 0x20, 0x0, 0x0, 0x0,
    0x0, 0x0, 0x41,

    /* U+003D "=" */
    0xaf, 0xff, 0xff, 0xff, 0xff, 0xff, 0x1a, 0xff,
    0xff, 0xff, 0xff, 0xff, 0xf1, 0xaf, 0xff, 0xff,
    0xff, 0xff, 0xff, 0x10, 0x0, 0x0, 0x0, 0x0,
    0x0, 0x0, 0x0, 0x0, 0x0, 0x0, 0x0, 0x0,
    0x0, 0x0, 0x0, 0x0, 0x0, 0x0, 0x0, 0xaf,
    0xff, 0xff, 0xff, 0xff, 0xff, 0x1a, 0xff, 0xff,
    0xff, 0xff, 0xff, 0xf1, 0xaf, 0xff, 0xff, 0xff,
    0xff, 0xff, 0x10,

    /* U+003E ">" */
    0x0, 0x0, 0x0, 0x0, 0x0, 0x0, 0xa, 0xa3,
    0x0, 0x0, 0x0, 0x0, 0x0, 0xaf, 0xfc, 0x50,
    0x0, 0x0, 0x0, 0xa, 0xff, 0xff, 0xe7, 0x10,
    0x0, 0x0, 0x29, 0xff, 0xff, 0xff, 0x92, 0x0,
    0x0, 0x0, 0x6d, 0xff, 0xff, 0xfb, 0x40, 0x0,
    0x0, 0x3, 0xaf, 0xff, 0xff, 0x20, 0x0, 0x0,
    0x4, 0xbf, 0xff, 0xf2, 0x0, 0x1, 0x7d, 0xff,
    0xff, 0xfa, 0x0, 0x3a, 0xff, 0xff, 0xfe, 0x81,
    0x0, 0x9f, 0xff, 0xff, 0xd6, 0x0, 0x0, 0xa,
    0xff, 0xfb, 0x40, 0x0, 0x0, 0x0, 0xaf, 0x92,
    0x0, 0x0, 0x0, 0x0, 0x4, 0x10, 0x0, 0x0,
    0x0, 0x0, 0x0,

    /* U+003F "?" */
    0x0, 0x5, 0xbe, 0xfe, 0xb4, 0x0, 0x0, 0xb,
    0xff, 0xff, 0xff, 0xf9, 0x0, 0xa, 0xff, 0xff,
    0xff, 0xff, 0xf6, 0x1, 0xef, 0xfb, 0x65, 0x8f,
    0xff, 0xe0, 0x1, 0xc8, 0x0, 0x0, 0x7f, 0xff,
    0x10, 0x0, 0x0, 0x0, 0x6, 0xff, 0xf0, 0x0,
    0x0, 0x0, 0x4, 0xef, 0xfd, 0x0, 0x0, 0x0,
    0xbf, 0xff, 0xff, 0x40, 0x0, 0x0, 0xb, 0xff,
    0xff, 0x60, 0x0, 0x0, 0x0, 0xaf, 0xfa, 0x10,
    0x0, 0x0, 0x0, 0xa, 0xff, 0x40, 0x0, 0x0,
    0x0, 0x0, 0xaf, 0xf3, 0x0, 0x0, 0x0, 0x0,
    0x0, 0x0, 0x0, 0x0, 0x0, 0x0, 0x0, 0x0,
    0x0, 0x0, 0x0, 0x0, 0x0, 0x0, 0x53, 0x0,
    0x0, 0x0, 0x0, 0x0, 0xdf, 0xf7, 0x0, 0x0,
    0x0, 0x0, 0x5f, 0xff, 0xd0, 0x0, 0x0, 0x0,
    0x3, 0xff, 0xfc, 0x0, 0x0, 0x0, 0x0, 0x8,
    0xfd, 0x30, 0x0, 0x0,

    /* U+0040 "@" */
    0x0, 0x0, 0x0, 0x26, 0x77, 0x62, 0x0, 0x0,
    0x0, 0x0, 0x0, 0x5d, 0xff, 0xff, 0xff, 0xc4,
    0x0, 0x0, 0x0, 0xb, 0xff, 0xff, 0xff, 0xff,
    0xff, 0x80, 0x0, 0x0, 0xcf, 0xfd, 0x62, 0x0,
    0x26, 0xef, 0xf8, 0x0, 0x9, 0xff, 0xa0, 0x0,
    0x0, 0x0, 0xc, 0xff, 0x30, 0x2f, 0xfc, 0x0,
    0x7e, 0xfc, 0xdf, 0x81, 0xff, 0xb0, 0x8f, 0xf4,
    0x8, 0xff, 0xff, 0xff, 0x80, 0x9f, 0xf0, 0xcf,
    0xf0, 0x2f, 0xf9, 0x4a, 0xff, 0x80, 0x5f, 0xf3,
    0xef, 0xc0, 0x6f, 0xf0, 0x0, 0xff, 0x80, 0x3f,
    0xf5, 0xff, 0xc0, 0x6f, 0xe0, 0x0, 0xff, 0x80,
    0x3f, 0xf5, 0xdf, 0xd0, 0x2f, 0xf7, 0x18, 0xff,
    0x90, 0x5f, 0xf4, 0xbf, 0xf1, 0x9, 0xff, 0xff,
    0xff, 0xff, 0xff, 0xf1, 0x5f, 0xf7, 0x0, 0x7e,
    0xfc, 0xdf, 0xff, 0xff, 0xa0, 0xe, 0xff, 0x20,
    0x0, 0x0, 0x0, 0x0, 0x0, 0x0, 0x4, 0xff,
    0xe5, 0x0, 0x0, 0x1, 0x93, 0x0, 0x0, 0x0,
    0x6f, 0xff, 0xd9, 0x88, 0xbf, 0xff, 0x30, 0x0,
    0x0, 0x4, 0xef, 0xff, 0xff, 0xff, 0xfb, 0x10,
    0x0, 0x0, 0x0, 0x6, 0xbe, 0xff, 0xd9, 0x30,
    0x0, 0x0,

    /* U+0041 "A" */
    0x0, 0x0, 0x0, 0x5, 0xff, 0xe0, 0x0, 0x0,
    0x0, 0x0, 0x0, 0x0, 0x0, 0xbf, 0xff, 0x50,
    0x0, 0x0, 0x0, 0x0, 0x0, 0x0, 0x1f, 0xff,
    0xfb, 0x0, 0x0, 0x0, 0x0, 0x0, 0x0, 0x7,
    0xff, 0xff, 0xf1, 0x0, 0x0, 0x0, 0x0, 0x0,
    0x0, 0xdf, 0xff, 0xff, 0x80, 0x0, 0x0, 0x0,
    0x0, 0x0, 0x4f, 0xff, 0xdf, 0xfe, 0x0, 0x0,
    0x0, 0x0, 0x0, 0xa, 0xff, 0xd4, 0xff, 0xf4,
    0x0, 0x0, 0x0, 0x0, 0x1, 0xff, 0xf8, 0xe,
    0xff, 0xa0, 0x0, 0x0, 0x0, 0x0, 0x6f, 0xff,
    0x20, 0x8f, 0xff, 0x10, 0x0, 0x0, 0x0, 0xc,
    0xff, 0xc0, 0x2, 0xff, 0xf6, 0x0, 0x0, 0x0,
    0x3, 0xff, 0xf6, 0x0, 0xc, 0xff, 0xd0, 0x0,
    0x0, 0x0, 0x9f, 0xff, 0x0, 0x0, 0x6f, 0xff,
    0x30, 0x0, 0x0, 0xf, 0xff, 0xa0, 0x0, 0x1,
    0xff, 0xf9, 0x0, 0x0, 0x5, 0xff, 0xff, 0xff,
    0xff, 0xff, 0xff, 0xf0, 0x0, 0x0, 0xbf, 0xff,
    0xff, 0xff, 0xff, 0xff, 0xff, 0x50, 0x0, 0x2f,
    0xff, 0xff, 0xff, 0xff, 0xff, 0xff, 0xfb, 0x0,
    0x8, 0xff, 0xf2, 0x0, 0x0, 0x0, 0x9, 0xff,
    0xf2, 0x0, 0xef, 0xfc, 0x0, 0x0, 0x0, 0x0,
    0x3f, 0xff, 0x80, 0x4f, 0xff, 0x60, 0x0, 0x0,
    0x0, 0x0, 0xdf, 0xfe, 0x0,

    /* U+0042 "B" */
    0x2f, 0xff, 0xff, 0xff, 0xfe, 0xa2, 0x0, 0x2,
    0xff, 0xff, 0xff, 0xff, 0xff, 0xf5, 0x0, 0x2f,
    0xff, 0xfe, 0xee, 0xff, 0xff, 0xf2, 0x2, 0xff,
    0xf6, 0x0, 0x0, 0x8f, 0xff, 0x80, 0x2f, 0xff,
    0x60, 0x0, 0x0, 0xef, 0xfb, 0x2, 0xff, 0xf6,
    0x0, 0x0, 0xc, 0xff, 0xc0, 0x2f, 0xff, 0x60,
    0x0, 0x0, 0xef, 0xf9, 0x2, 0xff, 0xf6, 0x0,
    0x1, 0x9f, 0xff, 0x30, 0x2f, 0xff, 0xff, 0xff,
    0xff, 0xff, 0x60, 0x2, 0xff, 0xff, 0xff, 0xff,
    0xff, 0xe3, 0x0, 0x2f, 0xff, 0xfe, 0xee, 0xef,
    0xff, 0xf4, 0x2, 0xff, 0xf6, 0x0, 0x0, 0x2d,
    0xff, 0xe0, 0x2f, 0xff, 0x60, 0x0, 0x0, 0x4f,
    0xff, 0x52, 0xff, 0xf6, 0x0, 0x0, 0x1, 0xff,
    0xf7, 0x2f, 0xff, 0x60, 0x0, 0x0, 0x4f, 0xff,
    0x62, 0xff, 0xf6, 0x0, 0x0, 0x3e, 0xff, 0xf2,
    0x2f, 0xff, 0xfe, 0xee, 0xff, 0xff, 0xfa, 0x2,
    0xff, 0xff, 0xff, 0xff, 0xff, 0xfb, 0x0, 0x2f,
    0xff, 0xff, 0xff, 0xfe, 0xb5, 0x0, 0x0,

    /* U+0043 "C" */
    0x0, 0x0, 0x0, 0x39, 0xdf, 0xfe, 0xc8, 0x20,
    0x0, 0x0, 0x0, 0x1a, 0xff, 0xff, 0xff, 0xff,
    0xf9, 0x0, 0x0, 0x2, 0xef, 0xff, 0xff, 0xff,
    0xff, 0xff, 0xc0, 0x0, 0x1e, 0xff, 0xff, 0xa6,
    0x57, 0xaf, 0xff, 0x50, 0x0, 0xbf, 0xff, 0xb1,
    0x0, 0x0, 0x2, 0xd5, 0x0, 0x3, 0xff, 0xfc,
    0x0, 0x0, 0x0, 0x0, 0x0, 0x0, 0x9, 0xff,
    0xf3, 0x0, 0x0, 0x0, 0x0, 0x0, 0x0, 0xd,
    0xff, 0xd0, 0x0, 0x0, 0x0, 0x0, 0x0, 0x0,
    0xf, 0xff, 0xa0, 0x0, 0x0, 0x0, 0x0, 0x0,
    0x0, 0xf, 0xff, 0x90, 0x0, 0x0, 0x0, 0x0,
    0x0, 0x0, 0xf, 0xff, 0xa0, 0x0, 0x0, 0x0,
    0x0, 0x0, 0x0, 0xd, 0xff, 0xd0, 0x0, 0x0,
    0x0, 0x0, 0x0, 0x0, 0x9, 0xff, 0xf3, 0x0,
    0x0, 0x0, 0x0, 0x0, 0x0, 0x3, 0xff, 0xfc,
    0x0, 0x0, 0x0, 0x0, 0x0, 0x0, 0x0, 0xbf,
    0xff, 0xb1, 0x0, 0x0, 0x1, 0xb7, 0x0, 0x0,
    0x1e, 0xff, 0xff, 0x96, 0x56, 0x9f, 0xff, 0x70,
    0x0, 0x2, 0xef, 0xff, 0xff, 0xff, 0xff, 0xff,
    0xd0, 0x0, 0x0, 0x1b, 0xff, 0xff, 0xff, 0xff,
    0xfa, 0x10, 0x0, 0x0, 0x0, 0x39, 0xdf, 0xff,
    0xc9, 0x20, 0x0,

    /* U+0044 "D" */
    0x2f, 0xff, 0xff, 0xff, 0xfe, 0xb6, 0x0, 0x0,
    0x0, 0x2f, 0xff, 0xff, 0xff, 0xff, 0xff, 0xe5,
    0x0, 0x0, 0x2f, 0xff, 0xff, 0xff, 0xff, 0xff,
    0xff, 0x80, 0x0, 0x2f, 0xff, 0x83, 0x33, 0x36,
    0xbf, 0xff, 0xf7, 0x0, 0x2f, 0xff, 0x60, 0x0,
    0x0, 0x5, 0xff, 0xff, 0x20, 0x2f, 0xff, 0x60,
    0x0, 0x0, 0x0, 0x5f, 0xff, 0xa0, 0x2f, 0xff,
    0x60, 0x0, 0x0, 0x0, 0xc, 0xff, 0xf1, 0x2f,
    0xff, 0x60, 0x0, 0x0, 0x0, 0x6, 0xff, 0xf4,
    0x2f, 0xff, 0x60, 0x0, 0x0, 0x0, 0x3, 0xff,
    0xf6, 0x2f, 0xff, 0x60, 0x0, 0x0, 0x0, 0x2,
    0xff, 0xf7, 0x2f, 0xff, 0x60, 0x0, 0x0, 0x0,
    0x3, 0xff, 0xf6, 0x2f, 0xff, 0x60, 0x0, 0x0,
    0x0, 0x6, 0xff, 0xf4, 0x2f, 0xff, 0x60, 0x0,
    0x0, 0x0, 0xc, 0xff, 0xf0, 0x2f, 0xff, 0x60,
    0x0, 0x0, 0x0, 0x5f, 0xff, 0xa0, 0x2f, 0xff,
    0x60, 0x0, 0x0, 0x4, 0xff, 0xff, 0x20, 0x2f,
    0xff, 0x83, 0x33, 0x36, 0xbf, 0xff, 0xf7, 0x0,
    0x2f, 0xff, 0xff, 0xff, 0xff, 0xff, 0xff, 0x80,
    0x0, 0x2f, 0xff, 0xff, 0xff, 0xff, 0xff, 0xe5,
    0x0, 0x0, 0x2f, 0xff, 0xff, 0xff, 0xfe, 0xb6,
    0x0, 0x0, 0x0,

    /* U+0045 "E" */
    0x2f, 0xff, 0xff, 0xff, 0xff, 0xff, 0xf7, 0x2f,
    0xff, 0xff, 0xff, 0xff, 0xff, 0xf7, 0x2f, 0xff,
    0xff, 0xff, 0xff, 0xff, 0xf7, 0x2f, 0xff, 0x82,
    0x22, 0x22, 0x22, 0x21, 0x2f, 0xff, 0x60, 0x0,
    0x0, 0x0, 0x0, 0x2f, 0xff, 0x60, 0x0, 0x0,
    0x0, 0x0, 0x2f, 0xff, 0x60, 0x0, 0x0, 0x0,
    0x0, 0x2f, 0xff, 0x60, 0x0, 0x0, 0x0, 0x0,
    0x2f, 0xff, 0xff, 0xff, 0xff, 0xff, 0xa0, 0x2f,
    0xff, 0xff, 0xff, 0xff, 0xff, 0xa0, 0x2f, 0xff,
    0xff, 0xff, 0xff, 0xff, 0xa0, 0x2f, 0xff, 0x70,
    0x0, 0x0, 0x0, 0x0, 0x2f, 0xff, 0x60, 0x0,
    0x0, 0x0, 0x0, 0x2f, 0xff, 0x60, 0x0, 0x0,
    0x0, 0x0, 0x2f, 0xff, 0x60, 0x0, 0x0, 0x0,
    0x0, 0x2f, 0xff, 0x82, 0x22, 0x22, 0x22, 0x21,
    0x2f, 0xff, 0xff, 0xff, 0xff, 0xff, 0xf9, 0x2f,
    0xff, 0xff, 0xff, 0xff, 0xff, 0xf9, 0x2f, 0xff,
    0xff, 0xff, 0xff, 0xff, 0xf9,

    /* U+0046 "F" */
    0x2f, 0xff, 0xff, 0xff, 0xff, 0xff, 0xf2, 0x2f,
    0xff, 0xff, 0xff, 0xff, 0xff, 0xf2, 0x2f, 0xff,
    0xff, 0xff, 0xff, 0xff, 0xf2, 0x2f, 0xff, 0x82,
    0x22, 0x22, 0x22, 0x20, 0x2f, 0xff, 0x60, 0x0,
    0x0, 0x0, 0x0, 0x2f, 0xff, 0x60, 0x0, 0x0,
    0x0, 0x0, 0x2f, 0xff, 0x60, 0x0, 0x0, 0x0,
    0x0, 0x2f, 0xff, 0x60, 0x0, 0x0, 0x0, 0x0,
    0x2f, 0xff, 0xff, 0xff, 0xff, 0xff, 0xa0, 0x2f,
    0xff, 0xff, 0xff, 0xff, 0xff, 0xa0, 0x2f, 0xff,
    0xff, 0xff, 0xff, 0xff, 0xa0, 0x2f, 0xff, 0x83,
    0x33, 0x33, 0x33, 0x20, 0x2f, 0xff, 0x60, 0x0,
    0x0, 0x0, 0x0, 0x2f, 0xff, 0x60, 0x0, 0x0,
    0x0, 0x0, 0x2f, 0xff, 0x60, 0x0, 0x0, 0x0,
    0x0, 0x2f, 0xff, 0x60, 0x0, 0x0, 0x0, 0x0,
    0x2f, 0xff, 0x60, 0x0, 0x0, 0x0, 0x0, 0x2f,
    0xff, 0x60, 0x0, 0x0, 0x0, 0x0, 0x2f, 0xff,
    0x60, 0x0, 0x0, 0x0, 0x0,

    /* U+0047 "G" */
    0x0, 0x0, 0x0, 0x28, 0xcf, 0xff, 0xc9, 0x30,
    0x0, 0x0, 0x0, 0x0, 0x19, 0xff, 0xff, 0xff,
    0xff, 0xfb, 0x10, 0x0, 0x0, 0x2, 0xdf, 0xff,
    0xff, 0xff, 0xff, 0xff, 0xe3, 0x0, 0x0, 0x1d,
    0xff, 0xff, 0xa6, 0x56, 0xaf, 0xff, 0xf9, 0x0,
    0x0, 0xaf, 0xff, 0xc2, 0x0, 0x0, 0x2, 0xcf,
    0xa0, 0x0, 0x2, 0xff, 0xfd, 0x0, 0x0, 0x0,
    0x0, 0x8, 0x0, 0x0, 0x9, 0xff, 0xf3, 0x0,
    0x0, 0x0, 0x0, 0x0, 0x0, 0x0, 0xd, 0xff,
    0xd0, 0x0, 0x0, 0x0, 0x0, 0x0, 0x0, 0x0,
    0xf, 0xff, 0xa0, 0x0, 0x0, 0x22, 0x22, 0x22,
    0x22, 0x21, 0xf, 0xff, 0x90, 0x0, 0x0, 0xef,
    0xff, 0xff, 0xff, 0xf6, 0xf, 0xff, 0xa0, 0x0,
    0x0, 0xef, 0xff, 0xff, 0xff, 0xf5, 0xd, 0xff,
    0xd0, 0x0, 0x0, 0xef, 0xff, 0xff, 0xff, 0xf3,
    0x9, 0xff, 0xf3, 0x0, 0x0, 0x0, 0x0, 0x9,
    0xff, 0xf0, 0x3, 0xff, 0xfc, 0x0, 0x0, 0x0,
    0x0, 0x1f, 0xff, 0xb0, 0x0, 0xaf, 0xff, 0xb1,
    0x0, 0x0, 0x1, 0xcf, 0xff, 0x40, 0x0, 0x1e,
    0xff, 0xff, 0x96, 0x56, 0xaf, 0xff, 0xfb, 0x0,
    0x0, 0x2, 0xef, 0xff, 0xff, 0xff, 0xff, 0xff,
    0xd1, 0x0, 0x0, 0x0, 0x1a, 0xff, 0xff, 0xff,
    0xff, 0xfa, 0x0, 0x0, 0x0, 0x0, 0x0, 0x29,
    0xdf, 0xfe, 0xc8, 0x20, 0x0, 0x0,

    /* U+0048 "H" */
    0x2f, 0xff, 0x60, 0x0, 0x0, 0x0, 0xaf, 0xfe,
    0x2f, 0xff, 0x60, 0x0, 0x0, 0x0, 0xaf, 0xfe,
    0x2f, 0xff, 0x60, 0x0, 0x0, 0x0, 0xaf, 0xfe,
    0x2f, 0xff, 0x60, 0x0, 0x0, 0x0, 0xaf, 0xfe,
    0x2f, 0xff, 0x60, 0x0, 0x0, 0x0, 0xaf, 0xfe,
    0x2f, 0xff, 0x60, 0x0, 0x0, 0x0, 0xaf, 0xfe,
    0x2f, 0xff, 0x60, 0x0, 0x0, 0x0, 0xaf, 0xfe,
    0x2f, 0xff, 0x82, 0x22, 0x22, 0x22, 0xbf, 0xfe,
    0x2f, 0xff, 0xff, 0xff, 0xff, 0xff, 0xff, 0xfe,
    0x2f, 0xff, 0xff, 0xff, 0xff, 0xff, 0xff, 0xfe,
    0x2f, 0xff, 0xff, 0xff, 0xff, 0xff, 0xff, 0xfe,
    0x2f, 0xff, 0x60, 0x0, 0x0, 0x0, 0xaf, 0xfe,
    0x2f, 0xff, 0x60, 0x0, 0x0, 0x0, 0xaf, 0xfe,
    0x2f, 0xff, 0x60, 0x0, 0x0, 0x0, 0xaf, 0xfe,
    0x2f, 0xff, 0x60, 0x0, 0x0, 0x0, 0xaf, 0xfe,
    0x2f, 0xff, 0x60, 0x0, 0x0, 0x0, 0xaf, 0xfe,
    0x2f, 0xff, 0x60, 0x0, 0x0, 0x0, 0xaf, 0xfe,
    0x2f, 0xff, 0x60, 0x0, 0x0, 0x0, 0xaf, 0xfe,
    0x2f, 0xff, 0x60, 0x0, 0x0, 0x0, 0xaf, 0xfe,

    /* U+0049 "I" */
    0x2f, 0xff, 0x62, 0xff, 0xf6, 0x2f, 0xff, 0x62,
    0xff, 0xf6, 0x2f, 0xff, 0x62, 0xff, 0xf6, 0x2f,
    0xff, 0x62, 0xff, 0xf6, 0x2f, 0xff, 0x62, 0xff,
    0xf6, 0x2f, 0xff, 0x62, 0xff, 0xf6, 0x2f, 0xff,
    0x62, 0xff, 0xf6, 0x2f, 0xff, 0x62, 0xff, 0xf6,
    0x2f, 0xff, 0x62, 0xff, 0xf6, 0x2f, 0xff, 0x60,

    /* U+004A "J" */
    0x0, 0x0, 0x0, 0x0, 0xdf, 0xfb, 0x0, 0x0,
    0x0, 0x0, 0xdf, 0xfb, 0x0, 0x0, 0x0, 0x0,
    0xdf, 0xfb, 0x0, 0x0, 0x0, 0x0, 0xdf, 0xfb,
    0x0, 0x0, 0x0, 0x0, 0xdf, 0xfb, 0x0, 0x0,
    0x0, 0x0, 0xdf, 0xfb, 0x0, 0x0, 0x0, 0x0,
    0xdf, 0xfb, 0x0, 0x0, 0x0, 0x0, 0xdf, 0xfb,
    0x0, 0x0, 0x0, 0x0, 0xdf, 0xfb, 0x0, 0x0,
    0x0, 0x0, 0xdf, 0xfb, 0x0, 0x0, 0x0, 0x0,
    0xdf, 0xfb, 0x0, 0x0, 0x0, 0x0, 0xdf, 0xfb,
    0x0, 0x0, 0x0, 0x0, 0xdf, 0xfb, 0x0, 0x0,
    0x0, 0x0, 0xef, 0xfa, 0x0, 0x52, 0x0, 0x4,
    0xff, 0xf7, 0x6, 0xfe, 0x75, 0x8f, 0xff, 0xf2,
    0x4f, 0xff, 0xff, 0xff, 0xff, 0x90, 0x9, 0xff,
    0xff, 0xff, 0xfa, 0x0, 0x0, 0x4b, 0xef, 0xeb,
    0x50, 0x0,

    /* U+004B "K" */
    0x2f, 0xff, 0x60, 0x0, 0x0, 0xb, 0xff, 0xfb,
    0x2, 0xff, 0xf6, 0x0, 0x0, 0x8, 0xff, 0xfc,
    0x0, 0x2f, 0xff, 0x60, 0x0, 0x6, 0xff, 0xfd,
    0x10, 0x2, 0xff, 0xf6, 0x0, 0x4, 0xff, 0xfe,
    0x20, 0x0, 0x2f, 0xff, 0x60, 0x2, 0xff, 0xff,
    0x30, 0x0, 0x2, 0xff, 0xf6, 0x1, 0xef, 0xff,
    0x50, 0x0, 0x0, 0x2f, 0xff, 0x60, 0xcf, 0xff,
    0x70, 0x0, 0x0, 0x2, 0xff, 0xf6, 0xaf, 0xff,
    0x90, 0x0, 0x0, 0x0, 0x2f, 0xff, 0xdf, 0xff,
    0xb0, 0x0, 0x0, 0x0, 0x2, 0xff, 0xff, 0xff,
    0xfa, 0x0, 0x0, 0x0, 0x0, 0x2f, 0xff, 0x7d,
    0xff, 0xf7, 0x0, 0x0, 0x0, 0x2, 0xff, 0xf6,
    0x2f, 0xff, 0xf4, 0x0, 0x0, 0x0, 0x2f, 0xff,
    0x60, 0x4f, 0xff, 0xf2, 0x0, 0x0, 0x2, 0xff,
    0xf6, 0x0, 0x7f, 0xff, 0xd1, 0x0, 0x0, 0x2f,
    0xff, 0x60, 0x0, 0xaf, 0xff, 0xb0, 0x0, 0x2,
    0xff, 0xf6, 0x0, 0x0, 0xdf, 0xff, 0x80, 0x0,
    0x2f, 0xff, 0x60, 0x0, 0x2, 0xff, 0xff, 0x50,
    0x2, 0xff, 0xf6, 0x0, 0x0, 0x4, 0xff, 0xff,
    0x30, 0x2f, 0xff, 0x60, 0x0, 0x0, 0x7, 0xff,
    0xfe, 0x10,

    /* U+004C "L" */
    0x2f, 0xff, 0x60, 0x0, 0x0, 0x0, 0x2, 0xff,
    0xf6, 0x0, 0x0, 0x0, 0x0, 0x2f, 0xff, 0x60,
    0x0, 0x0, 0x0, 0x2, 0xff, 0xf6, 0x0, 0x0,
    0x0, 0x0, 0x2f, 0xff, 0x60, 0x0, 0x0, 0x0,
    0x2, 0xff, 0xf6, 0x0, 0x0, 0x0, 0x0, 0x2f,
    0xff, 0x60, 0x0, 0x0, 0x0, 0x2, 0xff, 0xf6,
    0x0, 0x0, 0x0, 0x0, 0x2f, 0xff, 0x60, 0x0,
    0x0, 0x0, 0x2, 0xff, 0xf6, 0x0, 0x0, 0x0,
    0x0, 0x2f, 0xff, 0x60, 0x0, 0x0, 0x0, 0x2,
    0xff, 0xf6, 0x0, 0x0, 0x0, 0x0, 0x2f, 0xff,
    0x60, 0x0, 0x0, 0x0, 0x2, 0xff, 0xf6, 0x0,
    0x0, 0x0, 0x0, 0x2f, 0xff, 0x60, 0x0, 0x0,
    0x0, 0x2, 0xff, 0xf8, 0x33, 0x33, 0x33, 0x32,
    0x2f, 0xff, 0xff, 0xff, 0xff, 0xff, 0xc2, 0xff,
    0xff, 0xff, 0xff, 0xff, 0xfc, 0x2f, 0xff, 0xff,
    0xff, 0xff, 0xff, 0xc0,

    /* U+004D "M" */
    0x2f, 0xfa, 0x0, 0x0, 0x0, 0x0, 0x0, 0x0,
    0x9f, 0xf3, 0x2f, 0xff, 0x40, 0x0, 0x0, 0x0,
    0x0, 0x2, 0xff, 0xf3, 0x2f, 0xff, 0xd0, 0x0,
    0x0, 0x0, 0x0, 0xc, 0xff, 0xf3, 0x2f, 0xff,
    0xf7, 0x0, 0x0, 0x0, 0x0, 0x5f, 0xff, 0xf3,
    0x2f, 0xff, 0xff, 0x10, 0x0, 0x0, 0x0, 0xef,
    0xff, 0xf3, 0x2f, 0xff, 0xff, 0xa0, 0x0, 0x0,
    0x9, 0xff, 0xff, 0xf3, 0x2f, 0xff, 0xff, 0xf4,
    0x0, 0x0, 0x2f, 0xff, 0xff, 0xf3, 0x2f, 0xff,
    0xff, 0xfd, 0x0, 0x0, 0xcf, 0xff, 0xff, 0xf3,
    0x2f, 0xff, 0x8f, 0xff, 0x70, 0x5, 0xff, 0xf7,
    0xff, 0xf3, 0x2f, 0xff, 0x67, 0xff, 0xf2, 0xe,
    0xff, 0x94, 0xff, 0xf3, 0x2f, 0xff, 0x60, 0xdf,
    0xfb, 0x9f, 0xfe, 0x14, 0xff, 0xf3, 0x2f, 0xff,
    0x60, 0x4f, 0xff, 0xff, 0xf6, 0x4, 0xff, 0xf3,
    0x2f, 0xff, 0x60, 0xb, 0xff, 0xff, 0xc0, 0x4,
    0xff, 0xf3, 0x2f, 0xff, 0x60, 0x2, 0xff, 0xff,
    0x30, 0x4, 0xff, 0xf3, 0x2f, 0xff, 0x60, 0x0,
    0x7f, 0xf9, 0x0, 0x4, 0xff, 0xf3, 0x2f, 0xff,
    0x60, 0x0, 0x1, 0x10, 0x0, 0x4, 0xff, 0xf3,
    0x2f, 0xff, 0x60, 0x0, 0x0, 0x0, 0x0, 0x4,
    0xff, 0xf3, 0x2f, 0xff, 0x60, 0x0, 0x0, 0x0,
    0x0, 0x4, 0xff, 0xf3, 0x2f, 0xff, 0x60, 0x0,
    0x0, 0x0, 0x0, 0x4, 0xff, 0xf3,

    /* U+004E "N" */
    0x2f, 0xfb, 0x0, 0x0, 0x0, 0x0, 0x8f, 0xff,
    0x12, 0xff, 0xf7, 0x0, 0x0, 0x0, 0x8, 0xff,
    0xf1, 0x2f, 0xff, 0xf4, 0x0, 0x0, 0x0, 0x8f,
    0xff, 0x12, 0xff, 0xff, 0xe1, 0x0, 0x0, 0x8,
    0xff, 0xf1, 0x2f, 0xff, 0xff, 0xc0, 0x0, 0x0,
    0x8f, 0xff, 0x12, 0xff, 0xff, 0xff, 0x80, 0x0,
    0x8, 0xff, 0xf1, 0x2f, 0xff, 0xef, 0xff, 0x50,
    0x0, 0x8f, 0xff, 0x12, 0xff, 0xf7, 0xdf, 0xff,
    0x20, 0x8, 0xff, 0xf1, 0x2f, 0xff, 0x62, 0xff,
    0xfc, 0x0, 0x8f, 0xff, 0x12, 0xff, 0xf6, 0x5,
    0xff, 0xf9, 0x8, 0xff, 0xf1, 0x2f, 0xff, 0x60,
    0x9, 0xff, 0xf5, 0x8f, 0xff, 0x12, 0xff, 0xf6,
    0x0, 0xc, 0xff, 0xfa, 0xff, 0xf1, 0x2f, 0xff,
    0x60, 0x0, 0x2e, 0xff, 0xff, 0xff, 0x12, 0xff,
    0xf6, 0x0, 0x0, 0x4f, 0xff, 0xff, 0xf1, 0x2f,
    0xff, 0x60, 0x0, 0x0, 0x8f, 0xff, 0xff, 0x12,
    0xff, 0xf6, 0x0, 0x0, 0x0, 0xcf, 0xff, 0xf1,
    0x2f, 0xff, 0x60, 0x0, 0x0, 0x1, 0xef, 0xff,
    0x12, 0xff, 0xf6, 0x0, 0x0, 0x0, 0x4, 0xff,
    0xf1, 0x2f, 0xff, 0x60, 0x0, 0x0, 0x0, 0xa,
    0xff, 0x10,

    /* U+004F "O" */
    0x0, 0x0, 0x0, 0x39, 0xdf, 0xfe, 0xc7, 0x10,
    0x0, 0x0, 0x0, 0x0, 0x1a, 0xff, 0xff, 0xff,
    0xff, 0xf8, 0x0, 0x0, 0x0, 0x2, 0xef, 0xff,
    0xff, 0xff, 0xff, 0xff, 0xc1, 0x0, 0x0, 0x1e,
    0xff, 0xff, 0x96, 0x56, 0xbf, 0xff, 0xfc, 0x0,
    0x0, 0xbf, 0xff, 0xb1, 0x0, 0x0, 0x2, 0xdf,
    0xff, 0x70, 0x3, 0xff, 0xfc, 0x0, 0x0, 0x0,
    0x0, 0x1e, 0xff, 0xf0, 0x9, 0xff, 0xf2, 0x0,
    0x0, 0x0, 0x0, 0x6, 0xff, 0xf6, 0xd, 0xff,
    0xc0, 0x0, 0x0, 0x0, 0x0, 0x1, 0xff, 0xfa,
    0xf, 0xff, 0x90, 0x0, 0x0, 0x0, 0x0, 0x0,
    0xdf, 0xfc, 0xf, 0xff, 0x80, 0x0, 0x0, 0x0,
    0x0, 0x0, 0xcf, 0xfd, 0xf, 0xff, 0xa0, 0x0,
    0x0, 0x0, 0x0, 0x0, 0xdf, 0xfc, 0xd, 0xff,
    0xd0, 0x0, 0x0, 0x0, 0x0, 0x1, 0xff, 0xfa,
    0x9, 0xff, 0xf3, 0x0, 0x0, 0x0, 0x0, 0x7,
    0xff, 0xf6, 0x3, 0xff, 0xfc, 0x0, 0x0, 0x0,
    0x0, 0x2e, 0xff, 0xe0, 0x0, 0xaf, 0xff, 0xb1,
    0x0, 0x0, 0x3, 0xdf, 0xff, 0x70, 0x0, 0x1d,
    0xff, 0xff, 0xa6, 0x57, 0xbf, 0xff, 0xfb, 0x0,
    0x0, 0x2, 0xdf, 0xff, 0xff, 0xff, 0xff, 0xff,
    0xc0, 0x0, 0x0, 0x0, 0x1a, 0xff, 0xff, 0xff,
    0xff, 0xf8, 0x0, 0x0, 0x0, 0x0, 0x0, 0x28,
    0xcf, 0xfe, 0xc7, 0x10, 0x0, 0x0,

    /* U+0050 "P" */
    0x2f, 0xff, 0xff, 0xff, 0xfd, 0x91, 0x0, 0x2,
    0xff, 0xff, 0xff, 0xff, 0xff, 0xf5, 0x0, 0x2f,
    0xff, 0xfe, 0xee, 0xff, 0xff, 0xf3, 0x2, 0xff,
    0xf6, 0x0, 0x0, 0x8f, 0xff, 0xb0, 0x2f, 0xff,
    0x60, 0x0, 0x0, 0xaf, 0xff, 0x2, 0xff, 0xf6,
    0x0, 0x0, 0x5, 0xff, 0xf2, 0x2f, 0xff, 0x60,
    0x0, 0x0, 0x5f, 0xff, 0x22, 0xff, 0xf6, 0x0,
    0x0, 0xa, 0xff, 0xf0, 0x2f, 0xff, 0x60, 0x0,
    0x7, 0xff, 0xfb, 0x2, 0xff, 0xff, 0xee, 0xef,
    0xff, 0xff, 0x30, 0x2f, 0xff, 0xff, 0xff, 0xff,
    0xff, 0x50, 0x2, 0xff, 0xff, 0xff, 0xff, 0xd9,
    0x10, 0x0, 0x2f, 0xff, 0x60, 0x0, 0x0, 0x0,
    0x0, 0x2, 0xff, 0xf6, 0x0, 0x0, 0x0, 0x0,
    0x0, 0x2f, 0xff, 0x60, 0x0, 0x0, 0x0, 0x0,
    0x2, 0xff, 0xf6, 0x0, 0x0, 0x0, 0x0, 0x0,
    0x2f, 0xff, 0x60, 0x0, 0x0, 0x0, 0x0, 0x2,
    0xff, 0xf6, 0x0, 0x0, 0x0, 0x0, 0x0, 0x2f,
    0xff, 0x60, 0x0, 0x0, 0x0, 0x0, 0x0,

    /* U+0051 "Q" */
    0x0, 0x0, 0x0, 0x29, 0xdf, 0xfe, 0xc7, 0x10,
    0x0, 0x0, 0x0, 0x0, 0x1, 0xaf, 0xff, 0xff,
    0xff, 0xff, 0x80, 0x0, 0x0, 0x0, 0x2, 0xef,
    0xff, 0xff, 0xff, 0xff, 0xff, 0xc1, 0x0, 0x0,
    0x1, 0xef, 0xff, 0xf9, 0x65, 0x6b, 0xff, 0xff,
    0xc0, 0x0, 0x0, 0xaf, 0xff, 0xb1, 0x0, 0x0,
    0x2, 0xdf, 0xff, 0x70, 0x0, 0x3f, 0xff, 0xc0,
    0x0, 0x0, 0x0, 0x1, 0xef, 0xff, 0x10, 0x9,
    0xff, 0xf3, 0x0, 0x0, 0x0, 0x0, 0x6, 0xff,
    0xf6, 0x0, 0xdf, 0xfd, 0x0, 0x0, 0x0, 0x0,
    0x0, 0xf, 0xff, 0xa0, 0xf, 0xff, 0xa0, 0x0,
    0x0, 0x0, 0x0, 0x0, 0xdf, 0xfc, 0x0, 0xff,
    0xf9, 0x0, 0x0, 0x0, 0x4, 0x0, 0xc, 0xff,
    0xd0, 0xf, 0xff, 0xa0, 0x0, 0x0, 0x8, 0xf7,
    0x0, 0xdf, 0xfc, 0x0, 0xdf, 0xfd, 0x0, 0x0,
    0x6, 0xff, 0xf7, 0xf, 0xff, 0xa0, 0x8, 0xff,
    0xf3, 0x0, 0x0, 0xc, 0xff, 0xfc, 0xff, 0xf6,
    0x0, 0x2f, 0xff, 0xc0, 0x0, 0x0, 0xc, 0xff,
    0xff, 0xff, 0x0, 0x0, 0xaf, 0xff, 0xc1, 0x0,
    0x0, 0xd, 0xff, 0xff, 0x70, 0x0, 0x1, 0xdf,
    0xff, 0xfa, 0x65, 0x7b, 0xff, 0xff, 0xf7, 0x0,
    0x0, 0x2, 0xdf, 0xff, 0xff, 0xff, 0xff, 0xff,
    0xff, 0xf7, 0x0, 0x0, 0x1, 0x9f, 0xff, 0xff,
    0xff, 0xff, 0x8c, 0xff, 0xf7, 0x0, 0x0, 0x0,
    0x28, 0xcf, 0xfe, 0xc7, 0x10, 0x1d, 0xff, 0x40,
    0x0, 0x0, 0x0, 0x0, 0x0, 0x0, 0x0, 0x0,
    0x1c, 0x40, 0x0, 0x0, 0x0, 0x0, 0x0, 0x0,
    0x0, 0x0, 0x0, 0x0, 0x0,

    /* U+0052 "R" */
    0x2f, 0xff, 0xff, 0xff, 0xfd, 0x81, 0x0, 0x0,
    0x2f, 0xff, 0xff, 0xff, 0xff, 0xff, 0x40, 0x0,
    0x2f, 0xff, 0xfe, 0xee, 0xff, 0xff, 0xf2, 0x0,
    0x2f, 0xff, 0x60, 0x0, 0x8, 0xff, 0xf9, 0x0,
    0x2f, 0xff, 0x60, 0x0, 0x0, 0xcf, 0xfd, 0x0,
    0x2f, 0xff, 0x60, 0x0, 0x0, 0x9f, 0xff, 0x0,
    0x2f, 0xff, 0x60, 0x0, 0x0, 0xbf, 0xfd, 0x0,
    0x2f, 0xff, 0x60, 0x0, 0x5, 0xff, 0xf9, 0x0,
    0x2f, 0xff, 0xec, 0xcc, 0xef, 0xff, 0xf2, 0x0,
    0x2f, 0xff, 0xff, 0xff, 0xff, 0xff, 0x40, 0x0,
    0x2f, 0xff, 0xff, 0xff, 0xfd, 0x91, 0x0, 0x0,
    0x2f, 0xff, 0x69, 0xff, 0xf7, 0x0, 0x0, 0x0,
    0x2f, 0xff, 0x60, 0xdf, 0xff, 0x30, 0x0, 0x0,
    0x2f, 0xff, 0x60, 0x2f, 0xff, 0xe1, 0x0, 0x0,
    0x2f, 0xff, 0x60, 0x6, 0xff, 0xfb, 0x0, 0x0,
    0x2f, 0xff, 0x60, 0x0, 0xbf, 0xff, 0x70, 0x0,
    0x2f, 0xff, 0x60, 0x0, 0x1e, 0xff, 0xf4, 0x0,
    0x2f, 0xff, 0x60, 0x0, 0x3, 0xff, 0xfe, 0x10,
    0x2f, 0xff, 0x60, 0x0, 0x0, 0x8f, 0xff, 0xc0,

    /* U+0053 "S" */
    0x0, 0x0, 0x3a, 0xef, 0xfd, 0x93, 0x0, 0x0,
    0x9, 0xff, 0xff, 0xff, 0xff, 0x90, 0x0, 0x7f,
    0xff, 0xff, 0xff, 0xff, 0xf8, 0x0, 0xff, 0xfe,
    0x63, 0x38, 0xff, 0xc0, 0x3, 0xff, 0xf5, 0x0,
    0x0, 0x2a, 0x0, 0x4, 0xff, 0xf5, 0x0, 0x0,
    0x0, 0x0, 0x2, 0xff, 0xfd, 0x20, 0x0, 0x0,
    0x0, 0x0, 0xdf, 0xff, 0xfb, 0x50, 0x0, 0x0,
    0x0, 0x4f, 0xff, 0xff, 0xfe, 0x81, 0x0, 0x0,
    0x3, 0xdf, 0xff, 0xff, 0xfe, 0x40, 0x0, 0x0,
    0x4, 0xaf, 0xff, 0xff, 0xf2, 0x0, 0x0, 0x0,
    0x1, 0x7e, 0xff, 0xf9, 0x0, 0x0, 0x0, 0x0,
    0x2, 0xff, 0xfd, 0x0, 0x10, 0x0, 0x0, 0x0,
    0xaf, 0xfe, 0x2, 0xeb, 0x0, 0x0, 0x0, 0xcf,
    0xfc, 0x2e, 0xff, 0xd7, 0x32, 0x4b, 0xff, 0xf8,
    0x1d, 0xff, 0xff, 0xff, 0xff, 0xff, 0xe1, 0x1,
    0xbf, 0xff, 0xff, 0xff, 0xfe, 0x30, 0x0, 0x4,
    0xad, 0xff, 0xeb, 0x60, 0x0,

    /* U+0054 "T" */
    0x6f, 0xff, 0xff, 0xff, 0xff, 0xff, 0xff, 0xfc,
    0x6f, 0xff, 0xff, 0xff, 0xff, 0xff, 0xff, 0xfc,
    0x6f, 0xff, 0xff, 0xff, 0xff, 0xff, 0xff, 0xfc,
    0x13, 0x33, 0x33, 0xbf, 0xff, 0x33, 0x33, 0x32,
    0x0, 0x0, 0x0, 0x9f, 0xff, 0x0, 0x0, 0x0,
    0x0, 0x0, 0x0, 0x9f, 0xff, 0x0, 0x0, 0x0,
    0x0, 0x0, 0x0, 0x9f, 0xff, 0x0, 0x0, 0x0,
    0x0, 0x0, 0x0, 0x9f, 0xff, 0x0, 0x0, 0x0,
    0x0, 0x0, 0x0, 0x9f, 0xff, 0x0, 0x0, 0x0,
    0x0, 0x0, 0x0, 0x9f, 0xff, 0x0, 0x0, 0x0,
    0x0, 0x0, 0x0, 0x9f, 0xff, 0x0, 0x0, 0x0,
    0x0, 0x0, 0x0, 0x9f, 0xff, 0x0, 0x0, 0x0,
    0x0, 0x0, 0x0, 0x9f, 0xff, 0x0, 0x0, 0x0,
    0x0, 0x0, 0x0, 0x9f, 0xff, 0x0, 0x0, 0x0,
    0x0, 0x0, 0x0, 0x9f, 0xff, 0x0, 0x0, 0x0,
    0x0, 0x0, 0x0, 0x9f, 0xff, 0x0, 0x0, 0x0,
    0x0, 0x0, 0x0, 0x9f, 0xff, 0x0, 0x0, 0x0,
    0x0, 0x0, 0x0, 0x9f, 0xff, 0x0, 0x0, 0x0,
    0x0, 0x0, 0x0, 0x9f, 0xff, 0x0, 0x0, 0x0,

    /* U+0055 "U" */
    0x5f, 0xff, 0x20, 0x0, 0x0, 0x1, 0xff, 0xf7,
    0x5f, 0xff, 0x20, 0x0, 0x0, 0x1, 0xff, 0xf7,
    0x5f, 0xff, 0x20, 0x0, 0x0, 0x1, 0xff, 0xf7,
    0x5f, 0xff, 0x20, 0x0, 0x0, 0x1, 0xff, 0xf7,
    0x5f, 0xff, 0x20, 0x0, 0x0, 0x1, 0xff, 0xf7,
    0x5f, 0xff, 0x20, 0x0, 0x0, 0x1, 0xff, 0xf7,
    0x5f, 0xff, 0x20, 0x0, 0x0, 0x1, 0xff, 0xf7,
    0x5f, 0xff, 0x20, 0x0, 0x0, 0x1, 0xff, 0xf7,
    0x5f, 0xff, 0x20, 0x0, 0x0, 0x1, 0xff, 0xf7,
    0x5f, 0xff, 0x20, 0x0, 0x0, 0x1, 0xff, 0xf7,
    0x5f, 0xff, 0x20, 0x0, 0x0, 0x1, 0xff, 0xf7,
    0x5f, 0xff, 0x20, 0x0, 0x0, 0x1, 0xff, 0xf7,
    0x4f, 0xff, 0x40, 0x0, 0x0, 0x2, 0xff, 0xf6,
    0x1f, 0xff, 0x90, 0x0, 0x0, 0x7, 0xff, 0xf3,
    0xc, 0xff, 0xf4, 0x0, 0x0, 0x3f, 0xff, 0xe0,
    0x4, 0xff, 0xff, 0xa5, 0x59, 0xff, 0xff, 0x60,
    0x0, 0x9f, 0xff, 0xff, 0xff, 0xff, 0xfb, 0x0,
    0x0, 0x8, 0xff, 0xff, 0xff, 0xff, 0x90, 0x0,
    0x0, 0x0, 0x29, 0xdf, 0xfd, 0xa3, 0x0, 0x0,

    /* U+0056 "V" */
    0x4f, 0xff, 0x80, 0x0, 0x0, 0x0, 0x2, 0xff,
    0xf9, 0xe, 0xff, 0xe0, 0x0, 0x0, 0x0, 0x8,
    0xff, 0xf3, 0x8, 0xff, 0xf4, 0x0, 0x0, 0x0,
    0xd, 0xff, 0xd0, 0x2, 0xff, 0xf9, 0x0, 0x0,
    0x0, 0x3f, 0xff, 0x70, 0x0, 0xcf, 0xff, 0x0,
    0x0, 0x0, 0x9f, 0xff, 0x10, 0x0, 0x6f, 0xff,
    0x50, 0x0, 0x0, 0xff, 0xfb, 0x0, 0x0, 0xf,
    0xff, 0xb0, 0x0, 0x5, 0xff, 0xf5, 0x0, 0x0,
    0xa, 0xff, 0xf1, 0x0, 0xb, 0xff, 0xe0, 0x0,
    0x0, 0x4, 0xff, 0xf6, 0x0, 0x1f, 0xff, 0x80,
    0x0, 0x0, 0x0, 0xef, 0xfc, 0x0, 0x6f, 0xff,
    0x20, 0x0, 0x0, 0x0, 0x8f, 0xff, 0x20, 0xcf,
    0xfc, 0x0, 0x0, 0x0, 0x0, 0x2f, 0xff, 0x82,
    0xff, 0xf6, 0x0, 0x0, 0x0, 0x0, 0xc, 0xff,
    0xd8, 0xff, 0xf0, 0x0, 0x0, 0x0, 0x0, 0x5,
    0xff, 0xff, 0xff, 0xa0, 0x0, 0x0, 0x0, 0x0,
    0x0, 0xff, 0xff, 0xff, 0x40, 0x0, 0x0, 0x0,
    0x0, 0x0, 0x9f, 0xff, 0xfd, 0x0, 0x0, 0x0,
    0x0, 0x0, 0x0, 0x3f, 0xff, 0xf7, 0x0, 0x0,
    0x0, 0x0, 0x0, 0x0, 0xd, 0xff, 0xf1, 0x0,
    0x0, 0x0, 0x0, 0x0, 0x0, 0x7, 0xff, 0xb0,
    0x0, 0x0, 0x0,

    /* U+0057 "W" */
    0x4f, 0xff, 0x30, 0x0, 0x0, 0x8, 0xff, 0x50,
    0x0, 0x0, 0x6, 0xff, 0xf1, 0xf, 0xff, 0x80,
    0x0, 0x0, 0xd, 0xff, 0xa0, 0x0, 0x0, 0xb,
    0xff, 0xc0, 0xa, 0xff, 0xd0, 0x0, 0x0, 0x2f,
    0xff, 0xf0, 0x0, 0x0, 0xf, 0xff, 0x70, 0x5,
    0xff, 0xf1, 0x0, 0x0, 0x7f, 0xff, 0xf4, 0x0,
    0x0, 0x4f, 0xff, 0x20, 0x0, 0xff, 0xf6, 0x0,
    0x0, 0xbf, 0xff, 0xf8, 0x0, 0x0, 0x9f, 0xfd,
    0x0, 0x0, 0xbf, 0xfb, 0x0, 0x0, 0xff, 0xff,
    0xfd, 0x0, 0x0, 0xef, 0xf8, 0x0, 0x0, 0x6f,
    0xff, 0x0, 0x5, 0xff, 0xef, 0xff, 0x20, 0x3,
    0xff, 0xf3, 0x0, 0x0, 0x1f, 0xff, 0x50, 0x9,
    0xff, 0x8c, 0xff, 0x60, 0x8, 0xff, 0xe0, 0x0,
    0x0, 0xc, 0xff, 0x90, 0xe, 0xff, 0x47, 0xff,
    0xb0, 0xc, 0xff, 0x90, 0x0, 0x0, 0x7, 0xff,
    0xe0, 0x3f, 0xff, 0x2, 0xff, 0xf0, 0x1f, 0xff,
    0x40, 0x0, 0x0, 0x2, 0xff, 0xf3, 0x8f, 0xfa,
    0x0, 0xdf, 0xf5, 0x6f, 0xff, 0x0, 0x0, 0x0,
    0x0, 0xdf, 0xf8, 0xcf, 0xf6, 0x0, 0x9f, 0xf9,
    0xbf, 0xfa, 0x0, 0x0, 0x0, 0x0, 0x8f, 0xfe,
    0xff, 0xf1, 0x0, 0x4f, 0xfe, 0xff, 0xf5, 0x0,
    0x0, 0x0, 0x0, 0x3f, 0xff, 0xff, 0xc0, 0x0,
    0xf, 0xff, 0xff, 0xf0, 0x0, 0x0, 0x0, 0x0,
    0xe, 0xff, 0xff, 0x70, 0x0, 0xa, 0xff, 0xff,
    0xb0, 0x0, 0x0, 0x0, 0x0, 0x9, 0xff, 0xff,
    0x30, 0x0, 0x5, 0xff, 0xff, 0x60, 0x0, 0x0,
    0x0, 0x0, 0x4, 0xff, 0xfe, 0x0, 0x0, 0x1,
    0xff, 0xff, 0x10, 0x0, 0x0, 0x0, 0x0, 0x0,
    0xff, 0xf9, 0x0, 0x0, 0x0, 0xcf, 0xfc, 0x0,
    0x0, 0x0, 0x0, 0x0, 0x0, 0xaf, 0xf4, 0x0,
    0x0, 0x0, 0x7f, 0xf7, 0x0, 0x0, 0x0,

    /* U+0058 "X" */
    0xd, 0xff, 0xf5, 0x0, 0x0, 0x0, 0xc, 0xff,
    0xf3, 0x2, 0xff, 0xfe, 0x10, 0x0, 0x0, 0x6f,
    0xff, 0x80, 0x0, 0x7f, 0xff, 0xa0, 0x0, 0x1,
    0xff, 0xfd, 0x0, 0x0, 0xc, 0xff, 0xf5, 0x0,
    0xa, 0xff, 0xf3, 0x0, 0x0, 0x2, 0xff, 0xfe,
    0x10, 0x5f, 0xff, 0x90, 0x0, 0x0, 0x0, 0x7f,
    0xff, 0x90, 0xef, 0xfd, 0x0, 0x0, 0x0, 0x0,
    0xc, 0xff, 0xfc, 0xff, 0xf3, 0x0, 0x0, 0x0,
    0x0, 0x2, 0xff, 0xff, 0xff, 0x90, 0x0, 0x0,
    0x0, 0x0, 0x0, 0x6f, 0xff, 0xfd, 0x0, 0x0,
    0x0, 0x0, 0x0, 0x0, 0x2f, 0xff, 0xfb, 0x0,
    0x0, 0x0, 0x0, 0x0, 0x0, 0xcf, 0xff, 0xff,
    0x60, 0x0, 0x0, 0x0, 0x0, 0x6, 0xff, 0xff,
    0xff, 0xf1, 0x0, 0x0, 0x0, 0x0, 0x2f, 0xff,
    0xc5, 0xff, 0xfa, 0x0, 0x0, 0x0, 0x0, 0xcf,
    0xff, 0x20, 0xbf, 0xff, 0x50, 0x0, 0x0, 0x7,
    0xff, 0xf7, 0x0, 0x1f, 0xff, 0xe1, 0x0, 0x0,
    0x2f, 0xff, 0xc0, 0x0, 0x7, 0xff, 0xf9, 0x0,
    0x0, 0xcf, 0xff, 0x20, 0x0, 0x0, 0xdf, 0xff,
    0x40, 0x7, 0xff, 0xf8, 0x0, 0x0, 0x0, 0x3f,
    0xff, 0xd0, 0x2f, 0xff, 0xd0, 0x0, 0x0, 0x0,
    0x9, 0xff, 0xf8,

    /* U+0059 "Y" */
    0x3f, 0xff, 0xd0, 0x0, 0x0, 0x0, 0x2f, 0xff,
    0xe0, 0xa, 0xff, 0xf6, 0x0, 0x0, 0x0, 0xaf,
    0xff, 0x50, 0x1, 0xff, 0xfe, 0x0, 0x0, 0x3,
    0xff, 0xfb, 0x0, 0x0, 0x7f, 0xff, 0x80, 0x0,
    0xc, 0xff, 0xf2, 0x0, 0x0, 0xd, 0xff, 0xf2,
    0x0, 0x5f, 0xff, 0x80, 0x0, 0x0, 0x4, 0xff,
    0xfa, 0x0, 0xef, 0xfe, 0x0, 0x0, 0x0, 0x0,
    0xaf, 0xff, 0x38, 0xff, 0xf5, 0x0, 0x0, 0x0,
    0x0, 0x1f, 0xff, 0xdf, 0xff, 0xb0, 0x0, 0x0,
    0x0, 0x0, 0x7, 0xff, 0xff, 0xff, 0x20, 0x0,
    0x0, 0x0, 0x0, 0x0, 0xdf, 0xff, 0xf8, 0x0,
    0x0, 0x0, 0x0, 0x0, 0x0, 0x4f, 0xff, 0xe0,
    0x0, 0x0, 0x0, 0x0, 0x0, 0x0, 0xf, 0xff,
    0xa0, 0x0, 0x0, 0x0, 0x0, 0x0, 0x0, 0xe,
    0xff, 0xa0, 0x0, 0x0, 0x0, 0x0, 0x0, 0x0,
    0xe, 0xff, 0xa0, 0x0, 0x0, 0x0, 0x0, 0x0,
    0x0, 0xe, 0xff, 0xa0, 0x0, 0x0, 0x0, 0x0,
    0x0, 0x0, 0xe, 0xff, 0xa0, 0x0, 0x0, 0x0,
    0x0, 0x0, 0x0, 0xe, 0xff, 0xa0, 0x0, 0x0,
    0x0, 0x0, 0x0, 0x0, 0xe, 0xff, 0xa0, 0x0,
    0x0, 0x0, 0x0, 0x0, 0x0, 0xe, 0xff, 0xa0,
    0x0, 0x0, 0x0,

    /* U+005A "Z" */
    0xa, 0xff, 0xff, 0xff, 0xff, 0xff, 0xff, 0xa0,
    0xaf, 0xff, 0xff, 0xff, 0xff, 0xff, 0xfa, 0xa,
    0xff, 0xff, 0xff, 0xff, 0xff, 0xff, 0x80, 0x12,
    0x22, 0x22, 0x22, 0x6f, 0xff, 0xe1, 0x0, 0x0,
    0x0, 0x0, 0x1e, 0xff, 0xf4, 0x0, 0x0, 0x0,
    0x0, 0xa, 0xff, 0xf9, 0x0, 0x0, 0x0, 0x0,
    0x5, 0xff, 0xfd, 0x0, 0x0, 0x0, 0x0, 0x1,
    0xef, 0xff, 0x30, 0x0, 0x0, 0x0, 0x0, 0xbf,
    0xff, 0x80, 0x0, 0x0, 0x0, 0x0, 0x6f, 0xff,
    0xd0, 0x0, 0x0, 0x0, 0x0, 0x1f, 0xff, 0xf2,
    0x0, 0x0, 0x0, 0x0, 0xb, 0xff, 0xf7, 0x0,
    0x0, 0x0, 0x0, 0x6, 0xff, 0xfc, 0x0, 0x0,
    0x0, 0x0, 0x2, 0xff, 0xff, 0x20, 0x0, 0x0,
    0x0, 0x0, 0xcf, 0xff, 0x60, 0x0, 0x0, 0x0,
    0x0, 0x7f, 0xff, 0xd2, 0x22, 0x22, 0x22, 0x21,
    0x1f, 0xff, 0xff, 0xff, 0xff, 0xff, 0xff, 0x72,
    0xff, 0xff, 0xff, 0xff, 0xff, 0xff, 0xf7, 0x2f,
    0xff, 0xff, 0xff, 0xff, 0xff, 0xff, 0x70,

    /* U+005B "[" */
    0x3f, 0xff, 0xff, 0xf2, 0x3f, 0xff, 0xff, 0xf2,
    0x3f, 0xfd, 0x99, 0x91, 0x3f, 0xf9, 0x0, 0x0,
    0x3f, 0xf9, 0x0, 0x0, 0x3f, 0xf9, 0x0, 0x0,
    0x3f, 0xf9, 0x0, 0x0, 0x3f, 0xf9, 0x0, 0x0,
    0x3f, 0xf9, 0x0, 0x0, 0x3f, 0xf9, 0x0, 0x0,
    0x3f, 0xf9, 0x0, 0x0, 0x3f, 0xf9, 0x0, 0x0,
    0x3f, 0xf9, 0x0, 0x0, 0x3f, 0xf9, 0x0, 0x0,
    0x3f, 0xf9, 0x0, 0x0, 0x3f, 0xf9, 0x0, 0x0,
    0x3f, 0xf9, 0x0, 0x0, 0x3f, 0xf9, 0x0, 0x0,
    0x3f, 0xf9, 0x0, 0x0, 0x3f, 0xff, 0xff, 0xf2,
    0x3f, 0xff, 0xff, 0xf2, 0x2a, 0xbb, 0xaa, 0xa1,

    /* U+005C "\\" */
    0xaf, 0xf6, 0x0, 0x0, 0x0, 0x5, 0xff, 0xb0,
    0x0, 0x0, 0x0, 0xf, 0xff, 0x0, 0x0, 0x0,
    0x0, 0xbf, 0xf5, 0x0, 0x0, 0x0, 0x6, 0xff,
    0xa0, 0x0, 0x0, 0x0, 0x1f, 0xff, 0x0, 0x0,
    0x0, 0x0, 0xbf, 0xf5, 0x0, 0x0, 0x0, 0x6,
    0xff, 0xa0, 0x0, 0x0, 0x0, 0x1f, 0xff, 0x0,
    0x0, 0x0, 0x0, 0xbf, 0xf5, 0x0, 0x0, 0x0,
    0x6, 0xff, 0xa0, 0x0, 0x0, 0x0, 0x1f, 0xff,
    0x0, 0x0, 0x0, 0x0, 0xcf, 0xf4, 0x0, 0x0,
    0x0, 0x7, 0xff, 0x90, 0x0, 0x0, 0x0, 0x1f,
    0xfe, 0x0, 0x0, 0x0, 0x0, 0xcf, 0xf4, 0x0,
    0x0, 0x0, 0x7, 0xff, 0x90, 0x0, 0x0, 0x0,
    0x2f, 0xfe, 0x0, 0x0, 0x0, 0x0, 0xdf, 0xf3,
    0x0, 0x0, 0x0, 0x7, 0xff, 0x90, 0x0, 0x0,
    0x0, 0x2f, 0xfe, 0x0,

    /* U+005D "]" */
    0x2f, 0xff, 0xff, 0xf2, 0x2f, 0xff, 0xff, 0xf2,
    0x19, 0x99, 0xdf, 0xf2, 0x0, 0x0, 0xaf, 0xf2,
    0x0, 0x0, 0xaf, 0xf2, 0x0, 0x0, 0xaf, 0xf2,
    0x0, 0x0, 0xaf, 0xf2, 0x0, 0x0, 0xaf, 0xf2,
    0x0, 0x0, 0xaf, 0xf2, 0x0, 0x0, 0xaf, 0xf2,
    0x0, 0x0, 0xaf, 0xf2, 0x0, 0x0, 0xaf, 0xf2,
    0x0, 0x0, 0xaf, 0xf2, 0x0, 0x0, 0xaf, 0xf2,
    0x0, 0x0, 0xaf, 0xf2, 0x0, 0x0, 0xaf, 0xf2,
    0x0, 0x0, 0xaf, 0xf2, 0x0, 0x0, 0xaf, 0xf2,
    0x0, 0x0, 0xaf, 0xf2, 0x2f, 0xff, 0xff, 0xf2,
    0x2f, 0xff, 0xff, 0xf2, 0x1a, 0xaa, 0xbb, 0xa1,

    /* U+005E "^" */
    0x0, 0x6, 0xff, 0x40, 0x0, 0x0, 0xe, 0xff,
    0xd0, 0x0, 0x0, 0x7f, 0xff, 0xf6, 0x0, 0x1,
    0xff, 0x9a, 0xfe, 0x0, 0x9, 0xff, 0x12, 0xff,
    0x80, 0x2f, 0xf8, 0x0, 0x9f, 0xf1, 0xbf, 0xf1,
    0x0, 0x1f, 0xf9,

    /* U+005F "_" */
    0xdd, 0xdd, 0xdd, 0xdd, 0xdd, 0xdd, 0xaf, 0xff,
    0xff, 0xff, 0xff, 0xff, 0xfd, 0xff, 0xff, 0xff,
    0xff, 0xff, 0xff, 0xd0,

    /* U+0060 "`" */
    0x2, 0x90, 0x0, 0x1d, 0xf9, 0x0, 0xaf, 0xff,
    0x70, 0x1b, 0xff, 0xf6, 0x0, 0x5e, 0xfa, 0x0,
    0x1, 0x90,

    /* U+0061 "a" */
    0x0, 0x1, 0x8d, 0xff, 0xb4, 0x9f, 0xfc, 0x0,
    0x3e, 0xff, 0xff, 0xff, 0xef, 0xfc, 0x1, 0xff,
    0xff, 0xff, 0xff, 0xff, 0xfc, 0xa, 0xff, 0xfc,
    0x43, 0x5d, 0xff, 0xfc, 0xf, 0xff, 0xc0, 0x0,
    0x1, 0xef, 0xfc, 0x3f, 0xff, 0x50, 0x0, 0x0,
    0x8f, 0xfc, 0x4f, 0xff, 0x30, 0x0, 0x0, 0x7f,
    0xfc, 0x3f, 0xff, 0x50, 0x0, 0x0, 0x9f, 0xfc,
    0xf, 0xff, 0xc0, 0x0, 0x1, 0xef, 0xfc, 0xa,
    0xff, 0xfc, 0x53, 0x6e, 0xff, 0xfc, 0x1, 0xff,
    0xff, 0xff, 0xff, 0xff, 0xfc, 0x0, 0x3e, 0xff,
    0xff, 0xff, 0xef, 0xfc, 0x0, 0x1, 0x8d, 0xff,
    0xb3, 0x9f, 0xfc,

    /* U+0062 "b" */
    0x7f, 0xfe, 0x0, 0x0, 0x0, 0x0, 0x0, 0x7f,
    0xfe, 0x0, 0x0, 0x0, 0x0, 0x0, 0x7f, 0xfe,
    0x0, 0x0, 0x0, 0x0, 0x0, 0x7f, 0xfe, 0x0,
    0x0, 0x0, 0x0, 0x0, 0x7f, 0xfe, 0x0, 0x0,
    0x0, 0x0, 0x0, 0x7f, 0xfe, 0x0, 0x0, 0x0,
    0x0, 0x0, 0x7f, 0xfe, 0x2a, 0xef, 0xea, 0x30,
    0x0, 0x7f, 0xff, 0xff, 0xff, 0xff, 0xf6, 0x0,
    0x7f, 0xff, 0xff, 0xff, 0xff, 0xff, 0x50, 0x7f,
    0xff, 0xf7, 0x33, 0x9f, 0xff, 0xe0, 0x7f, 0xff,
    0x40, 0x0, 0x8, 0xff, 0xf4, 0x7f, 0xfd, 0x0,
    0x0, 0x1, 0xff, 0xf7, 0x7f, 0xfb, 0x0, 0x0,
    0x0, 0xef, 0xf8, 0x7f, 0xfd, 0x0, 0x0, 0x1,
    0xff, 0xf7, 0x7f, 0xff, 0x40, 0x0, 0x8, 0xff,
    0xf4, 0x7f, 0xff, 0xf8, 0x34, 0x9f, 0xff, 0xe0,
    0x7f, 0xff, 0xff, 0xff, 0xff, 0xff, 0x50, 0x7f,
    0xff, 0xff, 0xff, 0xff, 0xf6, 0x0, 0x7f, 0xfe,
    0x2a, 0xef, 0xea, 0x30, 0x0,

    /* U+0063 "c" */
    0x0, 0x0, 0x6b, 0xef, 0xea, 0x40, 0x0, 0x1,
    0xcf, 0xff, 0xff, 0xff, 0xa0, 0x1, 0xdf, 0xff,
    0xff, 0xff, 0xfd, 0x10, 0x9f, 0xff, 0xd5, 0x46,
    0xcd, 0x10, 0xf, 0xff, 0xc0, 0x0, 0x0, 0x10,
    0x3, 0xff, 0xf4, 0x0, 0x0, 0x0, 0x0, 0x5f,
    0xff, 0x20, 0x0, 0x0, 0x0, 0x4, 0xff, 0xf4,
    0x0, 0x0, 0x0, 0x0, 0xf, 0xff, 0xc0, 0x0,
    0x0, 0x10, 0x0, 0x9f, 0xff, 0xc5, 0x35, 0xce,
    0x20, 0x1, 0xef, 0xff, 0xff, 0xff, 0xfe, 0x10,
    0x2, 0xdf, 0xff, 0xff, 0xff, 0xa0, 0x0, 0x0,
    0x6b, 0xef, 0xeb, 0x40, 0x0,

    /* U+0064 "d" */
    0x0, 0x0, 0x0, 0x0, 0x0, 0xaf, 0xfc, 0x0,
    0x0, 0x0, 0x0, 0x0, 0xaf, 0xfc, 0x0, 0x0,
    0x0, 0x0, 0x0, 0xaf, 0xfc, 0x0, 0x0, 0x0,
    0x0, 0x0, 0xaf, 0xfc, 0x0, 0x0, 0x0, 0x0,
    0x0, 0xaf, 0xfc, 0x0, 0x0, 0x0, 0x0, 0x0,
    0xaf, 0xfc, 0x0, 0x1, 0x8d, 0xff, 0xb4, 0xaf,
    0xfc, 0x0, 0x3e, 0xff, 0xff, 0xff, 0xff, 0xfc,
    0x1, 0xef, 0xff, 0xff, 0xff, 0xff, 0xfc, 0x9,
    0xff, 0xfc, 0x43, 0x5d, 0xff, 0xfc, 0xf, 0xff,
    0xc0, 0x0, 0x1, 0xef, 0xfc, 0x3f, 0xff, 0x50,
    0x0, 0x0, 0x8f, 0xfc, 0x4f, 0xff, 0x30, 0x0,
    0x0, 0x6f, 0xfc, 0x3f, 0xff, 0x50, 0x0, 0x0,
    0x9f, 0xfc, 0xf, 0xff, 0xc0, 0x0, 0x1, 0xef,
    0xfc, 0x9, 0xff, 0xfc, 0x53, 0x6d, 0xff, 0xfc,
    0x1, 0xef, 0xff, 0xff, 0xff, 0xff, 0xfc, 0x0,
    0x3e, 0xff, 0xff, 0xff, 0xef, 0xfc, 0x0, 0x1,
    0x8d, 0xff, 0xb4, 0x9f, 0xfc,

    /* U+0065 "e" */
    0x0, 0x0, 0x6c, 0xff, 0xea, 0x20, 0x0, 0x0,
    0x2d, 0xff, 0xff, 0xff, 0xf7, 0x0, 0x1, 0xef,
    0xff, 0xfe, 0xff, 0xff, 0x50, 0x9, 0xff, 0xf5,
    0x0, 0x1b, 0xff, 0xe0, 0xf, 0xff, 0x60, 0x0,
    0x1, 0xff, 0xf4, 0x3f, 0xff, 0xff, 0xff, 0xff,
    0xff, 0xf6, 0x5f, 0xff, 0xff, 0xff, 0xff, 0xff,
    0xf7, 0x3f, 0xff, 0xa9, 0x99, 0x99, 0x99, 0x93,
    0xf, 0xff, 0x70, 0x0, 0x0, 0x0, 0x0, 0x9,
    0xff, 0xf6, 0x0, 0x6, 0xe4, 0x0, 0x1, 0xef,
    0xff, 0xfe, 0xff, 0xff, 0x40, 0x0, 0x2d, 0xff,
    0xff, 0xff, 0xfc, 0x10, 0x0, 0x0, 0x6b, 0xef,
    0xeb, 0x50, 0x0,

    /* U+0066 "f" */
    0x0, 0x0, 0x3, 0xae, 0xfe, 0x91, 0x0, 0x0,
    0x6, 0xff, 0xff, 0xff, 0xe0, 0x0, 0x2, 0xff,
    0xff, 0xff, 0xf4, 0x0, 0x0, 0x9f, 0xff, 0x73,
    0x64, 0x0, 0x0, 0xc, 0xff, 0xa0, 0x0, 0x0,
    0x0, 0x0, 0xdf, 0xf9, 0x0, 0x0, 0x0, 0xbf,
    0xff, 0xff, 0xff, 0xff, 0x40, 0xb, 0xff, 0xff,
    0xff, 0xff, 0xf4, 0x0, 0xbf, 0xff, 0xff, 0xff,
    0xff, 0x40, 0x0, 0x0, 0xdf, 0xf9, 0x0, 0x0,
    0x0, 0x0, 0xd, 0xff, 0x90, 0x0, 0x0, 0x0,
    0x0, 0xdf, 0xf9, 0x0, 0x0, 0x0, 0x0, 0xd,
    0xff, 0x90, 0x0, 0x0, 0x0, 0x0, 0xdf, 0xf9,
    0x0, 0x0, 0x0, 0x0, 0xd, 0xff, 0x90, 0x0,
    0x0, 0x0, 0x0, 0xdf, 0xf9, 0x0, 0x0, 0x0,
    0x0, 0xd, 0xff, 0x90, 0x0, 0x0, 0x0, 0x0,
    0xdf, 0xf9, 0x0, 0x0, 0x0, 0x0, 0xd, 0xff,
    0x90, 0x0, 0x0, 0x0,

    /* U+0067 "g" */
    0x0, 0x2, 0x9e, 0xfe, 0xa3, 0xdf, 0xf9, 0x0,
    0x4f, 0xff, 0xff, 0xff, 0xff, 0xf9, 0x2, 0xff,
    0xff, 0xff, 0xff, 0xff, 0xf9, 0xb, 0xff, 0xfa,
    0x32, 0x6e, 0xff, 0xf9, 0x1f, 0xff, 0xb0, 0x0,
    0x3, 0xff, 0xf9, 0x4f, 0xff, 0x40, 0x0, 0x0,
    0xcf, 0xf9, 0x5f, 0xff, 0x20, 0x0, 0x0, 0xaf,
    0xf9, 0x4f, 0xff, 0x40, 0x0, 0x0, 0xcf, 0xf9,
    0x1f, 0xff, 0xb0, 0x0, 0x3, 0xff, 0xf9, 0xb,
    0xff, 0xfb, 0x32, 0x6e, 0xff, 0xf9, 0x2, 0xff,
    0xff, 0xff, 0xff, 0xff, 0xf9, 0x0, 0x4f, 0xff,
    0xff, 0xff, 0xff, 0xf9, 0x0, 0x2, 0x9e, 0xfe,
    0xa3, 0xdf, 0xf8, 0x0, 0x10, 0x0, 0x0, 0x3,
    0xff, 0xf5, 0x4, 0xee, 0x74, 0x23, 0x7e, 0xff,
    0xf0, 0xe, 0xff, 0xff, 0xff, 0xff, 0xff, 0x60,
    0x2, 0xdf, 0xff, 0xff, 0xff, 0xf6, 0x0, 0x0,
    0x6, 0xbe, 0xff, 0xd8, 0x20, 0x0,

    /* U+0068 "h" */
    0x7f, 0xfe, 0x0, 0x0, 0x0, 0x0, 0x7, 0xff,
    0xe0, 0x0, 0x0, 0x0, 0x0, 0x7f, 0xfe, 0x0,
    0x0, 0x0, 0x0, 0x7, 0xff, 0xe0, 0x0, 0x0,
    0x0, 0x0, 0x7f, 0xfe, 0x0, 0x0, 0x0, 0x0,
    0x7, 0xff, 0xe0, 0x0, 0x0, 0x0, 0x0, 0x7f,
    0xfe, 0x19, 0xef, 0xe9, 0x10, 0x7, 0xff, 0xfe,
    0xff, 0xff, 0xfe, 0x20, 0x7f, 0xff, 0xff, 0xff,
    0xff, 0xfc, 0x7, 0xff, 0xfd, 0x42, 0x5e, 0xff,
    0xf2, 0x7f, 0xff, 0x20, 0x0, 0x5f, 0xff, 0x57,
    0xff, 0xf0, 0x0, 0x1, 0xff, 0xf5, 0x7f, 0xfe,
    0x0, 0x0, 0xf, 0xff, 0x57, 0xff, 0xe0, 0x0,
    0x0, 0xff, 0xf5, 0x7f, 0xfe, 0x0, 0x0, 0xf,
    0xff, 0x57, 0xff, 0xe0, 0x0, 0x0, 0xff, 0xf5,
    0x7f, 0xfe, 0x0, 0x0, 0xf, 0xff, 0x57, 0xff,
    0xe0, 0x0, 0x0, 0xff, 0xf5, 0x7f, 0xfe, 0x0,
    0x0, 0xf, 0xff, 0x50,

    /* U+0069 "i" */
    0x2d, 0xf7, 0x9, 0xff, 0xf1, 0x9f, 0xff, 0x12,
    0xce, 0x70, 0x0, 0x0, 0x0, 0x0, 0x0, 0x7f,
    0xff, 0x7, 0xff, 0xf0, 0x7f, 0xff, 0x7, 0xff,
    0xf0, 0x7f, 0xff, 0x7, 0xff, 0xf0, 0x7f, 0xff,
    0x7, 0xff, 0xf0, 0x7f, 0xff, 0x7, 0xff, 0xf0,
    0x7f, 0xff, 0x7, 0xff, 0xf0, 0x7f, 0xff, 0x0,

    /* U+006A "j" */
    0x0, 0x0, 0x0, 0xaf, 0xb0, 0x0, 0x0, 0x4,
    0xff, 0xf6, 0x0, 0x0, 0x4, 0xff, 0xf5, 0x0,
    0x0, 0x0, 0xae, 0xa0, 0x0, 0x0, 0x0, 0x0,
    0x0, 0x0, 0x0, 0x0, 0x0, 0x0, 0x0, 0x0,
    0x3, 0xff, 0xf3, 0x0, 0x0, 0x3, 0xff, 0xf3,
    0x0, 0x0, 0x3, 0xff, 0xf3, 0x0, 0x0, 0x3,
    0xff, 0xf3, 0x0, 0x0, 0x3, 0xff, 0xf3, 0x0,
    0x0, 0x3, 0xff, 0xf3, 0x0, 0x0, 0x3, 0xff,
    0xf3, 0x0, 0x0, 0x3, 0xff, 0xf3, 0x0, 0x0,
    0x3, 0xff, 0xf3, 0x0, 0x0, 0x3, 0xff, 0xf3,
    0x0, 0x0, 0x3, 0xff, 0xf3, 0x0, 0x0, 0x3,
    0xff, 0xf3, 0x0, 0x0, 0x3, 0xff, 0xf3, 0x0,
    0x0, 0x3, 0xff, 0xf3, 0x0, 0x85, 0x3b, 0xff,
    0xf1, 0x9, 0xff, 0xff, 0xff, 0xb0, 0x2f, 0xff,
    0xff, 0xfe, 0x20, 0x2, 0xae, 0xfe, 0x91, 0x0,

    /* U+006B "k" */
    0x7f, 0xfe, 0x0, 0x0, 0x0, 0x0, 0x7, 0xff,
    0xe0, 0x0, 0x0, 0x0, 0x0, 0x7f, 0xfe, 0x0,
    0x0, 0x0, 0x0, 0x7, 0xff, 0xe0, 0x0, 0x0,
    0x0, 0x0, 0x7f, 0xfe, 0x0, 0x0, 0x0, 0x0,
    0x7, 0xff, 0xe0, 0x0, 0x0, 0x0, 0x0, 0x7f,
    0xfe, 0x0, 0x0, 0xdf, 0xfe, 0x17, 0xff, 0xe0,
    0x0, 0xaf, 0xff, 0x30, 0x7f, 0xfe, 0x0, 0x6f,
    0xff, 0x60, 0x7, 0xff, 0xe0, 0x3f, 0xff, 0xa0,
    0x0, 0x7f, 0xfe, 0x1e, 0xff, 0xc0, 0x0, 0x7,
    0xff, 0xeb, 0xff, 0xe1, 0x0, 0x0, 0x7f, 0xff,
    0xff, 0xfb, 0x0, 0x0, 0x7, 0xff, 0xe7, 0xff,
    0xf7, 0x0, 0x0, 0x7f, 0xfe, 0xb, 0xff, 0xf4,
    0x0, 0x7, 0xff, 0xe0, 0x1e, 0xff, 0xe1, 0x0,
    0x7f, 0xfe, 0x0, 0x4f, 0xff, 0xc0, 0x7, 0xff,
    0xe0, 0x0, 0x9f, 0xff, 0x80, 0x7f, 0xfe, 0x0,
    0x0, 0xdf, 0xff, 0x40,

    /* U+006C "l" */
    0x7f, 0xfe, 0x7f, 0xfe, 0x7f, 0xfe, 0x7f, 0xfe,
    0x7f, 0xfe, 0x7f, 0xfe, 0x7f, 0xfe, 0x7f, 0xfe,
    0x7f, 0xfe, 0x7f, 0xfe, 0x7f, 0xfe, 0x7f, 0xfe,
    0x7f, 0xfe, 0x7f, 0xfe, 0x7f, 0xfe, 0x7f, 0xfe,
    0x7f, 0xfe, 0x7f, 0xfe, 0x7f, 0xfe,

    /* U+006D "m" */
    0x7f, 0xfe, 0x2a, 0xef, 0xe8, 0x0, 0x3a, 0xef,
    0xe9, 0x10, 0x7, 0xff, 0xff, 0xff, 0xff, 0xfd,
    0x6f, 0xff, 0xff, 0xfe, 0x20, 0x7f, 0xff, 0xff,
    0xff, 0xff, 0xff, 0xff, 0xff, 0xff, 0xfb, 0x7,
    0xff, 0xfc, 0x42, 0x6f, 0xff, 0xfe, 0x52, 0x5e,
    0xff, 0xf1, 0x7f, 0xff, 0x10, 0x0, 0x8f, 0xff,
    0x50, 0x0, 0x4f, 0xff, 0x47, 0xff, 0xf0, 0x0,
    0x4, 0xff, 0xf2, 0x0, 0x1, 0xff, 0xf4, 0x7f,
    0xfe, 0x0, 0x0, 0x4f, 0xff, 0x10, 0x0, 0x1f,
    0xff, 0x47, 0xff, 0xe0, 0x0, 0x4, 0xff, 0xf1,
    0x0, 0x1, 0xff, 0xf4, 0x7f, 0xfe, 0x0, 0x0,
    0x4f, 0xff, 0x10, 0x0, 0x1f, 0xff, 0x47, 0xff,
    0xe0, 0x0, 0x4, 0xff, 0xf1, 0x0, 0x1, 0xff,
    0xf4, 0x7f, 0xfe, 0x0, 0x0, 0x4f, 0xff, 0x10,
    0x0, 0x1f, 0xff, 0x47, 0xff, 0xe0, 0x0, 0x4,
    0xff, 0xf1, 0x0, 0x1, 0xff, 0xf4, 0x7f, 0xfe,
    0x0, 0x0, 0x4f, 0xff, 0x10, 0x0, 0x1f, 0xff,
    0x40,

    /* U+006E "n" */
    0x7f, 0xfe, 0x19, 0xef, 0xe9, 0x10, 0x7, 0xff,
    0xfe, 0xff, 0xff, 0xfd, 0x10, 0x7f, 0xff, 0xff,
    0xff, 0xff, 0xfb, 0x7, 0xff, 0xfd, 0x42, 0x5e,
    0xff, 0xf2, 0x7f, 0xff, 0x20, 0x0, 0x5f, 0xff,
    0x57, 0xff, 0xf0, 0x0, 0x1, 0xff, 0xf5, 0x7f,
    0xfe, 0x0, 0x0, 0xf, 0xff, 0x57, 0xff, 0xe0,
    0x0, 0x0, 0xff, 0xf5, 0x7f, 0xfe, 0x0, 0x0,
    0xf, 0xff, 0x57, 0xff, 0xe0, 0x0, 0x0, 0xff,
    0xf5, 0x7f, 0xfe, 0x0, 0x0, 0xf, 0xff, 0x57,
    0xff, 0xe0, 0x0, 0x0, 0xff, 0xf5, 0x7f, 0xfe,
    0x0, 0x0, 0xf, 0xff, 0x50,

    /* U+006F "o" */
    0x0, 0x0, 0x6b, 0xef, 0xea, 0x40, 0x0, 0x0,
    0x1, 0xcf, 0xff, 0xff, 0xff, 0xa0, 0x0, 0x1,
    0xdf, 0xff, 0xff, 0xff, 0xff, 0xb0, 0x0, 0x9f,
    0xff, 0xc5, 0x46, 0xef, 0xff, 0x60, 0xf, 0xff,
    0xc0, 0x0, 0x1, 0xef, 0xfd, 0x4, 0xff, 0xf4,
    0x0, 0x0, 0x8, 0xff, 0xf0, 0x5f, 0xff, 0x20,
    0x0, 0x0, 0x5f, 0xff, 0x13, 0xff, 0xf4, 0x0,
    0x0, 0x8, 0xff, 0xf0, 0xf, 0xff, 0xc0, 0x0,
    0x1, 0xef, 0xfc, 0x0, 0x9f, 0xff, 0xc5, 0x36,
    0xdf, 0xff, 0x50, 0x0, 0xdf, 0xff, 0xff, 0xff,
    0xff, 0xb0, 0x0, 0x1, 0xcf, 0xff, 0xff, 0xff,
    0xa0, 0x0, 0x0, 0x0, 0x6b, 0xef, 0xeb, 0x40,
    0x0, 0x0,

    /* U+0070 "p" */
    0x7f, 0xfe, 0x2a, 0xef, 0xea, 0x30, 0x0, 0x7f,
    0xff, 0xff, 0xff, 0xff, 0xf6, 0x0, 0x7f, 0xff,
    0xff, 0xff, 0xff, 0xff, 0x50, 0x7f, 0xff, 0xf7,
    0x33, 0x9f, 0xff, 0xe0, 0x7f, 0xff, 0x40, 0x0,
    0x8, 0xff, 0xf4, 0x7f, 0xfd, 0x0, 0x0, 0x1,
    0xff, 0xf7, 0x7f, 0xfb, 0x0, 0x0, 0x0, 0xef,
    0xf8, 0x7f, 0xfd, 0x0, 0x0, 0x1, 0xff, 0xf7,
    0x7f, 0xff, 0x40, 0x0, 0x8, 0xff, 0xf4, 0x7f,
    0xff, 0xf7, 0x34, 0x9f, 0xff, 0xe0, 0x7f, 0xff,
    0xff, 0xff, 0xff, 0xff, 0x50, 0x7f, 0xff, 0xff,
    0xff, 0xff, 0xf6, 0x0, 0x7f, 0xfe, 0x2a, 0xef,
    0xea, 0x30, 0x0, 0x7f, 0xfe, 0x0, 0x0, 0x0,
    0x0, 0x0, 0x7f, 0xfe, 0x0, 0x0, 0x0, 0x0,
    0x0, 0x7f, 0xfe, 0x0, 0x0, 0x0, 0x0, 0x0,
    0x7f, 0xfe, 0x0, 0x0, 0x0, 0x0, 0x0, 0x7f,
    0xfe, 0x0, 0x0, 0x0, 0x0, 0x0,

    /* U+0071 "q" */
    0x0, 0x1, 0x8d, 0xff, 0xb4, 0x9f, 0xfc, 0x0,
    0x3e, 0xff, 0xff, 0xff, 0xef, 0xfc, 0x1, 0xff,
    0xff, 0xff, 0xff, 0xff, 0xfc, 0xa, 0xff, 0xfc,
    0x43, 0x5d, 0xff, 0xfc, 0xf, 0xff, 0xc0, 0x0,
    0x1, 0xef, 0xfc, 0x3f, 0xff, 0x50, 0x0, 0x0,
    0x8f, 0xfc, 0x4f, 0xff, 0x30, 0x0, 0x0, 0x7f,
    0xfc, 0x3f, 0xff, 0x50, 0x0, 0x0, 0x9f, 0xfc,
    0xf, 0xff, 0xc0, 0x0, 0x1, 0xef, 0xfc, 0xa,
    0xff, 0xfc, 0x53, 0x6e, 0xff, 0xfc, 0x1, 0xff,
    0xff, 0xff, 0xff, 0xff, 0xfc, 0x0, 0x3e, 0xff,
    0xff, 0xff, 0xef, 0xfc, 0x0, 0x1, 0x8d, 0xff,
    0xb3, 0x9f, 0xfc, 0x0, 0x0, 0x0, 0x0, 0x0,
    0x9f, 0xfc, 0x0, 0x0, 0x0, 0x0, 0x0, 0x9f,
    0xfc, 0x0, 0x0, 0x0, 0x0, 0x0, 0x9f, 0xfc,
    0x0, 0x0, 0x0, 0x0, 0x0, 0x9f, 0xfc, 0x0,
    0x0, 0x0, 0x0, 0x0, 0x9f, 0xfc,

    /* U+0072 "r" */
    0x7f, 0xfe, 0x3b, 0xff, 0xd6, 0x7, 0xff, 0xff,
    0xff, 0xff, 0xc0, 0x7f, 0xff, 0xff, 0xff, 0xe1,
    0x7, 0xff, 0xfd, 0x42, 0x63, 0x0, 0x7f, 0xff,
    0x20, 0x0, 0x0, 0x7, 0xff, 0xf0, 0x0, 0x0,
    0x0, 0x7f, 0xfe, 0x0, 0x0, 0x0, 0x7, 0xff,
    0xe0, 0x0, 0x0, 0x0, 0x7f, 0xfe, 0x0, 0x0,
    0x0, 0x7, 0xff, 0xe0, 0x0, 0x0, 0x0, 0x7f,
    0xfe, 0x0, 0x0, 0x0, 0x7, 0xff, 0xe0, 0x0,
    0x0, 0x0, 0x7f, 0xfe, 0x0, 0x0, 0x0, 0x0,

    /* U+0073 "s" */
    0x0, 0x18, 0xdf, 0xfd, 0x91, 0x0, 0x1d, 0xff,
    0xff, 0xff, 0xf4, 0x9, 0xff, 0xff, 0xff, 0xff,
    0x90, 0xcf, 0xfa, 0x0, 0x3d, 0x90, 0xc, 0xff,
    0xd3, 0x0, 0x0, 0x0, 0x7f, 0xff, 0xfe, 0xa3,
    0x0, 0x0, 0x9f, 0xff, 0xff, 0xfa, 0x0, 0x0,
    0x27, 0xcf, 0xff, 0xf6, 0x0, 0x20, 0x0, 0x1c,
    0xff, 0xb0, 0x7f, 0x81, 0x0, 0xbf, 0xfb, 0x5f,
    0xff, 0xff, 0xff, 0xff, 0x70, 0xaf, 0xff, 0xff,
    0xff, 0xd0, 0x0, 0x39, 0xef, 0xfd, 0x70, 0x0,

    /* U+0074 "t" */
    0x0, 0xa, 0xff, 0xc0, 0x0, 0x0, 0xa, 0xff,
    0xc0, 0x0, 0x0, 0xa, 0xff, 0xc0, 0x0, 0x0,
    0xa, 0xff, 0xc0, 0x0, 0x0, 0xa, 0xff, 0xc0,
    0x0, 0x9f, 0xff, 0xff, 0xff, 0xfb, 0x9f, 0xff,
    0xff, 0xff, 0xfb, 0x9f, 0xff, 0xff, 0xff, 0xfb,
    0x0, 0xa, 0xff, 0xc0, 0x0, 0x0, 0xa, 0xff,
    0xc0, 0x0, 0x0, 0xa, 0xff, 0xc0, 0x0, 0x0,
    0xa, 0xff, 0xc0, 0x0, 0x0, 0xa, 0xff, 0xc0,
    0x0, 0x0, 0xa, 0xff, 0xc0, 0x0, 0x0, 0xa,
    0xff, 0xc0, 0x0, 0x0, 0xa, 0xff, 0xc0, 0x0,
    0x0, 0xa, 0xff, 0xc0, 0x0, 0x0, 0xa, 0xff,
    0xc0, 0x0,

    /* U+0075 "u" */
    0xdf, 0xf9, 0x0, 0x0, 0xef, 0xf8, 0xdf, 0xf9,
    0x0, 0x0, 0xef, 0xf8, 0xdf, 0xf9, 0x0, 0x0,
    0xef, 0xf8, 0xdf, 0xf9, 0x0, 0x0, 0xef, 0xf8,
    0xdf, 0xf9, 0x0, 0x0, 0xef, 0xf8, 0xdf, 0xf9,
    0x0, 0x0, 0xef, 0xf8, 0xdf, 0xf9, 0x0, 0x0,
    0xef, 0xf8, 0xdf, 0xfa, 0x0, 0x0, 0xef, 0xf8,
    0xbf, 0xfd, 0x0, 0x1, 0xff, 0xf6, 0x7f, 0xff,
    0x93, 0x4c, 0xff, 0xf2, 0x1e, 0xff, 0xff, 0xff,
    0xff, 0xb0, 0x3, 0xef, 0xff, 0xff, 0xfc, 0x10,
    0x0, 0x18, 0xdf, 0xfc, 0x70, 0x0,

    /* U+0076 "v" */
    0xbf, 0xff, 0x0, 0x0, 0x4, 0xff, 0xf5, 0x4f,
    0xff, 0x50, 0x0, 0xa, 0xff, 0xe0, 0xd, 0xff,
    0xb0, 0x0, 0xf, 0xff, 0x70, 0x7, 0xff, 0xf1,
    0x0, 0x6f, 0xff, 0x10, 0x1, 0xff, 0xf7, 0x0,
    0xcf, 0xfa, 0x0, 0x0, 0x9f, 0xfd, 0x2, 0xff,
    0xf3, 0x0, 0x0, 0x2f, 0xff, 0x38, 0xff, 0xc0,
    0x0, 0x0, 0xc, 0xff, 0x9d, 0xff, 0x50, 0x0,
    0x0, 0x5, 0xff, 0xff, 0xfe, 0x0, 0x0, 0x0,
    0x0, 0xef, 0xff, 0xf8, 0x0, 0x0, 0x0, 0x0,
    0x7f, 0xff, 0xf1, 0x0, 0x0, 0x0, 0x0, 0x1f,
    0xff, 0xa0, 0x0, 0x0, 0x0, 0x0, 0x9, 0xff,
    0x30, 0x0, 0x0,

    /* U+0077 "w" */
    0xaf, 0xfc, 0x0, 0x0, 0x6f, 0xf6, 0x0, 0x0,
    0xcf, 0xfa, 0x4f, 0xff, 0x10, 0x0, 0xbf, 0xfb,
    0x0, 0x1, 0xff, 0xf4, 0xe, 0xff, 0x60, 0x1,
    0xff, 0xff, 0x10, 0x6, 0xff, 0xe0, 0x9, 0xff,
    0xb0, 0x6, 0xff, 0xff, 0x60, 0xb, 0xff, 0x90,
    0x3, 0xff, 0xf1, 0xb, 0xff, 0xff, 0xb0, 0x1f,
    0xff, 0x30, 0x0, 0xdf, 0xf5, 0x1f, 0xfe, 0xef,
    0xf1, 0x5f, 0xfd, 0x0, 0x0, 0x7f, 0xfb, 0x6f,
    0xf9, 0x9f, 0xf6, 0xbf, 0xf8, 0x0, 0x0, 0x2f,
    0xff, 0xcf, 0xf4, 0x4f, 0xfc, 0xff, 0xf2, 0x0,
    0x0, 0xc, 0xff, 0xff, 0xe0, 0xe, 0xff, 0xff,
    0xc0, 0x0, 0x0, 0x6, 0xff, 0xff, 0x80, 0x8,
    0xff, 0xff, 0x60, 0x0, 0x0, 0x1, 0xff, 0xff,
    0x30, 0x3, 0xff, 0xff, 0x10, 0x0, 0x0, 0x0,
    0xaf, 0xfd, 0x0, 0x0, 0xdf, 0xfb, 0x0, 0x0,
    0x0, 0x0, 0x5f, 0xf7, 0x0, 0x0, 0x7f, 0xf5,
    0x0, 0x0,

    /* U+0078 "x" */
    0x3f, 0xff, 0xc0, 0x0, 0x1e, 0xff, 0xc0, 0x8,
    0xff, 0xf7, 0x0, 0xaf, 0xff, 0x20, 0x0, 0xcf,
    0xff, 0x24, 0xff, 0xf6, 0x0, 0x0, 0x2f, 0xff,
    0xbd, 0xff, 0xc0, 0x0, 0x0, 0x7, 0xff, 0xff,
    0xff, 0x20, 0x0, 0x0, 0x0, 0xcf, 0xff, 0xf6,
    0x0, 0x0, 0x0, 0x0, 0x6f, 0xff, 0xf1, 0x0,
    0x0, 0x0, 0x1, 0xef, 0xff, 0xfa, 0x0, 0x0,
    0x0, 0xb, 0xff, 0xff, 0xff, 0x50, 0x0, 0x0,
    0x6f, 0xff, 0x5d, 0xff, 0xe1, 0x0, 0x2, 0xff,
    0xfa, 0x3, 0xff, 0xfa, 0x0, 0xc, 0xff, 0xe1,
    0x0, 0x9f, 0xff, 0x50, 0x7f, 0xff, 0x60, 0x0,
    0xe, 0xff, 0xe1,

    /* U+0079 "y" */
    0x9f, 0xff, 0x10, 0x0, 0x6, 0xff, 0xf4, 0x3f,
    0xff, 0x60, 0x0, 0xc, 0xff, 0xd0, 0xc, 0xff,
    0xc0, 0x0, 0x2f, 0xff, 0x60, 0x6, 0xff, 0xf2,
    0x0, 0x8f, 0xfe, 0x0, 0x0, 0xff, 0xf7, 0x0,
    0xef, 0xf8, 0x0, 0x0, 0x9f, 0xfd, 0x4, 0xff,
    0xf1, 0x0, 0x0, 0x2f, 0xff, 0x39, 0xff, 0xa0,
    0x0, 0x0, 0xc, 0xff, 0x9f, 0xff, 0x30, 0x0,
    0x0, 0x5, 0xff, 0xff, 0xfc, 0x0, 0x0, 0x0,
    0x0, 0xef, 0xff, 0xf6, 0x0, 0x0, 0x0, 0x0,
    0x8f, 0xff, 0xe0, 0x0, 0x0, 0x0, 0x0, 0x3f,
    0xff, 0x80, 0x0, 0x0, 0x0, 0x0, 0x6f, 0xff,
    0x10, 0x0, 0x0, 0x0, 0x0, 0xdf, 0xfa, 0x0,
    0x0, 0x0, 0x0, 0x5, 0xff, 0xf3, 0x0, 0x0,
    0x0, 0x0, 0xd, 0xff, 0xb0, 0x0, 0x0, 0x0,
    0x0, 0x5f, 0xff, 0x40, 0x0, 0x0, 0x0, 0x0,
    0xcf, 0xfd, 0x0, 0x0, 0x0, 0x0,

    /* U+007A "z" */
    0xe, 0xff, 0xff, 0xff, 0xff, 0xf6, 0xe, 0xff,
    0xff, 0xff, 0xff, 0xf6, 0xe, 0xff, 0xff, 0xff,
    0xff, 0xe1, 0x0, 0x0, 0x0, 0xdf, 0xff, 0x40,
    0x0, 0x0, 0x9, 0xff, 0xf8, 0x0, 0x0, 0x0,
    0x5f, 0xff, 0xc0, 0x0, 0x0, 0x1, 0xef, 0xfe,
    0x20, 0x0, 0x0, 0xc, 0xff, 0xf5, 0x0, 0x0,
    0x0, 0x8f, 0xff, 0x90, 0x0, 0x0, 0x4, 0xff,
    0xfd, 0x0, 0x0, 0x0, 0x1e, 0xff, 0xff, 0xff,
    0xff, 0xf3, 0x6f, 0xff, 0xff, 0xff, 0xff, 0xf3,
    0x6f, 0xff, 0xff, 0xff, 0xff, 0xf3,

    /* U+007B "{" */
    0x0, 0x3, 0xbf, 0xfd, 0x0, 0x3f, 0xff, 0xfd,
    0x0, 0xaf, 0xfe, 0xa8, 0x0, 0xdf, 0xf1, 0x0,
    0x0, 0xdf, 0xf0, 0x0, 0x0, 0xbf, 0xf1, 0x0,
    0x0, 0xaf, 0xf2, 0x0, 0x0, 0x8f, 0xf3, 0x0,
    0x0, 0x9f, 0xf3, 0x0, 0x39, 0xff, 0xf0, 0x0,
    0x6f, 0xff, 0x40, 0x0, 0x6f, 0xff, 0xb0, 0x0,
    0x0, 0xbf, 0xf2, 0x0, 0x0, 0x8f, 0xf3, 0x0,
    0x0, 0x9f, 0xf3, 0x0, 0x0, 0xbf, 0xf1, 0x0,
    0x0, 0xcf, 0xf0, 0x0, 0x0, 0xdf, 0xf0, 0x0,
    0x0, 0xcf, 0xf6, 0x0, 0x0, 0x8f, 0xff, 0xfd,
    0x0, 0xc, 0xff, 0xfd, 0x0, 0x0, 0x59, 0xa8,

    /* U+007C "|" */
    0x9c, 0xc4, 0xcf, 0xf5, 0xcf, 0xf5, 0xcf, 0xf5,
    0xcf, 0xf5, 0xcf, 0xf5, 0xcf, 0xf5, 0xcf, 0xf5,
    0xcf, 0xf5, 0xcf, 0xf5, 0xcf, 0xf5, 0xcf, 0xf5,
    0xcf, 0xf5, 0xcf, 0xf5, 0xcf, 0xf5, 0xcf, 0xf5,
    0xcf, 0xf5, 0xcf, 0xf5, 0xcf, 0xf5, 0xcf, 0xf5,
    0xcf, 0xf5, 0xcf, 0xf5, 0xcf, 0xf5, 0xcf, 0xf5,

    /* U+007D "}" */
    0x4f, 0xfe, 0x80, 0x0, 0x4, 0xff, 0xff, 0xc0,
    0x0, 0x29, 0xaf, 0xff, 0x40, 0x0, 0x0, 0x7f,
    0xf7, 0x0, 0x0, 0x6, 0xff, 0x70, 0x0, 0x0,
    0x7f, 0xf5, 0x0, 0x0, 0x8, 0xff, 0x40, 0x0,
    0x0, 0xaf, 0xf2, 0x0, 0x0, 0x9, 0xff, 0x20,
    0x0, 0x0, 0x5f, 0xfd, 0x90, 0x0, 0x0, 0xaf,
    0xff, 0x10, 0x0, 0x2f, 0xff, 0xf1, 0x0, 0x8,
    0xff, 0x50, 0x0, 0x0, 0xaf, 0xf2, 0x0, 0x0,
    0x9, 0xff, 0x30, 0x0, 0x0, 0x8f, 0xf4, 0x0,
    0x0, 0x6, 0xff, 0x60, 0x0, 0x0, 0x6f, 0xf7,
    0x0, 0x0, 0x1b, 0xff, 0x60, 0x4, 0xff, 0xff,
    0xf2, 0x0, 0x4f, 0xff, 0xf7, 0x0, 0x2, 0xaa,
    0x83, 0x0, 0x0,

    /* U+007E "~" */
    0x0, 0x0, 0x0, 0x0, 0x0, 0x0, 0x0, 0x5d,
    0xff, 0xd8, 0x31, 0x4b, 0x20, 0x6f, 0xff, 0xff,
    0xff, 0xff, 0xfe, 0x28, 0xff, 0xff, 0xff, 0xff,
    0xff, 0xc0, 0x7, 0x61, 0x5, 0xae, 0xfd, 0x80,
    0x0,

    /* U+00B0 "°" */
    0x0, 0x4, 0x88, 0x50, 0x0, 0x0, 0xbf, 0xff,
    0xfd, 0x10, 0x8, 0xff, 0xff, 0xff, 0xc0, 0xf,
    0xfe, 0x21, 0xcf, 0xf3, 0x2f, 0xf9, 0x0, 0x5f,
    0xf6, 0x1f, 0xfc, 0x0, 0x8f, 0xf5, 0xc, 0xff,
    0xca, 0xff, 0xf1, 0x3, 0xff, 0xff, 0xff, 0x60,
    0x0, 0x2b, 0xff, 0xc4, 0x0,

    /* U+00B7 "·" */
    0x3, 0x50, 0x8, 0xff, 0xc0, 0xef, 0xff, 0x3d,
    0xff, 0xf2, 0x4e, 0xf7, 0x0,

    /* U+2013 "–" */
    0x6d, 0xdd, 0xdd, 0xdd, 0xdd, 0xdd, 0x17, 0xff,
    0xff, 0xff, 0xff, 0xff, 0xf1, 0x7f, 0xff, 0xff,
    0xff, 0xff, 0xff, 0x10,

    /* U+2014 "—" */
    0x6c, 0xcc, 0xcc, 0xcc, 0xcc, 0xcc, 0xcc, 0xcc,
    0xcc, 0xca, 0x7f, 0xff, 0xff, 0xff, 0xff, 0xff,
    0xff, 0xff, 0xff, 0xfd, 0x7f, 0xff, 0xff, 0xff,
    0xff, 0xff, 0xff, 0xff, 0xff, 0xfd,

    /* U+2018 "‘" */
    0x0, 0x0, 0x0, 0x0, 0xa, 0xc2, 0x0, 0x3f,
    0xf1, 0x0, 0xbf, 0x80, 0x4, 0xff, 0x20, 0xb,
    0xff, 0xd0, 0xf, 0xff, 0xf4, 0xd, 0xff, 0xf2,
    0x3, 0xdf, 0x70,

    /* U+2019 "’" */
    0xb, 0xfb, 0x17, 0xff, 0xf8, 0x9f, 0xff, 0xa3,
    0xff, 0xf6, 0x7, 0xfe, 0x0, 0xdf, 0x60, 0x6f,
    0xd0, 0x5, 0xe5, 0x0, 0x0, 0x0, 0x0,

    /* U+201C "“" */
    0x0, 0x0, 0x0, 0x0, 0x0, 0x0, 0x0, 0xa,
    0xc2, 0x0, 0x1e, 0x80, 0x0, 0x3f, 0xf1, 0x0,
    0x9f, 0xb0, 0x0, 0xbf, 0x80, 0x2, 0xff, 0x20,
    0x4, 0xff, 0x20, 0xa, 0xfb, 0x0, 0xb, 0xff,
    0xd0, 0x2f, 0xff, 0x70, 0xf, 0xff, 0xf4, 0x6f,
    0xff, 0xe0, 0xd, 0xff, 0xf2, 0x4f, 0xff, 0xc0,
    0x3, 0xdf, 0x70, 0x8, 0xfd, 0x20,

    /* U+201D "”" */
    0xb, 0xfb, 0x10, 0x4e, 0xe6, 0x7, 0xff, 0xf8,
    0xe, 0xff, 0xf2, 0x9f, 0xff, 0xa0, 0xff, 0xff,
    0x33, 0xff, 0xf6, 0xa, 0xff, 0xf0, 0x7, 0xfe,
    0x0, 0xd, 0xf8, 0x0, 0xdf, 0x60, 0x4, 0xfe,
    0x10, 0x6f, 0xd0, 0x0, 0xdf, 0x70, 0x5, 0xe5,
    0x0, 0x9, 0xd0, 0x0, 0x0, 0x0, 0x0, 0x0,
    0x0, 0x0,

    /* U+2022 "•" */
    0x4, 0xdf, 0xd3, 0x1, 0xff, 0xff, 0xf1, 0x6f,
    0xff, 0xff, 0x66, 0xff, 0xff, 0xf6, 0x1f, 0xff,
    0xff, 0x10, 0x4d, 0xfd, 0x30,

    /* U+2026 "…" */
    0x0, 0x54, 0x0, 0x0, 0x25, 0x20, 0x0, 0x4,
    0x50, 0x0, 0xdf, 0xf8, 0x0, 0x3f, 0xff, 0x20,
    0x9, 0xff, 0xc0, 0x3f, 0xff, 0xe0, 0x9, 0xff,
    0xf8, 0x0, 0xff, 0xff, 0x22, 0xff, 0xfd, 0x0,
    0x8f, 0xff, 0x70, 0xe, 0xff, 0xf1, 0x7, 0xfe,
    0x30, 0x1, 0xbf, 0xb0, 0x0, 0x4e, 0xf6, 0x0,

    /* U+E034 "" */
    0x0, 0x42, 0x0, 0x0, 0x0, 0x24, 0x0, 0xd,
    0xff, 0x60, 0x0, 0x6, 0xff, 0xd0, 0x5f, 0xff,
    0xd0, 0x0, 0xd, 0xff, 0xf5, 0x6f, 0xff, 0xe0,
    0x0, 0xe, 0xff, 0xf6, 0x6f, 0xff, 0xe0, 0x0,
    0xe, 0xff, 0xf6, 0x6f, 0xff, 0xe0, 0x0, 0xe,
    0xff, 0xf6, 0x6f, 0xff, 0xe0, 0x0, 0xe, 0xff,
    0xf6, 0x6f, 0xff, 0xe0, 0x0, 0xe, 0xff, 0xf6,
    0x6f, 0xff, 0xe0, 0x0, 0xe, 0xff, 0xf6, 0x6f,
    0xff, 0xe0, 0x0, 0xe, 0xff, 0xf6, 0x6f, 0xff,
    0xe0, 0x0, 0xe, 0xff, 0xf6, 0x6f, 0xff, 0xe0,
    0x0, 0xe, 0xff, 0xf6, 0x6f, 0xff, 0xe0, 0x0,
    0xe, 0xff, 0xf6, 0x6f, 0xff, 0xe0, 0x0, 0xe,
    0xff, 0xf6, 0x2f, 0xff, 0xa0, 0x0, 0xa, 0xff,
    0xf2, 0x4, 0xb9, 0x10, 0x0, 0x1, 0x9b, 0x40,

    /* U+E037 "" */
    0x0, 0x0, 0x0, 0x0, 0x0, 0x0, 0x8, 0x70,
    0x0, 0x0, 0x0, 0x0, 0x2f, 0xfd, 0x30, 0x0,
    0x0, 0x0, 0x3f, 0xff, 0xf9, 0x0, 0x0, 0x0,
    0x3f, 0xff, 0xff, 0xe4, 0x0, 0x0, 0x3f, 0xff,
    0xff, 0xff, 0xa1, 0x0, 0x3f, 0xff, 0xff, 0xff,
    0xfe, 0x60, 0x3f, 0xff, 0xff, 0xff, 0xff, 0xf8,
    0x3f, 0xff, 0xff, 0xff, 0xff, 0xf8, 0x3f, 0xff,
    0xff, 0xff, 0xfe, 0x60, 0x3f, 0xff, 0xff, 0xff,
    0xa1, 0x0, 0x3f, 0xff, 0xff, 0xe4, 0x0, 0x0,
    0x3f, 0xff, 0xf9, 0x0, 0x0, 0x0, 0x2f, 0xfd,
    0x30, 0x0, 0x0, 0x0, 0x8, 0x70, 0x0, 0x0,
    0x0, 0x0,

    /* U+E03D "" */
    0x4, 0x44, 0x44, 0x44, 0x44, 0x44, 0x20, 0x0,
    0x14, 0x43, 0x9, 0xff, 0xff, 0xff, 0xff, 0xff,
    0xff, 0x10, 0x4f, 0xff, 0xf7, 0x5e, 0xee, 0xee,
    0xee, 0xee, 0xee, 0xb0, 0xb, 0xfe, 0xed, 0x30,
    0x0, 0x0, 0x0, 0x0, 0x0, 0x0, 0x0, 0xcf,
    0x50, 0x0, 0x2, 0x22, 0x22, 0x22, 0x22, 0x22,
    0x10, 0xc, 0xf5, 0x0, 0x9, 0xff, 0xff, 0xff,
    0xff, 0xff, 0xff, 0x10, 0xcf, 0x50, 0x0, 0x7f,
    0xff, 0xff, 0xff, 0xff, 0xff, 0xd0, 0xc, 0xf5,
    0x0, 0x0, 0x0, 0x0, 0x0, 0x0, 0x0, 0x0,
    0x0, 0xcf, 0x50, 0x0, 0x0, 0x0, 0x0, 0x0,
    0x0, 0x0, 0x0, 0xc, 0xf5, 0x0, 0x6, 0xef,
    0xff, 0xff, 0xf8, 0x0, 0x7, 0xdd, 0xff, 0x50,
    0x0, 0x9f, 0xff, 0xff, 0xff, 0xb0, 0x8, 0xff,
    0xff, 0xf5, 0x0, 0x0, 0x22, 0x22, 0x22, 0x20,
    0x0, 0xff, 0xff, 0xff, 0x50, 0x0, 0x0, 0x0,
    0x0, 0x0, 0x0, 0x1f, 0xff, 0xff, 0xf4, 0x0,
    0x0, 0x0, 0x0, 0x0, 0x0, 0x0, 0xdf, 0xff,
    0xff, 0x10, 0x0, 0x0, 0x0, 0x0, 0x0, 0x0,
    0x3, 0xff, 0xff, 0x60, 0x0, 0x0, 0x0, 0x0,
    0x0, 0x0, 0x0, 0x1, 0x67, 0x20, 0x0, 0x0,

    /* U+E043 "" */
    0x0, 0x0, 0x0, 0x0, 0x0, 0x0, 0x7, 0x77,
    0x75, 0xa, 0xd2, 0x0, 0x0, 0x0, 0x0, 0x1e,
    0xff, 0xfe, 0xd, 0xfe, 0x20, 0x0, 0x0, 0x0,
    0x3, 0xff, 0xfe, 0x2, 0xef, 0xe2, 0x0, 0x0,
    0x0, 0x9, 0xff, 0xfe, 0x0, 0x2d, 0xfe, 0x20,
    0x0, 0x0, 0x9f, 0xf9, 0xee, 0x0, 0x1, 0xdf,
    0xe2, 0x0, 0x9, 0xff, 0x70, 0x38, 0x0, 0x0,
    0x1d, 0xf5, 0x0, 0x9f, 0xf7, 0x0, 0x0, 0x0,
    0x0, 0x1, 0x40, 0x9, 0xff, 0x70, 0x0, 0x0,
    0x0, 0x0, 0x0, 0x0, 0x9f, 0xf7, 0x0, 0x0,
    0x0, 0x0, 0x0, 0x0, 0x9, 0xff, 0x70, 0x0,
    0x0, 0x0, 0x0, 0x0, 0x0, 0x9f, 0xf7, 0x0,
    0x10, 0x0, 0x0, 0x0, 0x0, 0x9, 0xff, 0x70,
    0x7, 0xe2, 0x0, 0x0, 0x0, 0x0, 0x9f, 0xf7,
    0x0, 0x1e, 0xfe, 0x20, 0x2, 0x0, 0x9, 0xff,
    0x70, 0x0, 0x2, 0xef, 0xe2, 0xae, 0x0, 0xaf,
    0xf7, 0x0, 0x0, 0x0, 0x2e, 0xff, 0xfe, 0x9,
    0xff, 0x70, 0x0, 0x0, 0x0, 0x2, 0xff, 0xfe,
    0xe, 0xf7, 0x0, 0x0, 0x0, 0x0, 0xa, 0xff,
    0xfe, 0x3, 0x40, 0x0, 0x0, 0x0, 0x0, 0x2e,
    0xee, 0xeb,

    /* U+E044 "" */
    0x0, 0x0, 0x0, 0x0, 0x0, 0x0, 0x20, 0x6,
    0x20, 0x0, 0x0, 0x0, 0xc, 0xf2, 0x7f, 0xf6,
    0x0, 0x0, 0x0, 0xe, 0xf4, 0x7f, 0xff, 0xa1,
    0x0, 0x0, 0xe, 0xf4, 0x7f, 0xff, 0xfe, 0x40,
    0x0, 0xe, 0xf4, 0x7f, 0xff, 0xff, 0xf8, 0x0,
    0xe, 0xf4, 0x7f, 0xff, 0xff, 0xff, 0xa0, 0xe,
    0xf4, 0x7f, 0xff, 0xff, 0xff, 0xa0, 0xe, 0xf4,
    0x7f, 0xff, 0xff, 0xf8, 0x0, 0xe, 0xf4, 0x7f,
    0xff, 0xfe, 0x40, 0x0, 0xe, 0xf4, 0x7f, 0xff,
    0xa1, 0x0, 0x0, 0xe, 0xf4, 0x7f, 0xf6, 0x0,
    0x0, 0x0, 0xe, 0xf4, 0x6, 0x20, 0x0, 0x0,
    0x0, 0xe, 0xf4, 0x0, 0x0, 0x0, 0x0, 0x0,
    0x5, 0x90,

    /* U+E047 "" */
    0x1, 0x44, 0x44, 0x44, 0x44, 0x43, 0x0, 0x3e,
    0xff, 0xff, 0xff, 0xff, 0xff, 0xa0, 0xaf, 0xff,
    0xff, 0xff, 0xff, 0xff, 0xf3, 0xbf, 0xff, 0xff,
    0xff, 0xff, 0xff, 0xf4, 0xbf, 0xff, 0xff, 0xff,
    0xff, 0xff, 0xf4, 0xbf, 0xff, 0xff, 0xff, 0xff,
    0xff, 0xf4, 0xbf, 0xff, 0xff, 0xff, 0xff, 0xff,
    0xf4, 0xbf, 0xff, 0xff, 0xff, 0xff, 0xff, 0xf4,
    0xbf, 0xff, 0xff, 0xff, 0xff, 0xff, 0xf4, 0xbf,
    0xff, 0xff, 0xff, 0xff, 0xff, 0xf4, 0xbf, 0xff,
    0xff, 0xff, 0xff, 0xff, 0xf4, 0xbf, 0xff, 0xff,
    0xff, 0xff, 0xff, 0xf4, 0x7f, 0xff, 0xff, 0xff,
    0xff, 0xff, 0xe1, 0x7, 0xbb, 0xbb, 0xbb, 0xbb,
    0xba, 0x30,

    /* U+E05F "" */
    0x4, 0x44, 0x44, 0x44, 0x44, 0x44, 0x20, 0x0,
    0x9, 0xff, 0xff, 0xff, 0xff, 0xff, 0xff, 0x10,
    0x0, 0x5e, 0xee, 0xee, 0xee, 0xee, 0xee, 0xc0,
    0x0, 0x0, 0x0, 0x0, 0x0, 0x0, 0x0, 0x0,
    0x0, 0x0, 0x2, 0x33, 0x33, 0x33, 0x33, 0x33,
    0x10, 0x0, 0x8, 0xff, 0xff, 0xff, 0xff, 0xff,
    0xff, 0x10, 0x0, 0x6f, 0xff, 0xff, 0xff, 0xff,
    0xff, 0xd0, 0x0, 0x0, 0x0, 0x0, 0x0, 0x0,
    0x0, 0x0, 0x0, 0x0, 0x0, 0x0, 0x0, 0x0,
    0x0, 0x0, 0x0, 0x0, 0x6, 0xef, 0xff, 0xff,
    0xf9, 0x0, 0x31, 0x0, 0x0, 0x9f, 0xff, 0xff,
    0xff, 0xc0, 0xc, 0xf6, 0x0, 0x0, 0x22, 0x22,
    0x22, 0x20, 0x0, 0xcf, 0xfd, 0x30, 0x0, 0x0,
    0x0, 0x0, 0x0, 0xc, 0xff, 0xfd, 0x0, 0x0,
    0x0, 0x0, 0x0, 0x0, 0xcf, 0xfa, 0x10, 0x0,
    0x0, 0x0, 0x0, 0x0, 0xc, 0xd4, 0x0, 0x0,
    0x0, 0x0, 0x0, 0x0, 0x0, 0x10, 0x0, 0x0,

    /* U+E0F0 "" */
    0x0, 0x0, 0x2, 0x8c, 0xee, 0xc8, 0x20, 0x0,
    0x0, 0x0, 0x0, 0x6f, 0xff, 0xff, 0xff, 0xf6,
    0x0, 0x0, 0x0, 0xb, 0xff, 0xff, 0xff, 0xff,
    0xff, 0xb0, 0x0, 0x0, 0x9f, 0xff, 0xff, 0xff,
    0xff, 0xff, 0xf9, 0x0, 0x3, 0xff, 0xff, 0xff,
    0xff, 0xff, 0xff, 0xff, 0x30, 0xa, 0xff, 0xff,
    0xff, 0xff, 0xff, 0xff, 0xff, 0xa0, 0xe, 0xff,
    0xff, 0xff, 0xff, 0xff, 0xff, 0xff, 0xe0, 0xf,
    0xff, 0xff, 0xff, 0xff, 0xff, 0xff, 0xff, 0xf0,
    0x1f, 0xff, 0xff, 0xff, 0xff, 0xff, 0xff, 0xff,
    0xf1, 0xe, 0xff, 0xff, 0xff, 0xff, 0xff, 0xff,
    0xff, 0xe0, 0xb, 0xff, 0xff, 0xff, 0xff, 0xff,
    0xff, 0xff, 0xb0, 0x5, 0xff, 0xff, 0xff, 0xff,
    0xff, 0xff, 0xff, 0x50, 0x0, 0xcf, 0xff, 0xff,
    0xff, 0xff, 0xff, 0xfc, 0x0, 0x0, 0x2e, 0xff,
    0xff, 0xff, 0xff, 0xff, 0xe2, 0x0, 0x0, 0x2,
    0xdf, 0xff, 0xff, 0xff, 0xfd, 0x20, 0x0, 0x0,
    0x0, 0x2, 0x22, 0x22, 0x22, 0x20, 0x0, 0x0,
    0x0, 0x0, 0x3, 0x55, 0x55, 0x55, 0x30, 0x0,
    0x0, 0x0, 0x0, 0x3f, 0xff, 0xff, 0xff, 0xf3,
    0x0, 0x0, 0x0, 0x0, 0xa, 0xcc, 0xcc, 0xcc,
    0xa0, 0x0, 0x0, 0x0, 0x0, 0x0, 0x2, 0x22,
    0x20, 0x0, 0x0, 0x0, 0x0, 0x0, 0x0, 0xf,
    0xff, 0xf0, 0x0, 0x0, 0x0, 0x0, 0x0, 0x0,
    0x4, 0xdd, 0x40, 0x0, 0x0, 0x0,

    /* U+E145 "" */
    0x0, 0x0, 0x0, 0x3, 0x10, 0x0, 0x0, 0x0,
    0x0, 0x0, 0x0, 0x2f, 0xc0, 0x0, 0x0, 0x0,
    0x0, 0x0, 0x0, 0x4f, 0xd0, 0x0, 0x0, 0x0,
    0x0, 0x0, 0x0, 0x4f, 0xd0, 0x0, 0x0, 0x0,
    0x0, 0x0, 0x0, 0x4f, 0xd0, 0x0, 0x0, 0x0,
    0x0, 0x0, 0x0, 0x4f, 0xd0, 0x0, 0x0, 0x0,
    0x0, 0x0, 0x0, 0x4f, 0xd0, 0x0, 0x0, 0x0,
    0x5d, 0xdd, 0xdd, 0xef, 0xfd, 0xdd, 0xdd, 0xb1,
    0xaf, 0xff, 0xff, 0xff, 0xff, 0xff, 0xff, 0xf3,
    0x4, 0x44, 0x44, 0x7f, 0xe4, 0x44, 0x44, 0x20,
    0x0, 0x0, 0x0, 0x4f, 0xd0, 0x0, 0x0, 0x0,
    0x0, 0x0, 0x0, 0x4f, 0xd0, 0x0, 0x0, 0x0,
    0x0, 0x0, 0x0, 0x4f, 0xd0, 0x0, 0x0, 0x0,
    0x0, 0x0, 0x0, 0x4f, 0xd0, 0x0, 0x0, 0x0,
    0x0, 0x0, 0x0, 0x4f, 0xd0, 0x0, 0x0, 0x0,
    0x0, 0x0, 0x0, 0xa, 0x50, 0x0, 0x0, 0x0,

    /* U+E1BA "" */
    0x0, 0x0, 0x0, 0x0, 0x48, 0xab, 0xdc, 0xb9,
    0x72, 0x0, 0x0, 0x0, 0x0, 0x0, 0x0, 0x3,
    0xaf, 0xff, 0xff, 0xff, 0xff, 0xff, 0xe9, 0x10,
    0x0, 0x0, 0x0, 0x3, 0xbf, 0xff, 0xfc, 0x87,
    0x56, 0x79, 0xdf, 0xff, 0xf9, 0x10, 0x0, 0x0,
    0x7f, 0xff, 0xd5, 0x0, 0x0, 0x0, 0x0, 0x1,
    0x7e, 0xff, 0xe4, 0x0, 0x1b, 0xff, 0xe4, 0x0,
    0x0, 0x0, 0x11, 0x0, 0x0, 0x0, 0x7f, 0xff,
    0x80, 0x8f, 0xfa, 0x0, 0x1, 0x6a, 0xef, 0xff,
    0xfd, 0x95, 0x0, 0x2, 0xcf, 0xf4, 0x3f, 0xf8,
    0x1, 0x9f, 0xff, 0xff, 0xff, 0xff, 0xff, 0xe7,
    0x0, 0xcf, 0xe1, 0x5, 0xff, 0xae, 0xff, 0xff,
    0xff, 0xff, 0xff, 0xff, 0xff, 0xdc, 0xfe, 0x20,
    0x0, 0x5f, 0xff, 0xff, 0xff, 0xff, 0xff, 0xff,
    0xff, 0xff, 0xff, 0xe2, 0x0, 0x0, 0x5, 0xff,
    0xff, 0xff, 0xff, 0xff, 0xff, 0xff, 0xff, 0xfe,
    0x20, 0x0, 0x0, 0x0, 0x6f, 0xff, 0xff, 0xff,
    0xff, 0xff, 0xff, 0xff, 0xe3, 0x0, 0x0, 0x0,
    0x0, 0x6, 0xff, 0xff, 0xff, 0xff, 0xff, 0xff,
    0xff, 0x30, 0x0, 0x0, 0x0, 0x0, 0x0, 0x6f,
    0xff, 0xff, 0xff, 0xff, 0xff, 0xf3, 0x0, 0x0,
    0x0, 0x0, 0x0, 0x0, 0x7, 0xff, 0xff, 0xff,
    0xff, 0xff, 0x30, 0x0, 0x0, 0x0, 0x0, 0x0,
    0x0, 0x0, 0x7f, 0xff, 0xff, 0xff, 0xf4, 0x0,
    0x0, 0x0, 0x0, 0x0, 0x0, 0x0, 0x0, 0x7,
    0xff, 0xff, 0xff, 0x40, 0x0, 0x0, 0x0, 0x0,
    0x0, 0x0, 0x0, 0x0, 0x0, 0x8f, 0xff, 0xf4,
    0x0, 0x0, 0x0, 0x0, 0x0, 0x0, 0x0, 0x0,
    0x0, 0x0, 0x8, 0xff, 0x40, 0x0, 0x0, 0x0,
    0x0, 0x0, 0x0, 0x0, 0x0, 0x0, 0x0, 0x0,
    0x43, 0x0, 0x0, 0x0, 0x0, 0x0, 0x0,

    /* U+E1C4 "" */
    0x0, 0x0, 0x0, 0x2, 0x79, 0xbb, 0x96, 0x10,
    0x0, 0x0, 0x0, 0x0, 0x0, 0x4, 0xcf, 0xff,
    0xff, 0xff, 0xfb, 0x20, 0x0, 0x0, 0x0, 0x0,
    0xaf, 0xff, 0xff, 0xff, 0xff, 0xff, 0xf7, 0x0,
    0x0, 0x0, 0xc, 0xff, 0xff, 0xff, 0xff, 0xff,
    0xff, 0xff, 0x90, 0x0, 0x0, 0xaf, 0xff, 0xff,
    0xff, 0xff, 0xff, 0xff, 0xff, 0xf7, 0x0, 0x5,
    0xff, 0xff, 0xff, 0xff, 0xff, 0xff, 0xff, 0xff,
    0xff, 0x20, 0xd, 0xff, 0xff, 0xff, 0xff, 0xff,
    0xff, 0xff, 0xff, 0xff, 0xa0, 0x4f, 0xff, 0xff,
    0xff, 0x71, 0x9f, 0xff, 0xff, 0xff, 0xff, 0xf1,
    0x9f, 0xff, 0xff, 0xff, 0x30, 0x3, 0xdf, 0xff,
    0xff, 0xff, 0xf5, 0xcf, 0xff, 0xff, 0xff, 0x30,
    0x0, 0x8, 0xff, 0xff, 0xff, 0xf8, 0xdf, 0xff,
    0xff, 0xff, 0x30, 0x0, 0x0, 0x6f, 0xff, 0xff,
    0xfa, 0xef, 0xff, 0xff, 0xff, 0x30, 0x0, 0x0,
    0x7f, 0xff, 0xff, 0xfa, 0xcf, 0xff, 0xff, 0xff,
    0x30, 0x0, 0x8, 0xff, 0xff, 0xff, 0xf8, 0x9f,
    0xff, 0xff, 0xff, 0x30, 0x3, 0xdf, 0xff, 0xff,
    0xff, 0xf6, 0x4f, 0xff, 0xff, 0xff, 0x71, 0x9f,
    0xff, 0xff, 0xff, 0xff, 0xf1, 0xe, 0xff, 0xff,
    0xff, 0xff, 0xff, 0xff, 0xff, 0xff, 0xff, 0xb0,
    0x6, 0xff, 0xff, 0xff, 0xff, 0xff, 0xff, 0xff,
    0xff, 0xff, 0x30, 0x0, 0xbf, 0xff, 0xff, 0xff,
    0xff, 0xff, 0xff, 0xff, 0xf8, 0x0, 0x0, 0x1d,
    0xff, 0xff, 0xff, 0xff, 0xff, 0xff, 0xff, 0xa0,
    0x0, 0x0, 0x1, 0xbf, 0xff, 0xff, 0xff, 0xff,
    0xff, 0xf9, 0x0, 0x0, 0x0, 0x0, 0x6, 0xef,
    0xff, 0xff, 0xff, 0xfc, 0x40, 0x0, 0x0, 0x0,
    0x0, 0x0, 0x4, 0x9b, 0xdc, 0xb8, 0x30, 0x0,
    0x0, 0x0,

    /* U+E2EA "" */
    0x0, 0x0, 0x0, 0x0, 0x0, 0x26, 0x0, 0x0,
    0x0, 0x0, 0x0, 0x4f, 0xf8, 0x0, 0x0, 0x0,
    0x0, 0x4f, 0xff, 0x60, 0x0, 0x0, 0x0, 0x4f,
    0xff, 0x90, 0x0, 0x0, 0x0, 0x4f, 0xff, 0x90,
    0x0, 0x0, 0x0, 0x4f, 0xff, 0x90, 0x0, 0x0,
    0x0, 0x4f, 0xff, 0x90, 0x0, 0x0, 0x0, 0x4f,
    0xff, 0x90, 0x0, 0x0, 0x0, 0x4f, 0xff, 0x90,
    0x0, 0x0, 0x0, 0x4f, 0xff, 0x90, 0x0, 0x0,
    0x0, 0xe, 0xff, 0xa0, 0x0, 0x0, 0x0, 0x0,
    0xbf, 0xfe, 0x20, 0x0, 0x0, 0x0, 0x0, 0xbf,
    0xfe, 0x20, 0x0, 0x0, 0x0, 0x0, 0xbf, 0xfe,
    0x20, 0x0, 0x0, 0x0, 0x0, 0xbf, 0xfe, 0x20,
    0x0, 0x0, 0x0, 0x0, 0xbf, 0xfe, 0x20, 0x0,
    0x0, 0x0, 0x0, 0xbf, 0xfe, 0x20, 0x0, 0x0,
    0x0, 0x0, 0xbf, 0xfe, 0x20, 0x0, 0x0, 0x0,
    0x0, 0xbf, 0xfe, 0x10, 0x0, 0x0, 0x0, 0x0,
    0xbf, 0xf9, 0x0, 0x0, 0x0, 0x0, 0x0, 0xae,
    0x40, 0x0, 0x0, 0x0, 0x0, 0x0, 0x0,

    /* U+E39E "" */
    0x0, 0x0, 0x0, 0x3, 0x8b, 0xcc, 0xb8, 0x30,
    0x0, 0x0, 0x0, 0x0, 0x0, 0x4, 0xdf, 0xff,
    0xff, 0xff, 0xfd, 0x40, 0x0, 0x0, 0x0, 0x0,
    0xaf, 0xff, 0xa6, 0x55, 0x6a, 0xff, 0xfa, 0x0,
    0x0, 0x0, 0xc, 0xff, 0x91, 0x0, 0x0, 0x0,
    0x19, 0xff, 0xc0, 0x0, 0x0, 0xaf, 0xf4, 0x0,
    0x0, 0x0, 0x0, 0x0, 0x5f, 0xfa, 0x0, 0x4,
    0xff, 0x50, 0x0, 0x0, 0x0, 0x0, 0x0, 0x5,
    0xff, 0x40, 0xd, 0xf9, 0x0, 0x0, 0x0, 0x0,
    0x0, 0x0, 0x0, 0x9f, 0xd0, 0x3f, 0xf1, 0x0,
    0x0, 0x0, 0x33, 0x0, 0x0, 0x0, 0x1f, 0xf3,
    0x7f, 0xb0, 0x0, 0x0, 0x2d, 0xff, 0xd2, 0x0,
    0x0, 0xb, 0xf7, 0xaf, 0x70, 0x0, 0x0, 0xdf,
    0xff, 0xfd, 0x0, 0x0, 0x7, 0xfa, 0xcf, 0x50,
    0x0, 0x2, 0xff, 0xff, 0xff, 0x20, 0x0, 0x5,
    0xfc, 0xcf, 0x50, 0x0, 0x2, 0xff, 0xff, 0xff,
    0x20, 0x0, 0x5, 0xfc, 0xaf, 0x70, 0x0, 0x0,
    0xdf, 0xff, 0xfd, 0x0, 0x0, 0x7, 0xfa, 0x7f,
    0xb0, 0x0, 0x0, 0x2d, 0xff, 0xd2, 0x0, 0x0,
    0xb, 0xf7, 0x3f, 0xf1, 0x0, 0x0, 0x0, 0x33,
    0x0, 0x0, 0x0, 0x1f, 0xf3, 0xd, 0xf9, 0x0,
    0x0, 0x0, 0x0, 0x0, 0x0, 0x0, 0x9f, 0xd0,
    0x4, 0xff, 0x50, 0x0, 0x0, 0x0, 0x0, 0x0,
    0x5, 0xff, 0x40, 0x0, 0xaf, 0xf4, 0x0, 0x0,
    0x0, 0x0, 0x0, 0x4f, 0xfa, 0x0, 0x0, 0xc,
    0xff, 0x91, 0x0, 0x0, 0x0, 0x19, 0xff, 0xc0,
    0x0, 0x0, 0x0, 0xaf, 0xff, 0xa6, 0x45, 0x6a,
    0xff, 0xfa, 0x0, 0x0, 0x0, 0x0, 0x5, 0xdf,
    0xff, 0xff, 0xff, 0xfd, 0x50, 0x0, 0x0, 0x0,
    0x0, 0x0, 0x3, 0x8b, 0xcc, 0xb8, 0x30, 0x0,
    0x0, 0x0,

    /* U+E3AB "" */
    0x0, 0x0, 0x0, 0x0, 0x0, 0x9, 0x90, 0x0,
    0x0, 0x0, 0x0, 0x0, 0x0, 0x0, 0x0, 0x0,
    0x0, 0xbf, 0xfb, 0x0, 0x0, 0x0, 0x0, 0x0,
    0x0, 0x0, 0x0, 0x0, 0xb, 0xff, 0xff, 0xb0,
    0x0, 0x0, 0x0, 0x0, 0x0, 0x2, 0xaa, 0xaa,
    0xdf, 0xff, 0xff, 0xfd, 0xaa, 0xaa, 0x20, 0x0,
    0x0, 0xa, 0xff, 0xff, 0xff, 0xff, 0xff, 0xff,
    0xff, 0xff, 0xa0, 0x0, 0x0, 0xa, 0xff, 0xff,
    0xff, 0xff, 0xdb, 0xff, 0xff, 0xff, 0xa0, 0x0,
    0x0, 0xa, 0xff, 0xff, 0xff, 0xff, 0x10, 0x19,
    0xff, 0xff, 0xa0, 0x0, 0x0, 0xa, 0xff, 0xff,
    0xff, 0xff, 0x0, 0x0, 0x6f, 0xff, 0xa0, 0x0,
    0x0, 0xd, 0xff, 0xff, 0xff, 0xff, 0x0, 0x0,
    0xa, 0xff, 0xd0, 0x0, 0x0, 0xbf, 0xff, 0xff,
    0xff, 0xff, 0x0, 0x0, 0x1, 0xff, 0xfb, 0x0,
    0xb, 0xff, 0xff, 0xff, 0xff, 0xff, 0x0, 0x0,
    0x0, 0xcf, 0xff, 0xb0, 0x8f, 0xff, 0xff, 0xff,
    0xff, 0xff, 0x0, 0x0, 0x0, 0x9f, 0xff, 0xf9,
    0x8f, 0xff, 0xff, 0xff, 0xff, 0xff, 0x0, 0x0,
    0x0, 0x9f, 0xff, 0xf9, 0xb, 0xff, 0xff, 0xff,
    0xff, 0xff, 0x0, 0x0, 0x0, 0xcf, 0xff, 0xb0,
    0x0, 0xbf, 0xff, 0xff, 0xff, 0xff, 0x0, 0x0,
    0x1, 0xff, 0xfb, 0x0, 0x0, 0xc, 0xff, 0xff,
    0xff, 0xff, 0x0, 0x0, 0xa, 0xff, 0xd0, 0x0,
    0x0, 0xa, 0xff, 0xff, 0xff, 0xff, 0x0, 0x0,
    0x6f, 0xff, 0xa0, 0x0, 0x0, 0xa, 0xff, 0xff,
    0xff, 0xff, 0x10, 0x19, 0xff, 0xff, 0xa0, 0x0,
    0x0, 0xa, 0xff, 0xff, 0xff, 0xff, 0xdb, 0xff,
    0xff, 0xff, 0xa0, 0x0, 0x0, 0xa, 0xff, 0xff,
    0xff, 0xff, 0xff, 0xff, 0xff, 0xff, 0xa0, 0x0,
    0x0, 0x2, 0xaa, 0xaa, 0xdf, 0xff, 0xff, 0xfc,
    0xaa, 0xaa, 0x20, 0x0, 0x0, 0x0, 0x0, 0x0,
    0xb, 0xff, 0xff, 0xb0, 0x0, 0x0, 0x0, 0x0,
    0x0, 0x0, 0x0, 0x0, 0x0, 0xbf, 0xfb, 0x0,
    0x0, 0x0, 0x0, 0x0, 0x0, 0x0, 0x0, 0x0,
    0x0, 0x8, 0x80, 0x0, 0x0, 0x0, 0x0, 0x0,

    /* U+E405 "" */
    0x0, 0x0, 0x0, 0x3, 0xcf, 0xfe, 0x80, 0x0,
    0x0, 0x0, 0xd, 0xff, 0xff, 0xf5, 0x0, 0x0,
    0x0, 0xf, 0xff, 0xff, 0xf6, 0x0, 0x0, 0x0,
    0xf, 0xff, 0xff, 0xe1, 0x0, 0x0, 0x0, 0xf,
    0xf7, 0x55, 0x0, 0x0, 0x0, 0x0, 0xf, 0xf2,
    0x0, 0x0, 0x0, 0x0, 0x0, 0xf, 0xf2, 0x0,
    0x0, 0x0, 0x0, 0x0, 0xf, 0xf2, 0x0, 0x0,
    0x0, 0x0, 0x0, 0xf, 0xf2, 0x0, 0x0, 0x0,
    0x0, 0x0, 0xf, 0xf2, 0x0, 0x0, 0x0, 0x0,
    0x0, 0xf, 0xf2, 0x0, 0x0, 0x0, 0x6d, 0xff,
    0xbf, 0xf2, 0x0, 0x0, 0x8, 0xff, 0xff, 0xff,
    0xf2, 0x0, 0x0, 0x2f, 0xff, 0xff, 0xff, 0xf2,
    0x0, 0x0, 0x6f, 0xff, 0xff, 0xff, 0xf2, 0x0,
    0x0, 0x7f, 0xff, 0xff, 0xff, 0xf1, 0x0, 0x0,
    0x4f, 0xff, 0xff, 0xff, 0xe0, 0x0, 0x0, 0xb,
    0xff, 0xff, 0xff, 0x60, 0x0, 0x0, 0x1, 0xbf,
    0xff, 0xf8, 0x0, 0x0, 0x0, 0x0, 0x4, 0x87,
    0x20, 0x0, 0x0, 0x0,

    /* U+E429 "" */
    0x0, 0x0, 0x0, 0x0, 0x0, 0x0, 0x3, 0x50,
    0x0, 0x0, 0x0, 0x0, 0x0, 0x0, 0x0, 0x0,
    0xd, 0xf3, 0x0, 0x0, 0x15, 0x55, 0x55, 0x55,
    0x55, 0x50, 0xe, 0xf8, 0x55, 0x40, 0xcf, 0xff,
    0xff, 0xff, 0xff, 0xe0, 0xe, 0xff, 0xff, 0xf7,
    0x6c, 0xcc, 0xcc, 0xcc, 0xcc, 0xb0, 0xe, 0xfd,
    0xcc, 0xb2, 0x0, 0x0, 0x0, 0x0, 0x0, 0x0,
    0xe, 0xf4, 0x0, 0x0, 0x0, 0x0, 0x2, 0x0,
    0x0, 0x0, 0x8, 0xc0, 0x0, 0x0, 0x0, 0x0,
    0x7f, 0x60, 0x0, 0x0, 0x0, 0x0, 0x0, 0x0,
    0x0, 0x0, 0xaf, 0x90, 0x0, 0x0, 0x0, 0x0,
    0x0, 0x0, 0xaf, 0xff, 0xff, 0x90, 0x3f, 0xff,
    0xff, 0xff, 0xff, 0xf5, 0xaf, 0xff, 0xff, 0x90,
    0x3f, 0xff, 0xff, 0xff, 0xff, 0xf5, 0x0, 0x0,
    0xaf, 0x90, 0x0, 0x0, 0x0, 0x0, 0x0, 0x0,
    0x0, 0x0, 0x7f, 0x60, 0x0, 0x0, 0x0, 0x0,
    0x0, 0x0, 0x0, 0x0, 0x2, 0x0, 0x5, 0x30,
    0x0, 0x0, 0x0, 0x0, 0x0, 0x0, 0x0, 0x0,
    0x2f, 0xd0, 0x0, 0x0, 0x0, 0x0, 0x15, 0x55,
    0x55, 0x30, 0x3f, 0xf5, 0x55, 0x55, 0x55, 0x40,
    0xcf, 0xff, 0xff, 0x90, 0x3f, 0xff, 0xff, 0xff,
    0xff, 0xf7, 0x6c, 0xcc, 0xcc, 0x70, 0x3f, 0xfc,
    0xcc, 0xcc, 0xcc, 0xb2, 0x0, 0x0, 0x0, 0x0,
    0x3f, 0xe0, 0x0, 0x0, 0x0, 0x0, 0x0, 0x0,
    0x0, 0x0, 0xc, 0x90, 0x0, 0x0, 0x0, 0x0,

    /* U+E518 "" */
    0x0, 0x0, 0x0, 0x0, 0x0, 0x7, 0xc0, 0x0,
    0x0, 0x0, 0x0, 0x0, 0x0, 0x0, 0x0, 0x0,
    0x0, 0xd, 0xf4, 0x0, 0x0, 0x0, 0x0, 0x0,
    0x0, 0x0, 0x0, 0x0, 0x0, 0xd, 0xf4, 0x0,
    0x0, 0x0, 0x0, 0x0, 0x0, 0x0, 0x31, 0x0,
    0x0, 0xc, 0xf2, 0x0, 0x0, 0x4, 0x0, 0x0,
    0x0, 0x3, 0xff, 0x40, 0x0, 0x2, 0x40, 0x0,
    0x1, 0xdf, 0x40, 0x0, 0x0, 0x0, 0xcf, 0xf0,
    0x0, 0x0, 0x0, 0x0, 0xa, 0xfd, 0x0, 0x0,
    0x0, 0x0, 0x8, 0x80, 0x0, 0x48, 0x96, 0x10,
    0x4, 0x91, 0x0, 0x0, 0x0, 0x0, 0x0, 0x0,
    0x2c, 0xff, 0xff, 0xf6, 0x0, 0x0, 0x0, 0x0,
    0x0, 0x0, 0x0, 0x1, 0xef, 0xff, 0xff, 0xff,
    0x60, 0x0, 0x0, 0x0, 0x0, 0x0, 0x0, 0xa,
    0xff, 0xff, 0xff, 0xff, 0xf1, 0x0, 0x0, 0x0,
    0x4, 0x43, 0x0, 0xf, 0xff, 0xff, 0xff, 0xff,
    0xf6, 0x0, 0x34, 0x40, 0xcf, 0xff, 0x40, 0x2f,
    0xff, 0xff, 0xff, 0xff, 0xf9, 0x4, 0xff, 0xfc,
    0x7d, 0xdc, 0x10, 0x1f, 0xff, 0xff, 0xff, 0xff,
    0xf7, 0x1, 0xcd, 0xd7, 0x0, 0x0, 0x0, 0xe,
    0xff, 0xff, 0xff, 0xff, 0xf4, 0x0, 0x0, 0x0,
    0x0, 0x0, 0x0, 0x6, 0xff, 0xff, 0xff, 0xff,
    0xc0, 0x0, 0x0, 0x0, 0x0, 0x0, 0x0, 0x0,
    0xaf, 0xff, 0xff, 0xfe, 0x20, 0x0, 0x0, 0x0,
    0x0, 0x0, 0x0, 0x0, 0x6, 0xef, 0xff, 0xa1,
    0x0, 0x0, 0x0, 0x0, 0x0, 0x0, 0x3e, 0xe0,
    0x0, 0x1, 0x20, 0x0, 0x8, 0xf4, 0x0, 0x0,
    0x0, 0x1, 0xff, 0xd0, 0x0, 0x0, 0x0, 0x0,
    0x8, 0xff, 0x10, 0x0, 0x0, 0x2, 0xfc, 0x10,
    0x0, 0x2, 0x40, 0x0, 0x0, 0xcf, 0x30, 0x0,
    0x0, 0x0, 0x0, 0x0, 0x0, 0xc, 0xf2, 0x0,
    0x0, 0x3, 0x0, 0x0, 0x0, 0x0, 0x0, 0x0,
    0x0, 0xd, 0xf4, 0x0, 0x0, 0x0, 0x0, 0x0,
    0x0, 0x0, 0x0, 0x0, 0x0, 0xd, 0xf4, 0x0,
    0x0, 0x0, 0x0, 0x0, 0x0, 0x0, 0x0, 0x0,
    0x0, 0x7, 0xc0, 0x0, 0x0, 0x0, 0x0, 0x0,

    /* U+E5CA "" */
    0x0, 0x0, 0x0, 0x0, 0x0, 0x0, 0x0, 0x0,
    0x26, 0x0, 0x0, 0x0, 0x0, 0x0, 0x0, 0x0,
    0x0, 0x4f, 0xf2, 0x0, 0x0, 0x0, 0x0, 0x0,
    0x0, 0x0, 0x4f, 0xfc, 0x0, 0x0, 0x0, 0x0,
    0x0, 0x0, 0x0, 0x4f, 0xfc, 0x0, 0x0, 0x0,
    0x0, 0x0, 0x0, 0x0, 0x4f, 0xfc, 0x0, 0x0,
    0x0, 0x0, 0x0, 0x0, 0x0, 0x4f, 0xfc, 0x0,
    0x0, 0x0, 0x0, 0x0, 0x0, 0x0, 0x4f, 0xfc,
    0x0, 0x0, 0x3, 0x60, 0x0, 0x0, 0x0, 0x4f,
    0xfc, 0x0, 0x0, 0x0, 0xbf, 0xb0, 0x0, 0x0,
    0x4f, 0xfc, 0x0, 0x0, 0x0, 0x4, 0xff, 0xb0,
    0x0, 0x4f, 0xfc, 0x0, 0x0, 0x0, 0x0, 0x5,
    0xff, 0xb0, 0x4f, 0xfc, 0x0, 0x0, 0x0, 0x0,
    0x0, 0x5, 0xff, 0xcf, 0xfc, 0x0, 0x0, 0x0,
    0x0, 0x0, 0x0, 0x5, 0xff, 0xfc, 0x0, 0x0,
    0x0, 0x0, 0x0, 0x0, 0x0, 0x5, 0xfb, 0x0,
    0x0, 0x0, 0x0, 0x0, 0x0, 0x0, 0x0, 0x0,
    0x0, 0x0, 0x0, 0x0, 0x0, 0x0, 0x0,

    /* U+E5CD "" */
    0x1, 0x10, 0x0, 0x0, 0x0, 0x0, 0x1, 0x10,
    0xe, 0xf3, 0x0, 0x0, 0x0, 0x0, 0x3e, 0xf0,
    0xc, 0xff, 0x30, 0x0, 0x0, 0x3, 0xef, 0xd0,
    0x1, 0xcf, 0xf3, 0x0, 0x0, 0x3e, 0xfd, 0x10,
    0x0, 0x1c, 0xff, 0x30, 0x3, 0xef, 0xd1, 0x0,
    0x0, 0x1, 0xcf, 0xf3, 0x3e, 0xfd, 0x10, 0x0,
    0x0, 0x0, 0x1c, 0xff, 0xef, 0xd1, 0x0, 0x0,
    0x0, 0x0, 0x1, 0xdf, 0xfd, 0x10, 0x0, 0x0,
    0x0, 0x0, 0x3, 0xef, 0xff, 0x30, 0x0, 0x0,
    0x0, 0x0, 0x3e, 0xfd, 0xcf, 0xf3, 0x0, 0x0,
    0x0, 0x3, 0xef, 0xd1, 0x1c, 0xff, 0x30, 0x0,
    0x0, 0x3e, 0xfd, 0x10, 0x1, 0xcf, 0xf3, 0x0,
    0x2, 0xef, 0xd1, 0x0, 0x0, 0x1c, 0xff, 0x30,
    0xe, 0xfd, 0x10, 0x0, 0x0, 0x1, 0xcf, 0xe0,
    0xc, 0xc1, 0x0, 0x0, 0x0, 0x0, 0x1b, 0xc0,
    0x0, 0x0, 0x0, 0x0, 0x0, 0x0, 0x0, 0x0,

    /* U+E5CF "" */
    0x1, 0x10, 0x0, 0x0, 0x0, 0x1, 0x10, 0xe,
    0xf4, 0x0, 0x0, 0x0, 0x4f, 0xe0, 0xb, 0xff,
    0x40, 0x0, 0x4, 0xff, 0xb0, 0x0, 0xcf, 0xf4,
    0x0, 0x4f, 0xfc, 0x0, 0x0, 0xc, 0xff, 0x44,
    0xff, 0xc0, 0x0, 0x0, 0x0, 0xcf, 0xff, 0xfc,
    0x0, 0x0, 0x0, 0x0, 0xc, 0xff, 0xc0, 0x0,
    0x0, 0x0, 0x0, 0x0, 0xaa, 0x0, 0x0, 0x0,
    0x0, 0x0, 0x0, 0x0, 0x0, 0x0, 0x0,

    /* U+E5D5 "" */
    0x0, 0x0, 0x0, 0x2, 0x7a, 0x97, 0x30, 0x0,
    0x0, 0x0, 0x0, 0x0, 0x4e, 0xff, 0xff, 0xff,
    0xd5, 0x0, 0x10, 0x0, 0x0, 0x9f, 0xff, 0xb8,
    0x8b, 0xff, 0xfa, 0x8f, 0x70, 0x0, 0x8f, 0xfa,
    0x10, 0x0, 0x1, 0xbf, 0xff, 0xfa, 0x0, 0x4f,
    0xf7, 0x0, 0x0, 0x0, 0x0, 0xbf, 0xff, 0xa0,
    0xd, 0xf8, 0x0, 0x0, 0x0, 0x0, 0x7f, 0xff,
    0xfa, 0x2, 0xff, 0x0, 0x0, 0x0, 0x0, 0x3f,
    0xff, 0xff, 0xa0, 0x6f, 0xb0, 0x0, 0x0, 0x0,
    0x2, 0xde, 0xee, 0xe5, 0x9, 0xf8, 0x0, 0x0,
    0x0, 0x0, 0x0, 0x0, 0x0, 0x0, 0x9f, 0x80,
    0x0, 0x0, 0x0, 0x0, 0x0, 0x0, 0x0, 0x7,
    0xfb, 0x0, 0x0, 0x0, 0x0, 0x0, 0x0, 0x0,
    0x0, 0x4f, 0xf1, 0x0, 0x0, 0x0, 0x0, 0x0,
    0xa, 0x60, 0x0, 0xdf, 0x80, 0x0, 0x0, 0x0,
    0x0, 0xa, 0xfd, 0x0, 0x5, 0xff, 0x50, 0x0,
    0x0, 0x0, 0x6, 0xff, 0x40, 0x0, 0xa, 0xff,
    0x81, 0x0, 0x0, 0x19, 0xff, 0xa0, 0x0, 0x0,
    0xa, 0xff, 0xfb, 0x99, 0xbf, 0xff, 0x90, 0x0,
    0x0, 0x0, 0x6, 0xef, 0xff, 0xff, 0xfd, 0x50,
    0x0, 0x0, 0x0, 0x0, 0x0, 0x48, 0xa9, 0x74,
    0x0, 0x0, 0x0,

    /* U+E63E "" */
    0x0, 0x0, 0x0, 0x0, 0x0, 0x0, 0x0, 0x0,
    0x0, 0x0, 0x0, 0x0, 0x0, 0x0, 0x0, 0x0,
    0x0, 0x12, 0x20, 0x0, 0x0, 0x0, 0x0, 0x0,
    0x0, 0x0, 0x0, 0x48, 0xcf, 0xff, 0xff, 0xfc,
    0x73, 0x0, 0x0, 0x0, 0x0, 0x0, 0x6d, 0xff,
    0xff, 0xff, 0xff, 0xff, 0xff, 0xc5, 0x0, 0x0,
    0x0, 0x4e, 0xff, 0xff, 0xff, 0xfe, 0xff, 0xff,
    0xff, 0xff, 0xc2, 0x0, 0x9, 0xff, 0xff, 0xf9,
    0x51, 0x0, 0x0, 0x26, 0xbf, 0xff, 0xff, 0x60,
    0x4f, 0xff, 0xf7, 0x10, 0x0, 0x0, 0x0, 0x0,
    0x2, 0x9f, 0xff, 0xf0, 0x2f, 0xfc, 0x20, 0x0,
    0x0, 0x12, 0x10, 0x0, 0x0, 0x3, 0xdf, 0xc0,
    0x1, 0x30, 0x0, 0x3, 0x9e, 0xff, 0xff, 0xc8,
    0x10, 0x0, 0x2, 0x0, 0x0, 0x0, 0x1, 0xbf,
    0xff, 0xff, 0xff, 0xff, 0xf8, 0x0, 0x0, 0x0,
    0x0, 0x0, 0xd, 0xff, 0xff, 0xfe, 0xff, 0xff,
    0xff, 0x80, 0x0, 0x0, 0x0, 0x0, 0xe, 0xff,
    0xc4, 0x10, 0x2, 0x6e, 0xff, 0x90, 0x0, 0x0,
    0x0, 0x0, 0x3, 0x84, 0x0, 0x0, 0x0, 0x0,
    0x68, 0x10, 0x0, 0x0, 0x0, 0x0, 0x0, 0x0,
    0x0, 0x0, 0x0, 0x0, 0x0, 0x0, 0x0, 0x0,
    0x0, 0x0, 0x0, 0x0, 0x1, 0x9d, 0xc9, 0x10,
    0x0, 0x0, 0x0, 0x0, 0x0, 0x0, 0x0, 0x0,
    0x9, 0xff, 0xff, 0x80, 0x0, 0x0, 0x0, 0x0,
    0x0, 0x0, 0x0, 0x0, 0x3, 0xff, 0xff, 0x20,
    0x0, 0x0, 0x0, 0x0, 0x0, 0x0, 0x0, 0x0,
    0x0, 0x3f, 0xf3, 0x0, 0x0, 0x0, 0x0, 0x0,
    0x0, 0x0, 0x0, 0x0, 0x0, 0x1, 0x10, 0x0,
    0x0, 0x0, 0x0, 0x0,

    /* U+E836 "" */
    0x0, 0x0, 0x0, 0x3, 0x8b, 0xcc, 0xb8, 0x30,
    0x0, 0x0, 0x0, 0x0, 0x0, 0x4, 0xdf, 0xff,
    0xff, 0xff, 0xfd, 0x40, 0x0, 0x0, 0x0, 0x0,
    0xaf, 0xff, 0xa6, 0x55, 0x6a, 0xff, 0xfa, 0x0,
    0x0, 0x0, 0xc, 0xff, 0x91, 0x0, 0x0, 0x0,
    0x19, 0xff, 0xc0, 0x0, 0x0, 0xaf, 0xf4, 0x0,
    0x0, 0x0, 0x0, 0x0, 0x5f, 0xfa, 0x0, 0x4,
    0xff, 0x50, 0x0, 0x0, 0x0, 0x0, 0x0, 0x5,
    0xff, 0x40, 0xd, 0xf9, 0x0, 0x0, 0x0, 0x0,
    0x0, 0x0, 0x0, 0x9f, 0xd0, 0x3f, 0xf1, 0x0,
    0x0, 0x0, 0x0, 0x0, 0x0, 0x0, 0x1f, 0xf3,
    0x7f, 0xb0, 0x0, 0x0, 0x0, 0x0, 0x0, 0x0,
    0x0, 0xb, 0xf7, 0xaf, 0x70, 0x0, 0x0, 0x0,
    0x0, 0x0, 0x0, 0x0, 0x7, 0xfa, 0xcf, 0x50,
    0x0, 0x0, 0x0, 0x0, 0x0, 0x0, 0x0, 0x5,
    0xfc, 0xcf, 0x50, 0x0, 0x0, 0x0, 0x0, 0x0,
    0x0, 0x0, 0x5, 0xfc, 0xaf, 0x70, 0x0, 0x0,
    0x0, 0x0, 0x0, 0x0, 0x0, 0x7, 0xfa, 0x7f,
    0xb0, 0x0, 0x0, 0x0, 0x0, 0x0, 0x0, 0x0,
    0xb, 0xf7, 0x3f, 0xf1, 0x0, 0x0, 0x0, 0x0,
    0x0, 0x0, 0x0, 0x1f, 0xf3, 0xd, 0xf9, 0x0,
    0x0, 0x0, 0x0, 0x0, 0x0, 0x0, 0x9f, 0xd0,
    0x4, 0xff, 0x50, 0x0, 0x0, 0x0, 0x0, 0x0,
    0x5, 0xff, 0x40, 0x0, 0xaf, 0xf4, 0x0, 0x0,
    0x0, 0x0, 0x0, 0x4f, 0xfa, 0x0, 0x0, 0xc,
    0xff, 0x91, 0x0, 0x0, 0x0, 0x19, 0xff, 0xc0,
    0x0, 0x0, 0x0, 0xaf, 0xff, 0xa6, 0x45, 0x6a,
    0xff, 0xfa, 0x0, 0x0, 0x0, 0x0, 0x5, 0xdf,
    0xff, 0xff, 0xff, 0xfd, 0x50, 0x0, 0x0, 0x0,
    0x0, 0x0, 0x3, 0x8b, 0xcc, 0xb8, 0x30, 0x0,
    0x0, 0x0,

    /* U+E872 "" */
    0x0, 0x0, 0x6e, 0xff, 0xff, 0xc2, 0x0, 0x0,
    0x5e, 0xee, 0xff, 0xff, 0xff, 0xff, 0xee, 0xc1,
    0xaf, 0xff, 0xff, 0xff, 0xff, 0xff, 0xff, 0xf3,
    0x4, 0x44, 0x44, 0x44, 0x44, 0x44, 0x44, 0x20,
    0x0, 0x3, 0x33, 0x33, 0x33, 0x33, 0x20, 0x0,
    0x2, 0xef, 0xff, 0xff, 0xff, 0xff, 0xfa, 0x0,
    0x9, 0xff, 0xff, 0xff, 0xff, 0xff, 0xff, 0x30,
    0xb, 0xff, 0xff, 0xff, 0xff, 0xff, 0xff, 0x40,
    0xb, 0xff, 0xff, 0xff, 0xff, 0xff, 0xff, 0x40,
    0xb, 0xff, 0xff, 0xff, 0xff, 0xff, 0xff, 0x40,
    0xb, 0xff, 0xff, 0xff, 0xff, 0xff, 0xff, 0x40,
    0xb, 0xff, 0xff, 0xff, 0xff, 0xff, 0xff, 0x40,
    0xb, 0xff, 0xff, 0xff, 0xff, 0xff, 0xff, 0x40,
    0xb, 0xff, 0xff, 0xff, 0xff, 0xff, 0xff, 0x40,
    0xb, 0xff, 0xff, 0xff, 0xff, 0xff, 0xff, 0x40,
    0xb, 0xff, 0xff, 0xff, 0xff, 0xff, 0xff, 0x40,
    0xb, 0xff, 0xff, 0xff, 0xff, 0xff, 0xff, 0x40,
    0xb, 0xff, 0xff, 0xff, 0xff, 0xff, 0xff, 0x40,
    0x8, 0xff, 0xff, 0xff, 0xff, 0xff, 0xff, 0x20,
    0x0, 0xae, 0xff, 0xff, 0xff, 0xff, 0xd6, 0x0,

    /* U+E88A "" */
    0x0, 0x0, 0x0, 0x0, 0x0, 0x44, 0x0, 0x0,
    0x0, 0x0, 0x0, 0x0, 0x0, 0x0, 0x0, 0x7,
    0xff, 0x80, 0x0, 0x0, 0x0, 0x0, 0x0, 0x0,
    0x0, 0x0, 0x9f, 0xff, 0xf9, 0x0, 0x0, 0x0,
    0x0, 0x0, 0x0, 0x0, 0xa, 0xff, 0xff, 0xff,
    0xb0, 0x0, 0x0, 0x0, 0x0, 0x0, 0x1, 0xcf,
    0xff, 0xff, 0xff, 0xfc, 0x10, 0x0, 0x0, 0x0,
    0x0, 0x1d, 0xff, 0xff, 0xff, 0xff, 0xff, 0xd1,
    0x0, 0x0, 0x0, 0x2, 0xef, 0xff, 0xff, 0xff,
    0xff, 0xff, 0xfe, 0x20, 0x0, 0x0, 0x3e, 0xff,
    0xff, 0xff, 0xff, 0xff, 0xff, 0xff, 0xe3, 0x0,
    0x4, 0xff, 0xff, 0xff, 0xff, 0xff, 0xff, 0xff,
    0xff, 0xff, 0x40, 0x9, 0xde, 0xff, 0xff, 0xff,
    0xff, 0xff, 0xff, 0xff, 0xed, 0x90, 0x0, 0x7,
    0xff, 0xff, 0xff, 0xff, 0xff, 0xff, 0xff, 0x70,
    0x0, 0x0, 0x7, 0xff, 0xff, 0xff, 0xff, 0xff,
    0xff, 0xff, 0x70, 0x0, 0x0, 0x7, 0xff, 0xff,
    0xe0, 0x0, 0xe, 0xff, 0xff, 0x70, 0x0, 0x0,
    0x7, 0xff, 0xff, 0xe0, 0x0, 0xe, 0xff, 0xff,
    0x70, 0x0, 0x0, 0x7, 0xff, 0xff, 0xe0, 0x0,
    0xe, 0xff, 0xff, 0x70, 0x0, 0x0, 0x7, 0xff,
    0xff, 0xe0, 0x0, 0xe, 0xff, 0xff, 0x70, 0x0,
    0x0, 0x7, 0xff, 0xff, 0xe0, 0x0, 0xe, 0xff,
    0xff, 0x70, 0x0, 0x0, 0x6, 0xff, 0xff, 0xd0,
    0x0, 0xd, 0xff, 0xff, 0x60, 0x0, 0x0, 0x0,
    0x78, 0x88, 0x30, 0x0, 0x3, 0x88, 0x87, 0x0,
    0x0,

    /* U+E8AC "" */
    0x0, 0x0, 0x0, 0x0, 0x7, 0x70, 0x0, 0x0,
    0x0, 0x0, 0x0, 0x0, 0x0, 0x0, 0xf, 0xf0,
    0x0, 0x0, 0x0, 0x0, 0x0, 0x0, 0x0, 0x0,
    0xf, 0xf0, 0x0, 0x0, 0x0, 0x0, 0x0, 0x2c,
    0x50, 0x0, 0xf, 0xf0, 0x0, 0x5, 0xc2, 0x0,
    0x1, 0xdf, 0x90, 0x0, 0xf, 0xf0, 0x0, 0x9,
    0xfd, 0x0, 0x8, 0xff, 0x20, 0x0, 0xf, 0xf0,
    0x0, 0x2, 0xff, 0x80, 0x1f, 0xf7, 0x0, 0x0,
    0xf, 0xf0, 0x0, 0x0, 0x7f, 0xf1, 0x6f, 0xe0,
    0x0, 0x0, 0xf, 0xf0, 0x0, 0x0, 0xe, 0xf5,
    0x9f, 0xa0, 0x0, 0x0, 0xf, 0xf0, 0x0, 0x0,
    0xb, 0xf9, 0xbf, 0x70, 0x0, 0x0, 0xf, 0xf0,
    0x0, 0x0, 0x8, 0xfb, 0xbf, 0x70, 0x0, 0x0,
    0xc, 0xc0, 0x0, 0x0, 0x7, 0xfb, 0x9f, 0x90,
    0x0, 0x0, 0x0, 0x0, 0x0, 0x0, 0x9, 0xf9,
    0x6f, 0xd0, 0x0, 0x0, 0x0, 0x0, 0x0, 0x0,
    0xd, 0xf6, 0x1f, 0xf5, 0x0, 0x0, 0x0, 0x0,
    0x0, 0x0, 0x5f, 0xf1, 0xa, 0xfe, 0x10, 0x0,
    0x0, 0x0, 0x0, 0x1, 0xef, 0xa0, 0x1, 0xef,
    0xb1, 0x0, 0x0, 0x0, 0x0, 0x1b, 0xff, 0x20,
    0x0, 0x4f, 0xfe, 0x50, 0x0, 0x0, 0x4, 0xef,
    0xf5, 0x0, 0x0, 0x4, 0xff, 0xfc, 0x86, 0x57,
    0xcf, 0xff, 0x50, 0x0, 0x0, 0x0, 0x2b, 0xff,
    0xff, 0xff, 0xff, 0xb2, 0x0, 0x0, 0x0, 0x0,
    0x0, 0x28, 0xbd, 0xcb, 0x73, 0x0, 0x0, 0x0,
    0x0, 0x0, 0x0, 0x0, 0x0, 0x0, 0x0, 0x0,
    0x0, 0x0,

    /* U+E8B6 "" */
    0x0, 0x0, 0x0, 0x0, 0x0, 0x0, 0x0, 0x0,
    0x0, 0x0, 0x0, 0x0, 0x2, 0x7a, 0xb9, 0x40,
    0x0, 0x0, 0x0, 0x0, 0x0, 0x0, 0x9f, 0xff,
    0xff, 0xfe, 0x40, 0x0, 0x0, 0x0, 0x0, 0xc,
    0xff, 0xd9, 0x7a, 0xef, 0xf5, 0x0, 0x0, 0x0,
    0x0, 0x9f, 0xf7, 0x0, 0x0, 0x1b, 0xff, 0x20,
    0x0, 0x0, 0x2, 0xff, 0x60, 0x0, 0x0, 0x0,
    0xcf, 0xa0, 0x0, 0x0, 0x7, 0xfd, 0x0, 0x0,
    0x0, 0x0, 0x3f, 0xf0, 0x0, 0x0, 0xa, 0xf9,
    0x0, 0x0, 0x0, 0x0, 0xf, 0xf3, 0x0, 0x0,
    0xb, 0xf7, 0x0, 0x0, 0x0, 0x0, 0xd, 0xf4,
    0x0, 0x0, 0x9, 0xfa, 0x0, 0x0, 0x0, 0x0,
    0xf, 0xf2, 0x0, 0x0, 0x5, 0xfe, 0x10, 0x0,
    0x0, 0x0, 0x6f, 0xe0, 0x0, 0x0, 0x0, 0xef,
    0xb0, 0x0, 0x0, 0x2, 0xff, 0x80, 0x0, 0x0,
    0x0, 0x4f, 0xfc, 0x30, 0x0, 0x6f, 0xfd, 0x0,
    0x0, 0x0, 0x0, 0x5, 0xff, 0xff, 0xdf, 0xff,
    0xef, 0xc3, 0x0, 0x0, 0x0, 0x0, 0x2a, 0xff,
    0xff, 0xe8, 0xc, 0xfe, 0x20, 0x0, 0x0, 0x0,
    0x0, 0x4, 0x53, 0x0, 0x3, 0xef, 0xe2, 0x0,
    0x0, 0x0, 0x0, 0x0, 0x0, 0x0, 0x0, 0x3e,
    0xfe, 0x20, 0x0, 0x0, 0x0, 0x0, 0x0, 0x0,
    0x0, 0x3, 0xef, 0xe2, 0x0, 0x0, 0x0, 0x0,
    0x0, 0x0, 0x0, 0x0, 0x3e, 0xf9, 0x0, 0x0,
    0x0, 0x0, 0x0, 0x0, 0x0, 0x0, 0x2, 0x93,

    /* U+EBD6 "" */
    0x0, 0x0, 0x0, 0x0, 0x48, 0xab, 0xdc, 0xb9,
    0x72, 0x0, 0x0, 0x0, 0x0, 0x0, 0x0, 0x3,
    0xaf, 0xff, 0xff, 0xff, 0xff, 0xff, 0xe9, 0x10,
    0x0, 0x0, 0x0, 0x3, 0xbf, 0xff, 0xfb, 0x87,
    0x56, 0x79, 0xcf, 0xff, 0xf9, 0x10, 0x0, 0x0,
    0x8f, 0xff, 0xb4, 0x0, 0x0, 0x0, 0x0, 0x1,
    0x6d, 0xff, 0xf5, 0x0, 0x1c, 0xff, 0xc3, 0x0,
    0x0, 0x0, 0x0, 0x0, 0x0, 0x0, 0x4e, 0xff,
    0x90, 0x8f, 0xf7, 0x0, 0x0, 0x0, 0x0, 0x0,
    0x0, 0x0, 0x0, 0x0, 0xaf, 0xf4, 0x3f, 0xfb,
    0x0, 0x0, 0x0, 0x0, 0x0, 0x0, 0x0, 0x0,
    0x2, 0xef, 0xd0, 0x4, 0xff, 0xb0, 0x0, 0x0,
    0x0, 0x0, 0x0, 0x0, 0x0, 0x2e, 0xfd, 0x10,
    0x0, 0x4f, 0xfb, 0x0, 0x0, 0x0, 0x0, 0x0,
    0x0, 0x2, 0xef, 0xd1, 0x0, 0x0, 0x4, 0xff,
    0xb0, 0x5, 0xac, 0xfe, 0xc9, 0x30, 0x1e, 0xfe,
    0x20, 0x0, 0x0, 0x0, 0x4f, 0xfc, 0xdf, 0xff,
    0xff, 0xff, 0xfc, 0xdf, 0xe2, 0x0, 0x0, 0x0,
    0x0, 0x4, 0xff, 0xff, 0xff, 0xff, 0xff, 0xff,
    0xfe, 0x20, 0x0, 0x0, 0x0, 0x0, 0x0, 0x5f,
    0xff, 0xff, 0xff, 0xff, 0xff, 0xe2, 0x0, 0x0,
    0x0, 0x0, 0x0, 0x0, 0x5, 0xff, 0xff, 0xff,
    0xff, 0xfe, 0x20, 0x0, 0x0, 0x0, 0x0, 0x0,
    0x0, 0x0, 0x5f, 0xff, 0xff, 0xff, 0xe2, 0x0,
    0x0, 0x0, 0x0, 0x0, 0x0, 0x0, 0x0, 0x5,
    0xff, 0xff, 0xfe, 0x20, 0x0, 0x0, 0x0, 0x0,
    0x0, 0x0, 0x0, 0x0, 0x0, 0x5f, 0xff, 0xe2,
    0x0, 0x0, 0x0, 0x0, 0x0, 0x0, 0x0, 0x0,
    0x0, 0x0, 0x6, 0xfe, 0x30, 0x0, 0x0, 0x0,
    0x0, 0x0, 0x0, 0x0, 0x0, 0x0, 0x0, 0x0,
    0x21, 0x0, 0x0, 0x0, 0x0, 0x0, 0x0,

    /* U+EBE1 "" */
    0x0, 0x0, 0x0, 0x0, 0x48, 0xab, 0xdc, 0xb9,
    0x72, 0x0, 0x0, 0x0, 0x0, 0x0, 0x0, 0x3,
    0xaf, 0xff, 0xff, 0xff, 0xff, 0xff, 0xe9, 0x10,
    0x0, 0x0, 0x0, 0x3, 0xbf, 0xff, 0xfb, 0x87,
    0x56, 0x79, 0xdf, 0xff, 0xf9, 0x10, 0x0, 0x0,
    0x8f, 0xff, 0xb4, 0x0, 0x0, 0x0, 0x0, 0x1,
    0x6d, 0xff, 0xe5, 0x0, 0x1b, 0xff, 0xc2, 0x0,
    0x0, 0x0, 0x0, 0x0, 0x0, 0x0, 0x5e, 0xff,
    0x80, 0x8f, 0xf7, 0x0, 0x0, 0x0, 0x0, 0x0,
    0x0, 0x0, 0x0, 0x1, 0xbf, 0xf4, 0x3f, 0xfb,
    0x0, 0x0, 0x0, 0x0, 0x11, 0x0, 0x0, 0x0,
    0x1, 0xdf, 0xd1, 0x4, 0xff, 0xb0, 0x0, 0x39,
    0xdf, 0xff, 0xfc, 0x81, 0x0, 0x1d, 0xfe, 0x10,
    0x0, 0x4f, 0xfa, 0x3b, 0xff, 0xff, 0xff, 0xff,
    0xff, 0x92, 0xdf, 0xe2, 0x0, 0x0, 0x4, 0xff,
    0xff, 0xff, 0xff, 0xff, 0xff, 0xff, 0xff, 0xfe,
    0x20, 0x0, 0x0, 0x0, 0x5f, 0xff, 0xff, 0xff,
    0xff, 0xff, 0xff, 0xff, 0xe2, 0x0, 0x0, 0x0,
    0x0, 0x5, 0xff, 0xff, 0xff, 0xff, 0xff, 0xff,
    0xfe, 0x20, 0x0, 0x0, 0x0, 0x0, 0x0, 0x5f,
    0xff, 0xff, 0xff, 0xff, 0xff, 0xe2, 0x0, 0x0,
    0x0, 0x0, 0x0, 0x0, 0x5, 0xff, 0xff, 0xff,
    0xff, 0xfe, 0x20, 0x0, 0x0, 0x0, 0x0, 0x0,
    0x0, 0x0, 0x5f, 0xff, 0xff, 0xff, 0xe2, 0x0,
    0x0, 0x0, 0x0, 0x0, 0x0, 0x0, 0x0, 0x6,
    0xff, 0xff, 0xfe, 0x30, 0x0, 0x0, 0x0, 0x0,
    0x0, 0x0, 0x0, 0x0, 0x0, 0x6f, 0xff, 0xf3,
    0x0, 0x0, 0x0, 0x0, 0x0, 0x0, 0x0, 0x0,
    0x0, 0x0, 0x6, 0xff, 0x30, 0x0, 0x0, 0x0,
    0x0, 0x0, 0x0, 0x0, 0x0, 0x0, 0x0, 0x0,
    0x21, 0x0, 0x0, 0x0, 0x0, 0x0, 0x0,

    /* U+EBE4 "" */
    0x0, 0x0, 0x0, 0x0, 0x37, 0x9b, 0xcc, 0xb9,
    0x73, 0x0, 0x0, 0x0, 0x0, 0x0, 0x0, 0x3,
    0x9e, 0xff, 0xff, 0xff, 0xff, 0xff, 0xe9, 0x30,
    0x0, 0x0, 0x0, 0x2, 0xaf, 0xff, 0xfc, 0x87,
    0x55, 0x78, 0xcf, 0xff, 0xfa, 0x20, 0x0, 0x0,
    0x8f, 0xff, 0xb4, 0x0, 0x0, 0x0, 0x0, 0x0,
    0x4b, 0xff, 0xf7, 0x0, 0xa, 0xff, 0xc2, 0x0,
    0x0, 0x0, 0x0, 0x0, 0x0, 0x0, 0x2c, 0xff,
    0xa0, 0xbf, 0xf8, 0x0, 0x0, 0x0, 0x0, 0x0,
    0x0, 0x0, 0x0, 0x0, 0x8f, 0xfb, 0x2e, 0xfe,
    0x20, 0x0, 0x0, 0x0, 0x0, 0x0, 0x0, 0x0,
    0x2, 0xef, 0xe2, 0x2, 0xef, 0xe2, 0x0, 0x0,
    0x0, 0x0, 0x0, 0x0, 0x0, 0x1e, 0xfe, 0x20,
    0x0, 0x2e, 0xfe, 0x10, 0x0, 0x0, 0x0, 0x0,
    0x0, 0x1, 0xdf, 0xe2, 0x0, 0x0, 0x2, 0xef,
    0xd1, 0x0, 0x0, 0x0, 0x0, 0x0, 0x1d, 0xfe,
    0x20, 0x0, 0x0, 0x0, 0x2e, 0xfd, 0x10, 0x0,
    0x0, 0x0, 0x1, 0xdf, 0xe2, 0x0, 0x0, 0x0,
    0x0, 0x2, 0xef, 0xd3, 0x8c, 0xee, 0xc8, 0x3d,
    0xfe, 0x20, 0x0, 0x0, 0x0, 0x0, 0x0, 0x2e,
    0xff, 0xff, 0xff, 0xff, 0xff, 0xe2, 0x0, 0x0,
    0x0, 0x0, 0x0, 0x0, 0x2, 0xef, 0xff, 0xff,
    0xff, 0xfe, 0x20, 0x0, 0x0, 0x0, 0x0, 0x0,
    0x0, 0x0, 0x2e, 0xff, 0xff, 0xff, 0xe2, 0x0,
    0x0, 0x0, 0x0, 0x0, 0x0, 0x0, 0x0, 0x2,
    0xef, 0xff, 0xfe, 0x20, 0x0, 0x0, 0x0, 0x0,
    0x0, 0x0, 0x0, 0x0, 0x0, 0x2e, 0xff, 0xe2,
    0x0, 0x0, 0x0, 0x0, 0x0, 0x0, 0x0, 0x0,
    0x0, 0x0, 0x2, 0xee, 0x20, 0x0, 0x0, 0x0,
    0x0, 0x0, 0x0, 0x0, 0x0, 0x0, 0x0, 0x0,
    0x22, 0x0, 0x0, 0x0, 0x0, 0x0, 0x0,

    /* U+EF4A "" */
    0x0, 0x0, 0x0, 0x2, 0x79, 0xbb, 0x97, 0x20,
    0x0, 0x0, 0x0, 0x0, 0x0, 0x3, 0xcf, 0xff,
    0xff, 0xff, 0xfc, 0x30, 0x0, 0x0, 0x0, 0x0,
    0x8f, 0xff, 0xff, 0xff, 0xff, 0xff, 0xf8, 0x0,
    0x0, 0x0, 0xb, 0xff, 0xff, 0xff, 0xff, 0xff,
    0xff, 0xff, 0xb0, 0x0, 0x0, 0x9f, 0xff, 0xff,
    0xff, 0xff, 0xff, 0xff, 0xff, 0xf9, 0x0, 0x3,
    0xff, 0xff, 0xff, 0xff, 0xff, 0xff, 0xff, 0xff,
    0xff, 0x30, 0xc, 0xff, 0xff, 0xff, 0xff, 0xff,
    0xff, 0xff, 0xff, 0xff, 0xc0, 0x2f, 0xff, 0xff,
    0xff, 0xff, 0xff, 0xff, 0xff, 0xff, 0xff, 0xf2,
    0x7f, 0xff, 0xff, 0xff, 0xff, 0xff, 0xff, 0xff,
    0xff, 0xff, 0xf7, 0xaf, 0xff, 0xff, 0xff, 0xff,
    0xff, 0xff, 0xff, 0xff, 0xff, 0xfa, 0xcf, 0xff,
    0xff, 0xff, 0xff, 0xff, 0xff, 0xff, 0xff, 0xff,
    0xfc, 0xcf, 0xff, 0xff, 0xff, 0xff, 0xff, 0xff,
    0xff, 0xff, 0xff, 0xfc, 0xaf, 0xff, 0xff, 0xff,
    0xff, 0xff, 0xff, 0xff, 0xff, 0xff, 0xfa, 0x8f,
    0xff, 0xff, 0xff, 0xff, 0xff, 0xff, 0xff, 0xff,
    0xff, 0xf8, 0x3f, 0xff, 0xff, 0xff, 0xff, 0xff,
    0xff, 0xff, 0xff, 0xff, 0xf3, 0xd, 0xff, 0xff,
    0xff, 0xff, 0xff, 0xff, 0xff, 0xff, 0xff, 0xd0,
    0x4, 0xff, 0xff, 0xff, 0xff, 0xff, 0xff, 0xff,
    0xff, 0xff, 0x40, 0x0, 0xaf, 0xff, 0xff, 0xff,
    0xff, 0xff, 0xff, 0xff, 0xfa, 0x0, 0x0, 0xc,
    0xff, 0xff, 0xff, 0xff, 0xff, 0xff, 0xff, 0xc0,
    0x0, 0x0, 0x0, 0xaf, 0xff, 0xff, 0xff, 0xff,
    0xff, 0xfa, 0x0, 0x0, 0x0, 0x0, 0x5, 0xdf,
    0xff, 0xff, 0xff, 0xfd, 0x50, 0x0, 0x0, 0x0,
    0x0, 0x0, 0x3, 0x8b, 0xcc, 0xb8, 0x30, 0x0,
    0x0, 0x0,

    /* U+F001 "" */
    0x0, 0x0, 0x0, 0x0, 0x0, 0x0, 0x0, 0x0,
    0x0, 0x0, 0x0, 0x0, 0x0, 0x0, 0x0, 0x0,
    0x0, 0x0, 0x0, 0x0, 0x0, 0x0, 0x0, 0x0,
    0x4, 0x9c, 0x70, 0x0, 0x0, 0x0, 0x0, 0x0,
    0x0, 0x0, 0x0, 0x0, 0x26, 0xbf, 0xff, 0xff,
    0x10, 0x0, 0x0, 0x0, 0x0, 0x0, 0x0, 0x0,
    0x38, 0xdf, 0xff, 0xff, 0xff, 0xf2, 0x0, 0x0,
    0x0, 0x0, 0x0, 0x1, 0x5a, 0xff, 0xff, 0xff,
    0xff, 0xff, 0xff, 0x20, 0x0, 0x0, 0x0, 0x3,
    0x7c, 0xff, 0xff, 0xff, 0xff, 0xff, 0xff, 0xff,
    0xf2, 0x0, 0x0, 0x0, 0x1d, 0xff, 0xff, 0xff,
    0xff, 0xff, 0xff, 0xff, 0xff, 0xff, 0x20, 0x0,
    0x0, 0x4, 0xff, 0xff, 0xff, 0xff, 0xff, 0xff,
    0xff, 0xff, 0xff, 0xf2, 0x0, 0x0, 0x0, 0x5f,
    0xff, 0xff, 0xff, 0xff, 0xff, 0xff, 0xe9, 0x6f,
    0xff, 0x20, 0x0, 0x0, 0x5, 0xff, 0xff, 0xff,
    0xff, 0xff, 0xc7, 0x30, 0x1, 0xff, 0xf2, 0x0,
    0x0, 0x0, 0x5f, 0xff, 0xff, 0xff, 0xa5, 0x10,
    0x0, 0x0, 0x1f, 0xff, 0x20, 0x0, 0x0, 0x5,
    0xff, 0xfd, 0x83, 0x0, 0x0, 0x0, 0x0, 0x1,
    0xff, 0xf2, 0x0, 0x0, 0x0, 0x5f, 0xfe, 0x0,
    0x0, 0x0, 0x0, 0x0, 0x0, 0x1f, 0xff, 0x20,
    0x0, 0x0, 0x5, 0xff, 0xe0, 0x0, 0x0, 0x0,
    0x0, 0x0, 0x1, 0xff, 0xf2, 0x0, 0x0, 0x0,
    0x5f, 0xfe, 0x0, 0x0, 0x0, 0x0, 0x0, 0x0,
    0x1f, 0xff, 0x20, 0x0, 0x0, 0x5, 0xff, 0xe0,
    0x0, 0x0, 0x0, 0x0, 0x0, 0x1, 0xff, 0xf2,
    0x0, 0x0, 0x0, 0x5f, 0xfe, 0x0, 0x0, 0x0,
    0x0, 0x0, 0x0, 0x1f, 0xff, 0x20, 0x0, 0x0,
    0x5, 0xff, 0xe0, 0x0, 0x0, 0x0, 0x0, 0x58,
    0x98, 0xff, 0xf2, 0x0, 0x0, 0x0, 0x5f, 0xfe,
    0x0, 0x0, 0x0, 0x6, 0xef, 0xff, 0xff, 0xff,
    0x20, 0x0, 0x0, 0x5, 0xff, 0xe0, 0x0, 0x0,
    0x4, 0xff, 0xff, 0xff, 0xff, 0xf2, 0x0, 0x2,
    0x44, 0x7f, 0xfe, 0x0, 0x0, 0x0, 0x8f, 0xff,
    0xff, 0xff, 0xff, 0x20, 0x5d, 0xff, 0xff, 0xff,
    0xe0, 0x0, 0x0, 0x6, 0xff, 0xff, 0xff, 0xff,
    0xf0, 0x5f, 0xff, 0xff, 0xff, 0xfe, 0x0, 0x0,
    0x0, 0xa, 0xff, 0xff, 0xff, 0xf4, 0xc, 0xff,
    0xff, 0xff, 0xff, 0xe0, 0x0, 0x0, 0x0, 0x3,
    0xac, 0xdb, 0x81, 0x0, 0xbf, 0xff, 0xff, 0xff,
    0xfc, 0x0, 0x0, 0x0, 0x0, 0x0, 0x0, 0x0,
    0x0, 0x3, 0xff, 0xff, 0xff, 0xff, 0x40, 0x0,
    0x0, 0x0, 0x0, 0x0, 0x0, 0x0, 0x0, 0x2,
    0x9f, 0xff, 0xfa, 0x20, 0x0, 0x0, 0x0, 0x0,
    0x0, 0x0, 0x0, 0x0, 0x0, 0x0, 0x1, 0x10,
    0x0, 0x0, 0x0, 0x0, 0x0, 0x0, 0x0, 0x0,
    0x0, 0x0,

    /* U+F008 "" */
    0x34, 0x0, 0x18, 0x88, 0x88, 0x88, 0x88, 0x88,
    0x88, 0x88, 0x81, 0x0, 0x43, 0xea, 0x0, 0x2f,
    0xff, 0xff, 0xff, 0xff, 0xff, 0xff, 0xff, 0xf2,
    0x0, 0xae, 0xff, 0xee, 0xff, 0xff, 0xff, 0xff,
    0xff, 0xff, 0xff, 0xff, 0xff, 0xee, 0xff, 0xff,
    0xcc, 0xdf, 0xf5, 0x0, 0x0, 0x0, 0x0, 0x0,
    0x5f, 0xfd, 0xcc, 0xff, 0xfa, 0x0, 0x2f, 0xf5,
    0x0, 0x0, 0x0, 0x0, 0x0, 0x5f, 0xf2, 0x0,
    0xaf, 0xfa, 0x0, 0x2f, 0xf5, 0x0, 0x0, 0x0,
    0x0, 0x0, 0x5f, 0xf2, 0x0, 0xaf, 0xfb, 0x0,
    0x3f, 0xf5, 0x0, 0x0, 0x0, 0x0, 0x0, 0x5f,
    0xf3, 0x0, 0xbf, 0xff, 0xff, 0xff, 0xf5, 0x0,
    0x0, 0x0, 0x0, 0x0, 0x5f, 0xff, 0xff, 0xff,
    0xfe, 0xaa, 0xcf, 0xf6, 0x0, 0x0, 0x0, 0x0,
    0x0, 0x6f, 0xfc, 0xaa, 0xef, 0xfa, 0x0, 0x2f,
    0xff, 0xff, 0xff, 0xff, 0xff, 0xff, 0xff, 0xf2,
    0x0, 0xaf, 0xfa, 0x0, 0x2f, 0xff, 0xff, 0xff,
    0xff, 0xff, 0xff, 0xff, 0xf2, 0x0, 0xaf, 0xfc,
    0x22, 0x5f, 0xfb, 0x77, 0x77, 0x77, 0x77, 0x77,
    0xbf, 0xf5, 0x22, 0xcf, 0xff, 0xff, 0xff, 0xf5,
    0x0, 0x0, 0x0, 0x0, 0x0, 0x5f, 0xff, 0xff,
    0xff, 0xfe, 0x88, 0xaf, 0xf5, 0x0, 0x0, 0x0,
    0x0, 0x0, 0x5f, 0xfa, 0x88, 0xef, 0xfa, 0x0,
    0x2f, 0xf5, 0x0, 0x0, 0x0, 0x0, 0x0, 0x5f,
    0xf2, 0x0, 0xaf, 0xfa, 0x0, 0x2f, 0xf5, 0x0,
    0x0, 0x0, 0x0, 0x0, 0x5f, 0xf2, 0x0, 0xaf,
    0xfc, 0x44, 0x6f, 0xf5, 0x0, 0x0, 0x0, 0x0,
    0x0, 0x5f, 0xf6, 0x44, 0xcf, 0xff, 0xff, 0xff,
    0xfb, 0x77, 0x77, 0x77, 0x77, 0x77, 0xbf, 0xff,
    0xff, 0xff, 0xfd, 0x66, 0x8f, 0xff, 0xff, 0xff,
    0xff, 0xff, 0xff, 0xff, 0xf8, 0x66, 0xdf, 0xa9,
    0x0, 0x2f, 0xff, 0xff, 0xff, 0xff, 0xff, 0xff,
    0xff, 0xf2, 0x0, 0x9a,

    /* U+F00B "" */
    0x0, 0x0, 0x0, 0x0, 0x0, 0x0, 0x0, 0x0,
    0x0, 0x0, 0x0, 0x0, 0x0, 0xbf, 0xff, 0xff,
    0xf4, 0x8, 0xff, 0xff, 0xff, 0xff, 0xff, 0xff,
    0xff, 0xfb, 0xff, 0xff, 0xff, 0xf8, 0xc, 0xff,
    0xff, 0xff, 0xff, 0xff, 0xff, 0xff, 0xff, 0xff,
    0xff, 0xff, 0xf9, 0xd, 0xff, 0xff, 0xff, 0xff,
    0xff, 0xff, 0xff, 0xff, 0xff, 0xff, 0xff, 0xf9,
    0xd, 0xff, 0xff, 0xff, 0xff, 0xff, 0xff, 0xff,
    0xff, 0xff, 0xff, 0xff, 0xf9, 0xd, 0xff, 0xff,
    0xff, 0xff, 0xff, 0xff, 0xff, 0xff, 0xef, 0xff,
    0xff, 0xf7, 0xb, 0xff, 0xff, 0xff, 0xff, 0xff,
    0xff, 0xff, 0xfe, 0x37, 0x77, 0x77, 0x60, 0x1,
    0x67, 0x77, 0x77, 0x77, 0x77, 0x77, 0x77, 0x73,
    0x0, 0x0, 0x0, 0x0, 0x0, 0x0, 0x0, 0x0,
    0x0, 0x0, 0x0, 0x0, 0x0, 0xaf, 0xff, 0xff,
    0xf4, 0x7, 0xff, 0xff, 0xff, 0xff, 0xff, 0xff,
    0xff, 0xfa, 0xff, 0xff, 0xff, 0xf8, 0xc, 0xff,
    0xff, 0xff, 0xff, 0xff, 0xff, 0xff, 0xff, 0xff,
    0xff, 0xff, 0xf9, 0xd, 0xff, 0xff, 0xff, 0xff,
    0xff, 0xff, 0xff, 0xff, 0xff, 0xff, 0xff, 0xf9,
    0xd, 0xff, 0xff, 0xff, 0xff, 0xff, 0xff, 0xff,
    0xff, 0xff, 0xff, 0xff, 0xf9, 0xd, 0xff, 0xff,
    0xff, 0xff, 0xff, 0xff, 0xff, 0xff, 0xef, 0xff,
    0xff, 0xf7, 0xb, 0xff, 0xff, 0xff, 0xff, 0xff,
    0xff, 0xff, 0xfe, 0x37, 0x88, 0x88, 0x70, 0x2,
    0x78, 0x88, 0x88, 0x88, 0x88, 0x88, 0x88, 0x73,
    0x0, 0x0, 0x0, 0x0, 0x0, 0x0, 0x0, 0x0,
    0x0, 0x0, 0x0, 0x0, 0x0, 0x9f, 0xff, 0xff,
    0xe3, 0x7, 0xef, 0xff, 0xff, 0xff, 0xff, 0xff,
    0xff, 0xf9, 0xff, 0xff, 0xff, 0xf8, 0xc, 0xff,
    0xff, 0xff, 0xff, 0xff, 0xff, 0xff, 0xff, 0xff,
    0xff, 0xff, 0xf9, 0xd, 0xff, 0xff, 0xff, 0xff,
    0xff, 0xff, 0xff, 0xff, 0xff, 0xff, 0xff, 0xf9,
    0xd, 0xff, 0xff, 0xff, 0xff, 0xff, 0xff, 0xff,
    0xff, 0xff, 0xff, 0xff, 0xf9, 0xd, 0xff, 0xff,
    0xff, 0xff, 0xff, 0xff, 0xff, 0xff, 0xff, 0xff,
    0xff, 0xf8, 0xc, 0xff, 0xff, 0xff, 0xff, 0xff,
    0xff, 0xff, 0xff, 0x48, 0x88, 0x88, 0x71, 0x2,
    0x88, 0x88, 0x88, 0x88, 0x88, 0x88, 0x88, 0x84,

    /* U+F00C "" */
    0x0, 0x0, 0x0, 0x0, 0x0, 0x0, 0x0, 0x0,
    0x0, 0x0, 0x0, 0x53, 0x0, 0x0, 0x0, 0x0,
    0x0, 0x0, 0x0, 0x0, 0x0, 0x0, 0x0, 0x9,
    0xff, 0x50, 0x0, 0x0, 0x0, 0x0, 0x0, 0x0,
    0x0, 0x0, 0x0, 0x0, 0x9f, 0xff, 0xf5, 0x0,
    0x0, 0x0, 0x0, 0x0, 0x0, 0x0, 0x0, 0x0,
    0x9, 0xff, 0xff, 0xff, 0x0, 0x0, 0x0, 0x0,
    0x0, 0x0, 0x0, 0x0, 0x0, 0x9f, 0xff, 0xff,
    0xfa, 0x0, 0x0, 0x0, 0x0, 0x0, 0x0, 0x0,
    0x0, 0x9, 0xff, 0xff, 0xff, 0xb0, 0x0, 0x0,
    0x0, 0x0, 0x0, 0x0, 0x0, 0x0, 0x9f, 0xff,
    0xff, 0xfb, 0x0, 0x0, 0xbd, 0x20, 0x0, 0x0,
    0x0, 0x0, 0x9, 0xff, 0xff, 0xff, 0xb0, 0x0,
    0xc, 0xff, 0xe2, 0x0, 0x0, 0x0, 0x0, 0x9f,
    0xff, 0xff, 0xfb, 0x0, 0x0, 0xbf, 0xff, 0xfe,
    0x20, 0x0, 0x0, 0x9, 0xff, 0xff, 0xff, 0xb0,
    0x0, 0x0, 0xef, 0xff, 0xff, 0xe2, 0x0, 0x0,
    0x9f, 0xff, 0xff, 0xfb, 0x0, 0x0, 0x0, 0x4f,
    0xff, 0xff, 0xfe, 0x20, 0x9, 0xff, 0xff, 0xff,
    0xb0, 0x0, 0x0, 0x0, 0x4, 0xff, 0xff, 0xff,
    0xe3, 0x9f, 0xff, 0xff, 0xfb, 0x0, 0x0, 0x0,
    0x0, 0x0, 0x4f, 0xff, 0xff, 0xff, 0xff, 0xff,
    0xff, 0xb0, 0x0, 0x0, 0x0, 0x0, 0x0, 0x4,
    0xff, 0xff, 0xff, 0xff, 0xff, 0xfb, 0x0, 0x0,
    0x0, 0x0, 0x0, 0x0, 0x0, 0x4f, 0xff, 0xff,
    0xff, 0xff, 0xb0, 0x0, 0x0, 0x0, 0x0, 0x0,
    0x0, 0x0, 0x4, 0xff, 0xff, 0xff, 0xfb, 0x0,
    0x0, 0x0, 0x0, 0x0, 0x0, 0x0, 0x0, 0x0,
    0x4f, 0xff, 0xff, 0xb0, 0x0, 0x0, 0x0, 0x0,
    0x0, 0x0, 0x0, 0x0, 0x0, 0x4, 0xff, 0xfb,
    0x0, 0x0, 0x0, 0x0, 0x0, 0x0, 0x0, 0x0,
    0x0, 0x0, 0x0, 0x3d, 0xa0, 0x0, 0x0, 0x0,
    0x0, 0x0, 0x0, 0x0,

    /* U+F00D "" */
    0x3, 0xa7, 0x0, 0x0, 0x0, 0x0, 0x0, 0x8a,
    0x20, 0x3f, 0xff, 0xa0, 0x0, 0x0, 0x0, 0xb,
    0xff, 0xe2, 0xef, 0xff, 0xfa, 0x0, 0x0, 0x0,
    0xbf, 0xff, 0xfb, 0xdf, 0xff, 0xff, 0xa0, 0x0,
    0xb, 0xff, 0xff, 0xfb, 0x3f, 0xff, 0xff, 0xfa,
    0x0, 0xbf, 0xff, 0xff, 0xe2, 0x3, 0xff, 0xff,
    0xff, 0xab, 0xff, 0xff, 0xfe, 0x20, 0x0, 0x3f,
    0xff, 0xff, 0xff, 0xff, 0xff, 0xe2, 0x0, 0x0,
    0x3, 0xff, 0xff, 0xff, 0xff, 0xfe, 0x20, 0x0,
    0x0, 0x0, 0x3f, 0xff, 0xff, 0xff, 0xe2, 0x0,
    0x0, 0x0, 0x0, 0xc, 0xff, 0xff, 0xff, 0xa0,
    0x0, 0x0, 0x0, 0x0, 0xbf, 0xff, 0xff, 0xff,
    0xfa, 0x0, 0x0, 0x0, 0xb, 0xff, 0xff, 0xff,
    0xff, 0xff, 0xa0, 0x0, 0x0, 0xbf, 0xff, 0xff,
    0xef, 0xff, 0xff, 0xfa, 0x0, 0xb, 0xff, 0xff,
    0xfe, 0x23, 0xff, 0xff, 0xff, 0xa0, 0xaf, 0xff,
    0xff, 0xe2, 0x0, 0x3f, 0xff, 0xff, 0xf8, 0xff,
    0xff, 0xfe, 0x20, 0x0, 0x3, 0xff, 0xff, 0xfd,
    0x8f, 0xff, 0xe2, 0x0, 0x0, 0x0, 0x3f, 0xff,
    0xf6, 0x9, 0xfd, 0x20, 0x0, 0x0, 0x0, 0x3,
    0xef, 0x70, 0x0, 0x10, 0x0, 0x0, 0x0, 0x0,
    0x0, 0x1, 0x0,

    /* U+F011 "" */
    0x0, 0x0, 0x0, 0x0, 0x0, 0x8, 0xbb, 0x60,
    0x0, 0x0, 0x0, 0x0, 0x0, 0x0, 0x0, 0x0,
    0x0, 0x0, 0x1f, 0xff, 0xe0, 0x0, 0x0, 0x0,
    0x0, 0x0, 0x0, 0x0, 0x0, 0x10, 0x0, 0x2f,
    0xff, 0xe0, 0x0, 0x2, 0x0, 0x0, 0x0, 0x0,
    0x0, 0x3e, 0xf5, 0x0, 0x2f, 0xff, 0xe0, 0x0,
    0x8f, 0xc1, 0x0, 0x0, 0x0, 0x3, 0xff, 0xfe,
    0x0, 0x2f, 0xff, 0xe0, 0x2, 0xff, 0xfd, 0x10,
    0x0, 0x0, 0x2e, 0xff, 0xff, 0x30, 0x2f, 0xff,
    0xe0, 0x6, 0xff, 0xff, 0xc0, 0x0, 0x0, 0xbf,
    0xff, 0xfa, 0x0, 0x2f, 0xff, 0xe0, 0x0, 0xcf,
    0xff, 0xf8, 0x0, 0x5, 0xff, 0xff, 0x90, 0x0,
    0x2f, 0xff, 0xe0, 0x0, 0xc, 0xff, 0xff, 0x20,
    0xc, 0xff, 0xfc, 0x0, 0x0, 0x2f, 0xff, 0xe0,
    0x0, 0x1, 0xff, 0xff, 0x90, 0x2f, 0xff, 0xf3,
    0x0, 0x0, 0x2f, 0xff, 0xe0, 0x0, 0x0, 0x7f,
    0xff, 0xe0, 0x6f, 0xff, 0xc0, 0x0, 0x0, 0x2f,
    0xff, 0xe0, 0x0, 0x0, 0x1f, 0xff, 0xf3, 0x9f,
    0xff, 0x80, 0x0, 0x0, 0x2f, 0xff, 0xe0, 0x0,
    0x0, 0xb, 0xff, 0xf6, 0xbf, 0xff, 0x60, 0x0,
    0x0, 0x2f, 0xff, 0xe0, 0x0, 0x0, 0x9, 0xff,
    0xf7, 0xbf, 0xff, 0x50, 0x0, 0x0, 0x2f, 0xff,
    0xe0, 0x0, 0x0, 0x8, 0xff, 0xf8, 0xbf, 0xff,
    0x60, 0x0, 0x0, 0xa, 0xdd, 0x70, 0x0, 0x0,
    0xa, 0xff, 0xf6, 0x8f, 0xff, 0x90, 0x0, 0x0,
    0x0, 0x0, 0x0, 0x0, 0x0, 0xd, 0xff, 0xf5,
    0x5f, 0xff, 0xe0, 0x0, 0x0, 0x0, 0x0, 0x0,
    0x0, 0x0, 0x2f, 0xff, 0xf1, 0xf, 0xff, 0xf7,
    0x0, 0x0, 0x0, 0x0, 0x0, 0x0, 0x0, 0xaf,
    0xff, 0xc0, 0x9, 0xff, 0xff, 0x30, 0x0, 0x0,
    0x0, 0x0, 0x0, 0x5, 0xff, 0xff, 0x60, 0x2,
    0xff, 0xff, 0xe2, 0x0, 0x0, 0x0, 0x0, 0x0,
    0x5f, 0xff, 0xfd, 0x0, 0x0, 0x7f, 0xff, 0xff,
    0x60, 0x0, 0x0, 0x0, 0x18, 0xff, 0xff, 0xf4,
    0x0, 0x0, 0xa, 0xff, 0xff, 0xfe, 0x85, 0x34,
    0x59, 0xef, 0xff, 0xff, 0x60, 0x0, 0x0, 0x0,
    0xaf, 0xff, 0xff, 0xff, 0xff, 0xff, 0xff, 0xff,
    0xf7, 0x0, 0x0, 0x0, 0x0, 0x7, 0xff, 0xff,
    0xff, 0xff, 0xff, 0xff, 0xfe, 0x40, 0x0, 0x0,
    0x0, 0x0, 0x0, 0x2a, 0xff, 0xff, 0xff, 0xff,
    0xff, 0x81, 0x0, 0x0, 0x0, 0x0, 0x0, 0x0,
    0x0, 0x16, 0x9c, 0xdc, 0xb9, 0x50, 0x0, 0x0,
    0x0, 0x0,

    /* U+F013 "" */
    0x0, 0x0, 0x0, 0x0, 0x0, 0x13, 0x55, 0x31,
    0x0, 0x0, 0x0, 0x0, 0x0, 0x0, 0x0, 0x0,
    0x0, 0x3, 0xff, 0xff, 0xff, 0x30, 0x0, 0x0,
    0x0, 0x0, 0x0, 0x0, 0x0, 0x0, 0x4, 0xff,
    0xff, 0xff, 0x40, 0x0, 0x0, 0x0, 0x0, 0x0,
    0x0, 0x0, 0x0, 0x4, 0xff, 0xff, 0xff, 0x40,
    0x0, 0x0, 0x0, 0x0, 0x0, 0x1, 0x50, 0x0,
    0x5d, 0xff, 0xff, 0xff, 0xd5, 0x0, 0x6, 0x10,
    0x0, 0x0, 0xd, 0xfd, 0x5c, 0xff, 0xff, 0xff,
    0xff, 0xff, 0xc5, 0xdf, 0xd0, 0x0, 0x0, 0x9f,
    0xff, 0xff, 0xff, 0xff, 0xff, 0xff, 0xff, 0xff,
    0xff, 0xf9, 0x0, 0x3, 0xff, 0xff, 0xff, 0xff,
    0xff, 0xff, 0xff, 0xff, 0xff, 0xff, 0xff, 0x30,
    0xa, 0xff, 0xff, 0xff, 0xff, 0xff, 0xff, 0xff,
    0xff, 0xff, 0xff, 0xff, 0xa0, 0xf, 0xff, 0xff,
    0xff, 0xff, 0xf7, 0x33, 0x7f, 0xff, 0xff, 0xff,
    0xff, 0xf0, 0x5, 0xef, 0xff, 0xff, 0xfe, 0x20,
    0x0, 0x2, 0xef, 0xff, 0xff, 0xfe, 0x50, 0x0,
    0xb, 0xff, 0xff, 0xf5, 0x0, 0x0, 0x0, 0x5f,
    0xff, 0xff, 0xb0, 0x0, 0x0, 0xa, 0xff, 0xff,
    0xf0, 0x0, 0x0, 0x0, 0xf, 0xff, 0xff, 0xa0,
    0x0, 0x0, 0xb, 0xff, 0xff, 0xf0, 0x0, 0x0,
    0x0, 0xf, 0xff, 0xff, 0xb0, 0x0, 0x0, 0xa,
    0xff, 0xff, 0xf2, 0x0, 0x0, 0x0, 0x2f, 0xff,
    0xff, 0xa0, 0x0, 0x0, 0x6f, 0xff, 0xff, 0xfa,
    0x0, 0x0, 0x0, 0xaf, 0xff, 0xff, 0xf6, 0x0,
    0xc, 0xff, 0xff, 0xff, 0xff, 0x90, 0x0, 0x9,
    0xff, 0xff, 0xff, 0xff, 0xd0, 0xd, 0xff, 0xff,
    0xff, 0xff, 0xff, 0xbb, 0xff, 0xff, 0xff, 0xff,
    0xff, 0xd0, 0x6, 0xff, 0xff, 0xff, 0xff, 0xff,
    0xff, 0xff, 0xff, 0xff, 0xff, 0xff, 0x60, 0x0,
    0xef, 0xff, 0xff, 0xff, 0xff, 0xff, 0xff, 0xff,
    0xff, 0xff, 0xfe, 0x0, 0x0, 0x4f, 0xff, 0xdf,
    0xff, 0xff, 0xff, 0xff, 0xff, 0xfd, 0xff, 0xf4,
    0x0, 0x0, 0x7, 0xe5, 0x4, 0xdf, 0xff, 0xff,
    0xff, 0xfd, 0x40, 0x5d, 0x70, 0x0, 0x0, 0x0,
    0x0, 0x0, 0x7, 0xff, 0xff, 0xff, 0x70, 0x0,
    0x0, 0x0, 0x0, 0x0, 0x0, 0x0, 0x0, 0x4,
    0xff, 0xff, 0xff, 0x40, 0x0, 0x0, 0x0, 0x0,
    0x0, 0x0, 0x0, 0x0, 0x3, 0xff, 0xff, 0xff,
    0x30, 0x0, 0x0, 0x0, 0x0, 0x0, 0x0, 0x0,
    0x0, 0x1, 0x9b, 0xdd, 0xc9, 0x10, 0x0, 0x0,
    0x0, 0x0, 0x0, 0x0, 0x0, 0x0, 0x0, 0x0,
    0x0, 0x0, 0x0, 0x0, 0x0, 0x0, 0x0,

    /* U+F015 "" */
    0x0, 0x0, 0x0, 0x0, 0x0, 0x0, 0x0, 0x0,
    0x0, 0x0, 0x0, 0x0, 0x0, 0x0, 0x0, 0x0,
    0x0, 0x0, 0x0, 0x0, 0x0, 0x1b, 0xfd, 0x30,
    0x0, 0x3f, 0xff, 0xb0, 0x0, 0x0, 0x0, 0x0,
    0x0, 0x0, 0x0, 0x3, 0xef, 0xff, 0xf6, 0x0,
    0x4f, 0xff, 0xc0, 0x0, 0x0, 0x0, 0x0, 0x0,
    0x0, 0x0, 0x6f, 0xff, 0xff, 0xff, 0x80, 0x4f,
    0xff, 0xc0, 0x0, 0x0, 0x0, 0x0, 0x0, 0x0,
    0x9, 0xff, 0xff, 0xbf, 0xff, 0xfb, 0x5f, 0xff,
    0xc0, 0x0, 0x0, 0x0, 0x0, 0x0, 0x1, 0xbf,
    0xff, 0xf5, 0x3, 0xef, 0xff, 0xff, 0xff, 0xc0,
    0x0, 0x0, 0x0, 0x0, 0x0, 0x2d, 0xff, 0xfe,
    0x30, 0x20, 0x1c, 0xff, 0xff, 0xff, 0xc0, 0x0,
    0x0, 0x0, 0x0, 0x4, 0xff, 0xff, 0xc1, 0x8,
    0xfb, 0x10, 0xaf, 0xff, 0xff, 0xc0, 0x0, 0x0,
    0x0, 0x0, 0x7f, 0xff, 0xfa, 0x1, 0xbf, 0xff,
    0xd2, 0x7, 0xff, 0xff, 0xd0, 0x0, 0x0, 0x0,
    0xa, 0xff, 0xff, 0x70, 0x2d, 0xff, 0xff, 0xff,
    0x40, 0x4f, 0xff, 0xfc, 0x10, 0x0, 0x1, 0xcf,
    0xff, 0xf4, 0x4, 0xef, 0xff, 0xff, 0xff, 0xf7,
    0x2, 0xdf, 0xff, 0xe3, 0x0, 0x3e, 0xff, 0xfd,
    0x20, 0x6f, 0xff, 0xff, 0xff, 0xff, 0xff, 0xa0,
    0x1b, 0xff, 0xff, 0x50, 0xef, 0xff, 0xc1, 0x9,
    0xff, 0xff, 0xff, 0xff, 0xff, 0xff, 0xfc, 0x10,
    0x9f, 0xff, 0xf2, 0x6f, 0xf9, 0x1, 0xcf, 0xff,
    0xff, 0xff, 0xff, 0xff, 0xff, 0xff, 0xe3, 0x6,
    0xff, 0xa0, 0x7, 0x60, 0xd, 0xff, 0xff, 0xff,
    0xff, 0xff, 0xff, 0xff, 0xff, 0xff, 0x30, 0x39,
    0x0, 0x0, 0x0, 0x2f, 0xff, 0xff, 0xff, 0xff,
    0xff, 0xff, 0xff, 0xff, 0xff, 0x60, 0x0, 0x0,
    0x0, 0x0, 0x2f, 0xff, 0xff, 0xff, 0xff, 0xff,
    0xff, 0xff, 0xff, 0xff, 0x60, 0x0, 0x0, 0x0,
    0x0, 0x2f, 0xff, 0xff, 0xff, 0x83, 0x33, 0x5f,
    0xff, 0xff, 0xff, 0x60, 0x0, 0x0, 0x0, 0x0,
    0x2f, 0xff, 0xff, 0xff, 0x30, 0x0, 0xf, 0xff,
    0xff, 0xff, 0x60, 0x0, 0x0, 0x0, 0x0, 0x2f,
    0xff, 0xff, 0xff, 0x30, 0x0, 0xf, 0xff, 0xff,
    0xff, 0x60, 0x0, 0x0, 0x0, 0x0, 0x2f, 0xff,
    0xff, 0xff, 0x30, 0x0, 0xf, 0xff, 0xff, 0xff,
    0x60, 0x0, 0x0, 0x0, 0x0, 0x2f, 0xff, 0xff,
    0xff, 0x30, 0x0, 0xf, 0xff, 0xff, 0xff, 0x60,
    0x0, 0x0, 0x0, 0x0, 0x1f, 0xff, 0xff, 0xff,
    0x20, 0x0, 0xe, 0xff, 0xff, 0xff, 0x50, 0x0,
    0x0, 0x0, 0x0, 0x9, 0xbb, 0xbb, 0xb9, 0x0,
    0x0, 0x7, 0xbb, 0xbb, 0xba, 0x10, 0x0, 0x0,

    /* U+F019 "" */
    0x0, 0x0, 0x0, 0x0, 0x0, 0xad, 0xdd, 0xda,
    0x0, 0x0, 0x0, 0x0, 0x0, 0x0, 0x0, 0x0,
    0x0, 0x3, 0xff, 0xff, 0xff, 0x30, 0x0, 0x0,
    0x0, 0x0, 0x0, 0x0, 0x0, 0x0, 0x4, 0xff,
    0xff, 0xff, 0x40, 0x0, 0x0, 0x0, 0x0, 0x0,
    0x0, 0x0, 0x0, 0x4, 0xff, 0xff, 0xff, 0x40,
    0x0, 0x0, 0x0, 0x0, 0x0, 0x0, 0x0, 0x0,
    0x4, 0xff, 0xff, 0xff, 0x40, 0x0, 0x0, 0x0,
    0x0, 0x0, 0x0, 0x0, 0x0, 0x4, 0xff, 0xff,
    0xff, 0x40, 0x0, 0x0, 0x0, 0x0, 0x0, 0x0,
    0x0, 0x0, 0x4, 0xff, 0xff, 0xff, 0x40, 0x0,
    0x0, 0x0, 0x0, 0x0, 0x0, 0x0, 0x0, 0x4,
    0xff, 0xff, 0xff, 0x40, 0x0, 0x0, 0x0, 0x0,
    0x0, 0x0, 0x0, 0x0, 0x4, 0xff, 0xff, 0xff,
    0x40, 0x0, 0x0, 0x0, 0x0, 0x0, 0x0, 0x1,
    0x11, 0x14, 0xff, 0xff, 0xff, 0x41, 0x11, 0x10,
    0x0, 0x0, 0x0, 0x0, 0x8f, 0xff, 0xff, 0xff,
    0xff, 0xff, 0xff, 0xff, 0xf8, 0x0, 0x0, 0x0,
    0x0, 0x7f, 0xff, 0xff, 0xff, 0xff, 0xff, 0xff,
    0xff, 0xf7, 0x0, 0x0, 0x0, 0x0, 0x9, 0xff,
    0xff, 0xff, 0xff, 0xff, 0xff, 0xff, 0x90, 0x0,
    0x0, 0x0, 0x0, 0x0, 0x9f, 0xff, 0xff, 0xff,
    0xff, 0xff, 0xf9, 0x0, 0x0, 0x0, 0x0, 0x0,
    0x0, 0x9, 0xff, 0xff, 0xff, 0xff, 0xff, 0x90,
    0x0, 0x0, 0x0, 0x0, 0x0, 0x0, 0x0, 0x9f,
    0xff, 0xff, 0xff, 0xf9, 0x0, 0x0, 0x0, 0x0,
    0x0, 0x0, 0x0, 0x0, 0x9, 0xff, 0xff, 0xff,
    0x90, 0x0, 0x0, 0x0, 0x0, 0x0, 0x0, 0x0,
    0x0, 0x0, 0x9f, 0xff, 0xf9, 0x0, 0x0, 0x0,
    0x0, 0x0, 0x9f, 0xff, 0xff, 0xff, 0xe3, 0x9,
    0xff, 0x90, 0x3e, 0xff, 0xff, 0xff, 0xf9, 0xff,
    0xff, 0xff, 0xff, 0xfe, 0x20, 0x77, 0x2, 0xef,
    0xff, 0xff, 0xff, 0xff, 0xff, 0xff, 0xff, 0xff,
    0xff, 0xe3, 0x0, 0x3e, 0xff, 0xff, 0xff, 0xff,
    0xff, 0xff, 0xff, 0xff, 0xff, 0xff, 0xff, 0xbb,
    0xff, 0xff, 0xff, 0xff, 0xff, 0xff, 0xff, 0xff,
    0xff, 0xff, 0xff, 0xff, 0xff, 0xff, 0xff, 0xcf,
    0xfd, 0xef, 0xff, 0xff, 0xff, 0xff, 0xff, 0xff,
    0xff, 0xff, 0xff, 0xfc, 0x6, 0xf0, 0x2f, 0xff,
    0xff, 0xff, 0xff, 0xff, 0xff, 0xff, 0xff, 0xff,
    0xfe, 0x4a, 0xf5, 0x7f, 0xff, 0xdf, 0xff, 0xff,
    0xff, 0xff, 0xff, 0xff, 0xff, 0xff, 0xff, 0xff,
    0xff, 0xfd, 0x3, 0x33, 0x33, 0x33, 0x33, 0x33,
    0x33, 0x33, 0x33, 0x33, 0x33, 0x33, 0x30,

    /* U+F01C "" */
    0x0, 0x0, 0x0, 0x3, 0x44, 0x44, 0x44, 0x44,
    0x44, 0x44, 0x44, 0x0, 0x0, 0x0, 0x0, 0x0,
    0x0, 0x1, 0xcf, 0xff, 0xff, 0xff, 0xff, 0xff,
    0xff, 0xff, 0xe3, 0x0, 0x0, 0x0, 0x0, 0x0,
    0xb, 0xff, 0xff, 0xff, 0xff, 0xff, 0xff, 0xff,
    0xff, 0xfe, 0x10, 0x0, 0x0, 0x0, 0x0, 0x6f,
    0xff, 0xff, 0xff, 0xff, 0xff, 0xff, 0xff, 0xff,
    0xff, 0xa0, 0x0, 0x0, 0x0, 0x1, 0xff, 0xfd,
    0x0, 0x0, 0x0, 0x0, 0x0, 0x0, 0x9, 0xff,
    0xf5, 0x0, 0x0, 0x0, 0xb, 0xff, 0xf3, 0x0,
    0x0, 0x0, 0x0, 0x0, 0x0, 0x0, 0xdf, 0xfe,
    0x10, 0x0, 0x0, 0x6f, 0xff, 0x70, 0x0, 0x0,
    0x0, 0x0, 0x0, 0x0, 0x0, 0x3f, 0xff, 0xa0,
    0x0, 0x2, 0xff, 0xfc, 0x0, 0x0, 0x0, 0x0,
    0x0, 0x0, 0x0, 0x0, 0x8, 0xff, 0xf5, 0x0,
    0xb, 0xff, 0xf2, 0x0, 0x0, 0x0, 0x0, 0x0,
    0x0, 0x0, 0x0, 0x0, 0xdf, 0xfe, 0x10, 0x6f,
    0xff, 0x60, 0x0, 0x0, 0x0, 0x0, 0x0, 0x0,
    0x0, 0x0, 0x0, 0x3f, 0xff, 0xa0, 0xef, 0xff,
    0xcc, 0xcc, 0xcc, 0x40, 0x0, 0x0, 0x0, 0x1b,
    0xcc, 0xcc, 0xce, 0xff, 0xf2, 0xff, 0xff, 0xff,
    0xff, 0xff, 0xc0, 0x0, 0x0, 0x0, 0x8f, 0xff,
    0xff, 0xff, 0xff, 0xf3, 0xff, 0xff, 0xff, 0xff,
    0xff, 0xf4, 0x0, 0x0, 0x1, 0xff, 0xff, 0xff,
    0xff, 0xff, 0xf4, 0xff, 0xff, 0xff, 0xff, 0xff,
    0xfd, 0x88, 0x88, 0x8b, 0xff, 0xff, 0xff, 0xff,
    0xff, 0xf4, 0xff, 0xff, 0xff, 0xff, 0xff, 0xff,
    0xff, 0xff, 0xff, 0xff, 0xff, 0xff, 0xff, 0xff,
    0xf4, 0xff, 0xff, 0xff, 0xff, 0xff, 0xff, 0xff,
    0xff, 0xff, 0xff, 0xff, 0xff, 0xff, 0xff, 0xf4,
    0xff, 0xff, 0xff, 0xff, 0xff, 0xff, 0xff, 0xff,
    0xff, 0xff, 0xff, 0xff, 0xff, 0xff, 0xf4, 0xff,
    0xff, 0xff, 0xff, 0xff, 0xff, 0xff, 0xff, 0xff,
    0xff, 0xff, 0xff, 0xff, 0xff, 0xf3, 0xcf, 0xff,
    0xff, 0xff, 0xff, 0xff, 0xff, 0xff, 0xff, 0xff,
    0xff, 0xff, 0xff, 0xff, 0xf1, 0x2c, 0xff, 0xff,
    0xff, 0xff, 0xff, 0xff, 0xff, 0xff, 0xff, 0xff,
    0xff, 0xff, 0xfd, 0x40,

    /* U+F021 "" */
    0x0, 0x0, 0x0, 0x0, 0x0, 0x46, 0x77, 0x52,
    0x0, 0x0, 0x0, 0x6e, 0xec, 0x0, 0x0, 0x0,
    0x3, 0xaf, 0xff, 0xff, 0xff, 0xe8, 0x10, 0x0,
    0x9f, 0xff, 0x0, 0x0, 0x1, 0xaf, 0xff, 0xff,
    0xff, 0xff, 0xff, 0xf8, 0x0, 0x8f, 0xff, 0x0,
    0x0, 0x3e, 0xff, 0xff, 0xff, 0xff, 0xff, 0xff,
    0xff, 0xd2, 0x7f, 0xff, 0x0, 0x3, 0xef, 0xff,
    0xfe, 0x84, 0x32, 0x59, 0xff, 0xff, 0xff, 0xaf,
    0xff, 0x0, 0x1e, 0xff, 0xff, 0x80, 0x0, 0x0,
    0x0, 0x18, 0xff, 0xff, 0xff, 0xff, 0x0, 0xbf,
    0xff, 0xe3, 0x0, 0x0, 0x0, 0x0, 0x0, 0x3e,
    0xff, 0xff, 0xff, 0x3, 0xff, 0xff, 0x30, 0x0,
    0x0, 0x0, 0x1, 0x0, 0x2, 0xff, 0xff, 0xff,
    0xb, 0xff, 0xf6, 0x0, 0x0, 0x0, 0x0, 0x5f,
    0xff, 0xfe, 0xff, 0xff, 0xff, 0xf, 0xff, 0xd0,
    0x0, 0x0, 0x0, 0x0, 0x6f, 0xff, 0xff, 0xff,
    0xff, 0xff, 0x4f, 0xff, 0x70, 0x0, 0x0, 0x0,
    0x0, 0x5f, 0xff, 0xff, 0xff, 0xff, 0xff, 0x17,
    0x87, 0x10, 0x0, 0x0, 0x0, 0x0, 0x17, 0x88,
    0x88, 0x88, 0x88, 0x86, 0x0, 0x0, 0x0, 0x0,
    0x0, 0x0, 0x0, 0x0, 0x0, 0x0, 0x0, 0x0,
    0x0, 0x0, 0x0, 0x0, 0x0, 0x0, 0x0, 0x0,
    0x0, 0x0, 0x0, 0x0, 0x0, 0x0, 0x0, 0x0,
    0x0, 0x0, 0x0, 0x0, 0x0, 0x0, 0x0, 0x0,
    0x0, 0x0, 0x0, 0xef, 0xff, 0xff, 0xff, 0xff,
    0xf4, 0x0, 0x0, 0x0, 0x0, 0x5, 0xff, 0xf4,
    0xff, 0xff, 0xff, 0xff, 0xff, 0xf6, 0x0, 0x0,
    0x0, 0x0, 0xb, 0xff, 0xf1, 0xff, 0xff, 0xff,
    0xff, 0xff, 0xf5, 0x0, 0x0, 0x0, 0x0, 0x3f,
    0xff, 0xd0, 0xff, 0xff, 0xfe, 0x56, 0x77, 0x81,
    0x0, 0x0, 0x0, 0x0, 0xdf, 0xff, 0x60, 0xff,
    0xff, 0xff, 0x90, 0x0, 0x0, 0x0, 0x0, 0x0,
    0xb, 0xff, 0xfe, 0x0, 0xff, 0xff, 0xff, 0xfc,
    0x20, 0x0, 0x0, 0x0, 0x2, 0xdf, 0xff, 0xf4,
    0x0, 0xff, 0xfd, 0xff, 0xff, 0xfa, 0x30, 0x0,
    0x3, 0x9f, 0xff, 0xff, 0x80, 0x0, 0xff, 0xf7,
    0x8f, 0xff, 0xff, 0xff, 0xdd, 0xff, 0xff, 0xff,
    0xf8, 0x0, 0x0, 0xff, 0xf8, 0x4, 0xef, 0xff,
    0xff, 0xff, 0xff, 0xff, 0xfe, 0x50, 0x0, 0x0,
    0xff, 0xf8, 0x0, 0x7, 0xdf, 0xff, 0xff, 0xff,
    0xff, 0x91, 0x0, 0x0, 0x0, 0xff, 0xf9, 0x0,
    0x0, 0x3, 0x8b, 0xdd, 0xb9, 0x51, 0x0, 0x0,
    0x0, 0x0, 0x35, 0x51, 0x0, 0x0, 0x0, 0x0,
    0x0, 0x0, 0x0, 0x0, 0x0, 0x0, 0x0,

    /* U+F026 "" */
    0x0, 0x0, 0x0, 0x0, 0x0, 0x7, 0x40, 0x0,
    0x0, 0x0, 0x0, 0xc, 0xff, 0x0, 0x0, 0x0,
    0x0, 0xc, 0xff, 0xf0, 0x0, 0x0, 0x0, 0xc,
    0xff, 0xff, 0x0, 0x0, 0x0, 0xc, 0xff, 0xff,
    0xf6, 0xbb, 0xbb, 0xbd, 0xff, 0xff, 0xff, 0xff,
    0xff, 0xff, 0xff, 0xff, 0xff, 0xff, 0xff, 0xff,
    0xff, 0xff, 0xff, 0xff, 0xff, 0xff, 0xff, 0xff,
    0xff, 0xff, 0xff, 0xff, 0xff, 0xff, 0xff, 0xff,
    0xff, 0xff, 0xff, 0xff, 0xff, 0xff, 0xff, 0xff,
    0xff, 0xff, 0xff, 0xff, 0xff, 0xff, 0xff, 0xff,
    0xff, 0xff, 0xff, 0xff, 0xff, 0xff, 0xff, 0xff,
    0xff, 0xff, 0xff, 0xbf, 0xff, 0xff, 0xff, 0xff,
    0xff, 0xf0, 0x0, 0x0, 0x3, 0xef, 0xff, 0xff,
    0x0, 0x0, 0x0, 0x3, 0xef, 0xff, 0xf0, 0x0,
    0x0, 0x0, 0x3, 0xef, 0xff, 0x0, 0x0, 0x0,
    0x0, 0x3, 0xef, 0xf0, 0x0, 0x0, 0x0, 0x0,
    0x3, 0xd9, 0x0, 0x0, 0x0, 0x0, 0x0, 0x0,
    0x0,

    /* U+F027 "" */
    0x0, 0x0, 0x0, 0x0, 0x0, 0x7, 0x40, 0x0,
    0x0, 0x0, 0x0, 0x0, 0x0, 0x0, 0x0, 0xcf,
    0xf0, 0x0, 0x0, 0x0, 0x0, 0x0, 0x0, 0x0,
    0xc, 0xff, 0xf0, 0x0, 0x0, 0x0, 0x0, 0x0,
    0x0, 0x0, 0xcf, 0xff, 0xf0, 0x0, 0x0, 0x0,
    0x0, 0x0, 0x0, 0xc, 0xff, 0xff, 0xf0, 0x0,
    0x0, 0x0, 0x6b, 0xbb, 0xbb, 0xdf, 0xff, 0xff,
    0xf0, 0x0, 0x0, 0x0, 0xff, 0xff, 0xff, 0xff,
    0xff, 0xff, 0xf0, 0x3, 0xb5, 0x0, 0xff, 0xff,
    0xff, 0xff, 0xff, 0xff, 0xf0, 0x9, 0xff, 0x60,
    0xff, 0xff, 0xff, 0xff, 0xff, 0xff, 0xf0, 0x2,
    0xdf, 0xf1, 0xff, 0xff, 0xff, 0xff, 0xff, 0xff,
    0xf0, 0x0, 0x2f, 0xf6, 0xff, 0xff, 0xff, 0xff,
    0xff, 0xff, 0xf0, 0x0, 0xf, 0xf7, 0xff, 0xff,
    0xff, 0xff, 0xff, 0xff, 0xf0, 0x0, 0x6f, 0xf4,
    0xff, 0xff, 0xff, 0xff, 0xff, 0xff, 0xf0, 0x6,
    0xff, 0xd0, 0xff, 0xff, 0xff, 0xff, 0xff, 0xff,
    0xf0, 0x8, 0xfe, 0x20, 0xbf, 0xff, 0xff, 0xff,
    0xff, 0xff, 0xf0, 0x0, 0x41, 0x0, 0x0, 0x0,
    0x0, 0x3e, 0xff, 0xff, 0xf0, 0x0, 0x0, 0x0,
    0x0, 0x0, 0x0, 0x3, 0xef, 0xff, 0xf0, 0x0,
    0x0, 0x0, 0x0, 0x0, 0x0, 0x0, 0x3e, 0xff,
    0xf0, 0x0, 0x0, 0x0, 0x0, 0x0, 0x0, 0x0,
    0x3, 0xef, 0xf0, 0x0, 0x0, 0x0, 0x0, 0x0,
    0x0, 0x0, 0x0, 0x3d, 0x90, 0x0, 0x0, 0x0,
    0x0, 0x0, 0x0, 0x0, 0x0, 0x0, 0x0, 0x0,
    0x0, 0x0,

    /* U+F028 "" */
    0x0, 0x0, 0x0, 0x0, 0x0, 0x0, 0x0, 0x0,
    0x0, 0x0, 0x0, 0x0, 0x0, 0x0, 0x0, 0x0,
    0x0, 0x0, 0x0, 0x0, 0x0, 0x0, 0x0, 0x0,
    0x0, 0xb, 0xd3, 0x0, 0x0, 0x0, 0x0, 0x0,
    0x0, 0x0, 0x0, 0x0, 0x0, 0x0, 0x0, 0x0,
    0x1f, 0xff, 0x50, 0x0, 0x0, 0x0, 0x0, 0x0,
    0x0, 0x0, 0x7, 0x40, 0x0, 0x0, 0x0, 0x5,
    0xff, 0xf6, 0x0, 0x0, 0x0, 0x0, 0x0, 0x0,
    0x0, 0xcf, 0xf0, 0x0, 0x0, 0x0, 0x0, 0x2e,
    0xff, 0x30, 0x0, 0x0, 0x0, 0x0, 0x0, 0xc,
    0xff, 0xf0, 0x0, 0x0, 0x6d, 0x40, 0x2, 0xff,
    0xe0, 0x0, 0x0, 0x0, 0x0, 0x0, 0xcf, 0xff,
    0xf0, 0x0, 0x0, 0xcf, 0xf7, 0x0, 0x5f, 0xf8,
    0x0, 0x0, 0x0, 0x0, 0xc, 0xff, 0xff, 0xf0,
    0x0, 0x0, 0x3e, 0xff, 0x50, 0xb, 0xff, 0x0,
    0x6b, 0xbb, 0xbb, 0xdf, 0xff, 0xff, 0xf0, 0x0,
    0x0, 0x1, 0xdf, 0xf2, 0x3, 0xff, 0x60, 0xff,
    0xff, 0xff, 0xff, 0xff, 0xff, 0xf0, 0x3, 0xc6,
    0x0, 0x3f, 0xf9, 0x0, 0xdf, 0xb0, 0xff, 0xff,
    0xff, 0xff, 0xff, 0xff, 0xf0, 0x9, 0xff, 0x70,
    0xa, 0xff, 0x0, 0x8f, 0xf0, 0xff, 0xff, 0xff,
    0xff, 0xff, 0xff, 0xf0, 0x2, 0xdf, 0xf1, 0x5,
    0xff, 0x30, 0x5f, 0xf2, 0xff, 0xff, 0xff, 0xff,
    0xff, 0xff, 0xf0, 0x0, 0x1f, 0xf6, 0x2, 0xff,
    0x50, 0x3f, 0xf3, 0xff, 0xff, 0xff, 0xff, 0xff,
    0xff, 0xf0, 0x0, 0xf, 0xf7, 0x1, 0xff, 0x50,
    0x3f, 0xf3, 0xff, 0xff, 0xff, 0xff, 0xff, 0xff,
    0xf0, 0x0, 0x6f, 0xf4, 0x3, 0xff, 0x40, 0x4f,
    0xf2, 0xff, 0xff, 0xff, 0xff, 0xff, 0xff, 0xf0,
    0x6, 0xff, 0xd0, 0x7, 0xff, 0x10, 0x6f, 0xf0,
    0xff, 0xff, 0xff, 0xff, 0xff, 0xff, 0xf0, 0x8,
    0xfd, 0x20, 0xd, 0xfc, 0x0, 0xbf, 0xd0, 0xbf,
    0xff, 0xff, 0xff, 0xff, 0xff, 0xf0, 0x0, 0x40,
    0x0, 0x8f, 0xf5, 0x1, 0xff, 0x90, 0x0, 0x0,
    0x0, 0x3e, 0xff, 0xff, 0xf0, 0x0, 0x0, 0x7,
    0xff, 0xb0, 0x7, 0xff, 0x30, 0x0, 0x0, 0x0,
    0x3, 0xef, 0xff, 0xf0, 0x0, 0x0, 0x9f, 0xfe,
    0x10, 0x1e, 0xfc, 0x0, 0x0, 0x0, 0x0, 0x0,
    0x3e, 0xff, 0xf0, 0x0, 0x0, 0xcf, 0xc1, 0x0,
    0xbf, 0xf3, 0x0, 0x0, 0x0, 0x0, 0x0, 0x3,
    0xef, 0xf0, 0x0, 0x0, 0x15, 0x0, 0x9, 0xff,
    0x90, 0x0, 0x0, 0x0, 0x0, 0x0, 0x0, 0x3d,
    0x90, 0x0, 0x0, 0x0, 0x0, 0xaf, 0xfc, 0x0,
    0x0, 0x0, 0x0, 0x0, 0x0, 0x0, 0x0, 0x0,
    0x0, 0x0, 0x0, 0xc, 0xff, 0xc1, 0x0, 0x0,
    0x0, 0x0, 0x0, 0x0, 0x0, 0x0, 0x0, 0x0,
    0x0, 0x0, 0x1f, 0xfa, 0x0, 0x0, 0x0, 0x0,
    0x0, 0x0, 0x0, 0x0, 0x0, 0x0, 0x0, 0x0,
    0x0, 0x3, 0x50, 0x0, 0x0, 0x0,

    /* U+F03E "" */
    0x7, 0xbb, 0xbb, 0xbb, 0xbb, 0xbb, 0xbb, 0xbb,
    0xbb, 0xbb, 0xbb, 0xbb, 0x70, 0x9f, 0xff, 0xff,
    0xff, 0xff, 0xff, 0xff, 0xff, 0xff, 0xff, 0xff,
    0xff, 0xf9, 0xff, 0xff, 0xff, 0xff, 0xff, 0xff,
    0xff, 0xff, 0xff, 0xff, 0xff, 0xff, 0xff, 0xff,
    0xff, 0x72, 0x4d, 0xff, 0xff, 0xff, 0xff, 0xff,
    0xff, 0xff, 0xff, 0xff, 0xff, 0xf5, 0x0, 0x1,
    0xef, 0xff, 0xff, 0xff, 0xff, 0xff, 0xff, 0xff,
    0xff, 0xff, 0xf0, 0x0, 0x0, 0x9f, 0xff, 0xff,
    0xff, 0xff, 0xff, 0xff, 0xff, 0xff, 0xff, 0xe0,
    0x0, 0x0, 0x8f, 0xff, 0xff, 0xff, 0xfa, 0xcf,
    0xff, 0xff, 0xff, 0xff, 0xf3, 0x0, 0x0, 0xdf,
    0xff, 0xff, 0xff, 0x80, 0xc, 0xff, 0xff, 0xff,
    0xff, 0xfe, 0x40, 0x2b, 0xff, 0xff, 0xff, 0xf8,
    0x0, 0x0, 0xcf, 0xff, 0xff, 0xff, 0xff, 0xff,
    0xff, 0xff, 0xff, 0xff, 0x80, 0x0, 0x0, 0xc,
    0xff, 0xff, 0xff, 0xff, 0xff, 0xe9, 0xff, 0xff,
    0xf8, 0x0, 0x0, 0x0, 0x0, 0xcf, 0xff, 0xff,
    0xff, 0xfe, 0x20, 0x7f, 0xff, 0x80, 0x0, 0x0,
    0x0, 0x0, 0x4f, 0xff, 0xff, 0xff, 0xe2, 0x0,
    0x7, 0xf8, 0x0, 0x0, 0x0, 0x0, 0x0, 0x4f,
    0xff, 0xff, 0xfe, 0x20, 0x0, 0x0, 0x30, 0x0,
    0x0, 0x0, 0x0, 0x0, 0x4f, 0xff, 0xff, 0xf4,
    0x0, 0x0, 0x0, 0x0, 0x0, 0x0, 0x0, 0x0,
    0x0, 0x4f, 0xff, 0xff, 0xf4, 0x0, 0x0, 0x0,
    0x0, 0x0, 0x0, 0x0, 0x0, 0x0, 0x4f, 0xff,
    0xff, 0xf7, 0x44, 0x44, 0x44, 0x44, 0x44, 0x44,
    0x44, 0x44, 0x44, 0x7f, 0xff, 0xff, 0xff, 0xff,
    0xff, 0xff, 0xff, 0xff, 0xff, 0xff, 0xff, 0xff,
    0xff, 0xff, 0xcf, 0xff, 0xff, 0xff, 0xff, 0xff,
    0xff, 0xff, 0xff, 0xff, 0xff, 0xff, 0xfc, 0x2c,
    0xff, 0xff, 0xff, 0xff, 0xff, 0xff, 0xff, 0xff,
    0xff, 0xff, 0xff, 0xc2,

    /* U+F043 "" */
    0x0, 0x0, 0x0, 0x2, 0xcb, 0x10, 0x0, 0x0,
    0x0, 0x0, 0x0, 0x0, 0x9, 0xff, 0x70, 0x0,
    0x0, 0x0, 0x0, 0x0, 0x0, 0xf, 0xff, 0xd0,
    0x0, 0x0, 0x0, 0x0, 0x0, 0x0, 0x5f, 0xff,
    0xf3, 0x0, 0x0, 0x0, 0x0, 0x0, 0x0, 0xcf,
    0xff, 0xfa, 0x0, 0x0, 0x0, 0x0, 0x0, 0x4,
    0xff, 0xff, 0xff, 0x20, 0x0, 0x0, 0x0, 0x0,
    0xc, 0xff, 0xff, 0xff, 0xb0, 0x0, 0x0, 0x0,
    0x0, 0x6f, 0xff, 0xff, 0xff, 0xf4, 0x0, 0x0,
    0x0, 0x1, 0xef, 0xff, 0xff, 0xff, 0xfd, 0x0,
    0x0, 0x0, 0xb, 0xff, 0xff, 0xff, 0xff, 0xff,
    0x90, 0x0, 0x0, 0x7f, 0xff, 0xff, 0xff, 0xff,
    0xff, 0xf5, 0x0, 0x2, 0xff, 0xff, 0xff, 0xff,
    0xff, 0xff, 0xfe, 0x10, 0xb, 0xff, 0xff, 0xff,
    0xff, 0xff, 0xff, 0xff, 0x90, 0x3f, 0xff, 0xff,
    0xff, 0xff, 0xff, 0xff, 0xff, 0xf1, 0x8f, 0xff,
    0xff, 0xff, 0xff, 0xff, 0xff, 0xff, 0xf6, 0xcf,
    0xff, 0xff, 0xff, 0xff, 0xff, 0xff, 0xff, 0xfa,
    0xef, 0xfb, 0xaf, 0xff, 0xff, 0xff, 0xff, 0xff,
    0xfc, 0xff, 0xf4, 0x1f, 0xff, 0xff, 0xff, 0xff,
    0xff, 0xfd, 0xef, 0xf6, 0xe, 0xff, 0xff, 0xff,
    0xff, 0xff, 0xfc, 0xbf, 0xfb, 0x6, 0xff, 0xff,
    0xff, 0xff, 0xff, 0xf8, 0x6f, 0xff, 0x40, 0x6f,
    0xff, 0xff, 0xff, 0xff, 0xf4, 0xe, 0xff, 0xf3,
    0x0, 0x3a, 0xff, 0xff, 0xff, 0xc0, 0x4, 0xff,
    0xff, 0x93, 0x7, 0xff, 0xff, 0xff, 0x30, 0x0,
    0x7f, 0xff, 0xff, 0xff, 0xff, 0xff, 0xf5, 0x0,
    0x0, 0x5, 0xff, 0xff, 0xff, 0xff, 0xfe, 0x40,
    0x0, 0x0, 0x0, 0x18, 0xef, 0xff, 0xfd, 0x80,
    0x0, 0x0, 0x0, 0x0, 0x0, 0x1, 0x33, 0x10,
    0x0, 0x0, 0x0,

    /* U+F048 "" */
    0x0, 0x0, 0x0, 0x0, 0x0, 0x0, 0x0, 0x0,
    0xa, 0xff, 0xd0, 0x0, 0x0, 0x0, 0x0, 0x5f,
    0xd2, 0xbf, 0xfe, 0x0, 0x0, 0x0, 0x0, 0x6f,
    0xff, 0x7b, 0xff, 0xe0, 0x0, 0x0, 0x0, 0x7f,
    0xff, 0xf8, 0xbf, 0xfe, 0x0, 0x0, 0x0, 0x9f,
    0xff, 0xff, 0x8b, 0xff, 0xe0, 0x0, 0x0, 0xaf,
    0xff, 0xff, 0xf8, 0xbf, 0xfe, 0x0, 0x0, 0xbf,
    0xff, 0xff, 0xff, 0x8b, 0xff, 0xe0, 0x1, 0xcf,
    0xff, 0xff, 0xff, 0xf8, 0xbf, 0xfe, 0x1, 0xdf,
    0xff, 0xff, 0xff, 0xff, 0x8b, 0xff, 0xe2, 0xdf,
    0xff, 0xff, 0xff, 0xff, 0xf8, 0xbf, 0xff, 0xef,
    0xff, 0xff, 0xff, 0xff, 0xff, 0x8b, 0xff, 0xff,
    0xff, 0xff, 0xff, 0xff, 0xff, 0xf8, 0xbf, 0xff,
    0xff, 0xff, 0xff, 0xff, 0xff, 0xff, 0x8b, 0xff,
    0xff, 0xff, 0xff, 0xff, 0xff, 0xff, 0xf8, 0xbf,
    0xff, 0xbf, 0xff, 0xff, 0xff, 0xff, 0xff, 0x8b,
    0xff, 0xe0, 0xaf, 0xff, 0xff, 0xff, 0xff, 0xf8,
    0xbf, 0xfe, 0x0, 0x9f, 0xff, 0xff, 0xff, 0xff,
    0x8b, 0xff, 0xe0, 0x0, 0x7f, 0xff, 0xff, 0xff,
    0xf8, 0xbf, 0xfe, 0x0, 0x0, 0x6f, 0xff, 0xff,
    0xff, 0x8b, 0xff, 0xe0, 0x0, 0x0, 0x5f, 0xff,
    0xff, 0xf8, 0xbf, 0xfe, 0x0, 0x0, 0x0, 0x4f,
    0xff, 0xff, 0x8b, 0xff, 0xe0, 0x0, 0x0, 0x0,
    0x3e, 0xff, 0xf8, 0xbf, 0xfe, 0x0, 0x0, 0x0,
    0x0, 0x2e, 0xff, 0x66, 0xbb, 0x80, 0x0, 0x0,
    0x0, 0x0, 0x1a, 0x80, 0x0, 0x0, 0x0, 0x0,
    0x0, 0x0, 0x0, 0x0, 0x0,

    /* U+F04B "" */
    0x0, 0x0, 0x0, 0x0, 0x0, 0x0, 0x0, 0x0,
    0x0, 0x0, 0x0, 0x0, 0x8b, 0x70, 0x0, 0x0,
    0x0, 0x0, 0x0, 0x0, 0x0, 0x0, 0x0, 0xbf,
    0xff, 0xd4, 0x0, 0x0, 0x0, 0x0, 0x0, 0x0,
    0x0, 0x0, 0xf, 0xff, 0xff, 0xfb, 0x20, 0x0,
    0x0, 0x0, 0x0, 0x0, 0x0, 0x0, 0xff, 0xff,
    0xff, 0xff, 0x80, 0x0, 0x0, 0x0, 0x0, 0x0,
    0x0, 0xf, 0xff, 0xff, 0xff, 0xff, 0xe5, 0x0,
    0x0, 0x0, 0x0, 0x0, 0x0, 0xff, 0xff, 0xff,
    0xff, 0xff, 0xfc, 0x20, 0x0, 0x0, 0x0, 0x0,
    0xf, 0xff, 0xff, 0xff, 0xff, 0xff, 0xff, 0x91,
    0x0, 0x0, 0x0, 0x0, 0xff, 0xff, 0xff, 0xff,
    0xff, 0xff, 0xff, 0xe6, 0x0, 0x0, 0x0, 0xf,
    0xff, 0xff, 0xff, 0xff, 0xff, 0xff, 0xff, 0xfc,
    0x30, 0x0, 0x0, 0xff, 0xff, 0xff, 0xff, 0xff,
    0xff, 0xff, 0xff, 0xff, 0x91, 0x0, 0xf, 0xff,
    0xff, 0xff, 0xff, 0xff, 0xff, 0xff, 0xff, 0xff,
    0xf6, 0x0, 0xff, 0xff, 0xff, 0xff, 0xff, 0xff,
    0xff, 0xff, 0xff, 0xff, 0xfc, 0x1f, 0xff, 0xff,
    0xff, 0xff, 0xff, 0xff, 0xff, 0xff, 0xff, 0xff,
    0xf9, 0xff, 0xff, 0xff, 0xff, 0xff, 0xff, 0xff,
    0xff, 0xff, 0xff, 0xff, 0xbf, 0xff, 0xff, 0xff,
    0xff, 0xff, 0xff, 0xff, 0xff, 0xff, 0xff, 0xf5,
    0xff, 0xff, 0xff, 0xff, 0xff, 0xff, 0xff, 0xff,
    0xff, 0xff, 0xe5, 0xf, 0xff, 0xff, 0xff, 0xff,
    0xff, 0xff, 0xff, 0xff, 0xff, 0x80, 0x0, 0xff,
    0xff, 0xff, 0xff, 0xff, 0xff, 0xff, 0xff, 0xfb,
    0x20, 0x0, 0xf, 0xff, 0xff, 0xff, 0xff, 0xff,
    0xff, 0xff, 0xd4, 0x0, 0x0, 0x0, 0xff, 0xff,
    0xff, 0xff, 0xff, 0xff, 0xff, 0x70, 0x0, 0x0,
    0x0, 0xf, 0xff, 0xff, 0xff, 0xff, 0xff, 0xfa,
    0x10, 0x0, 0x0, 0x0, 0x0, 0xff, 0xff, 0xff,
    0xff, 0xff, 0xd4, 0x0, 0x0, 0x0, 0x0, 0x0,
    0xf, 0xff, 0xff, 0xff, 0xff, 0x70, 0x0, 0x0,
    0x0, 0x0, 0x0, 0x0, 0xff, 0xff, 0xff, 0xf9,
    0x10, 0x0, 0x0, 0x0, 0x0, 0x0, 0x0, 0xe,
    0xff, 0xff, 0xc3, 0x0, 0x0, 0x0, 0x0, 0x0,
    0x0, 0x0, 0x0, 0x4f, 0xfe, 0x60, 0x0, 0x0,
    0x0, 0x0, 0x0, 0x0, 0x0, 0x0, 0x0, 0x13,
    0x0, 0x0, 0x0, 0x0, 0x0, 0x0, 0x0, 0x0,
    0x0, 0x0,

    /* U+F04C "" */
    0x0, 0x0, 0x0, 0x0, 0x0, 0x0, 0x0, 0x0,
    0x0, 0x0, 0x0, 0x2, 0xcf, 0xff, 0xff, 0xfa,
    0x0, 0x0, 0x2c, 0xff, 0xff, 0xff, 0xa0, 0xcf,
    0xff, 0xff, 0xff, 0xf8, 0x0, 0xc, 0xff, 0xff,
    0xff, 0xff, 0x8f, 0xff, 0xff, 0xff, 0xff, 0xb0,
    0x0, 0xff, 0xff, 0xff, 0xff, 0xfb, 0xff, 0xff,
    0xff, 0xff, 0xfc, 0x0, 0xf, 0xff, 0xff, 0xff,
    0xff, 0xcf, 0xff, 0xff, 0xff, 0xff, 0xc0, 0x0,
    0xff, 0xff, 0xff, 0xff, 0xfc, 0xff, 0xff, 0xff,
    0xff, 0xfc, 0x0, 0xf, 0xff, 0xff, 0xff, 0xff,
    0xcf, 0xff, 0xff, 0xff, 0xff, 0xc0, 0x0, 0xff,
    0xff, 0xff, 0xff, 0xfc, 0xff, 0xff, 0xff, 0xff,
    0xfc, 0x0, 0xf, 0xff, 0xff, 0xff, 0xff, 0xcf,
    0xff, 0xff, 0xff, 0xff, 0xc0, 0x0, 0xff, 0xff,
    0xff, 0xff, 0xfc, 0xff, 0xff, 0xff, 0xff, 0xfc,
    0x0, 0xf, 0xff, 0xff, 0xff, 0xff, 0xcf, 0xff,
    0xff, 0xff, 0xff, 0xc0, 0x0, 0xff, 0xff, 0xff,
    0xff, 0xfc, 0xff, 0xff, 0xff, 0xff, 0xfc, 0x0,
    0xf, 0xff, 0xff, 0xff, 0xff, 0xcf, 0xff, 0xff,
    0xff, 0xff, 0xc0, 0x0, 0xff, 0xff, 0xff, 0xff,
    0xfc, 0xff, 0xff, 0xff, 0xff, 0xfc, 0x0, 0xf,
    0xff, 0xff, 0xff, 0xff, 0xcf, 0xff, 0xff, 0xff,
    0xff, 0xc0, 0x0, 0xff, 0xff, 0xff, 0xff, 0xfc,
    0xff, 0xff, 0xff, 0xff, 0xfc, 0x0, 0xf, 0xff,
    0xff, 0xff, 0xff, 0xcf, 0xff, 0xff, 0xff, 0xff,
    0xc0, 0x0, 0xff, 0xff, 0xff, 0xff, 0xfc, 0xff,
    0xff, 0xff, 0xff, 0xfc, 0x0, 0xf, 0xff, 0xff,
    0xff, 0xff, 0xcf, 0xff, 0xff, 0xff, 0xff, 0xc0,
    0x0, 0xff, 0xff, 0xff, 0xff, 0xfc, 0xff, 0xff,
    0xff, 0xff, 0xfc, 0x0, 0xf, 0xff, 0xff, 0xff,
    0xff, 0xcf, 0xff, 0xff, 0xff, 0xff, 0xb0, 0x0,
    0xff, 0xff, 0xff, 0xff, 0xfb, 0x9f, 0xff, 0xff,
    0xff, 0xf5, 0x0, 0x9, 0xff, 0xff, 0xff, 0xff,
    0x50, 0x7a, 0xbb, 0xbb, 0xa5, 0x0, 0x0, 0x7,
    0xab, 0xbb, 0xba, 0x50,

    /* U+F04D "" */
    0x0, 0x0, 0x0, 0x0, 0x0, 0x0, 0x0, 0x0,
    0x0, 0x0, 0x0, 0x2, 0xcf, 0xff, 0xff, 0xff,
    0xff, 0xff, 0xff, 0xff, 0xff, 0xff, 0xa0, 0xcf,
    0xff, 0xff, 0xff, 0xff, 0xff, 0xff, 0xff, 0xff,
    0xff, 0xff, 0x8f, 0xff, 0xff, 0xff, 0xff, 0xff,
    0xff, 0xff, 0xff, 0xff, 0xff, 0xfb, 0xff, 0xff,
    0xff, 0xff, 0xff, 0xff, 0xff, 0xff, 0xff, 0xff,
    0xff, 0xcf, 0xff, 0xff, 0xff, 0xff, 0xff, 0xff,
    0xff, 0xff, 0xff, 0xff, 0xfc, 0xff, 0xff, 0xff,
    0xff, 0xff, 0xff, 0xff, 0xff, 0xff, 0xff, 0xff,
    0xcf, 0xff, 0xff, 0xff, 0xff, 0xff, 0xff, 0xff,
    0xff, 0xff, 0xff, 0xfc, 0xff, 0xff, 0xff, 0xff,
    0xff, 0xff, 0xff, 0xff, 0xff, 0xff, 0xff, 0xcf,
    0xff, 0xff, 0xff, 0xff, 0xff, 0xff, 0xff, 0xff,
    0xff, 0xff, 0xfc, 0xff, 0xff, 0xff, 0xff, 0xff,
    0xff, 0xff, 0xff, 0xff, 0xff, 0xff, 0xcf, 0xff,
    0xff, 0xff, 0xff, 0xff, 0xff, 0xff, 0xff, 0xff,
    0xff, 0xfc, 0xff, 0xff, 0xff, 0xff, 0xff, 0xff,
    0xff, 0xff, 0xff, 0xff, 0xff, 0xcf, 0xff, 0xff,
    0xff, 0xff, 0xff, 0xff, 0xff, 0xff, 0xff, 0xff,
    0xfc, 0xff, 0xff, 0xff, 0xff, 0xff, 0xff, 0xff,
    0xff, 0xff, 0xff, 0xff, 0xcf, 0xff, 0xff, 0xff,
    0xff, 0xff, 0xff, 0xff, 0xff, 0xff, 0xff, 0xfc,
    0xff, 0xff, 0xff, 0xff, 0xff, 0xff, 0xff, 0xff,
    0xff, 0xff, 0xff, 0xcf, 0xff, 0xff, 0xff, 0xff,
    0xff, 0xff, 0xff, 0xff, 0xff, 0xff, 0xfc, 0xff,
    0xff, 0xff, 0xff, 0xff, 0xff, 0xff, 0xff, 0xff,
    0xff, 0xff, 0xcf, 0xff, 0xff, 0xff, 0xff, 0xff,
    0xff, 0xff, 0xff, 0xff, 0xff, 0xfc, 0xff, 0xff,
    0xff, 0xff, 0xff, 0xff, 0xff, 0xff, 0xff, 0xff,
    0xff, 0xcf, 0xff, 0xff, 0xff, 0xff, 0xff, 0xff,
    0xff, 0xff, 0xff, 0xff, 0xfb, 0x9f, 0xff, 0xff,
    0xff, 0xff, 0xff, 0xff, 0xff, 0xff, 0xff, 0xff,
    0x50, 0x7a, 0xbb, 0xbb, 0xbb, 0xbb, 0xbb, 0xbb,
    0xbb, 0xbb, 0xba, 0x50,

    /* U+F051 "" */
    0x0, 0x0, 0x0, 0x0, 0x0, 0x0, 0x0, 0x0,
    0x3, 0xee, 0x30, 0x0, 0x0, 0x0, 0x0, 0xff,
    0xf8, 0xaf, 0xff, 0x40, 0x0, 0x0, 0x0, 0x1f,
    0xff, 0x9a, 0xff, 0xff, 0x50, 0x0, 0x0, 0x1,
    0xff, 0xf9, 0xaf, 0xff, 0xff, 0x70, 0x0, 0x0,
    0x1f, 0xff, 0x9a, 0xff, 0xff, 0xff, 0x80, 0x0,
    0x1, 0xff, 0xf9, 0xaf, 0xff, 0xff, 0xff, 0x90,
    0x0, 0x1f, 0xff, 0x9a, 0xff, 0xff, 0xff, 0xff,
    0xa0, 0x1, 0xff, 0xf9, 0xaf, 0xff, 0xff, 0xff,
    0xff, 0xb0, 0x1f, 0xff, 0x9a, 0xff, 0xff, 0xff,
    0xff, 0xff, 0xc2, 0xff, 0xf9, 0xaf, 0xff, 0xff,
    0xff, 0xff, 0xff, 0xef, 0xff, 0x9a, 0xff, 0xff,
    0xff, 0xff, 0xff, 0xff, 0xff, 0xf9, 0xaf, 0xff,
    0xff, 0xff, 0xff, 0xff, 0xff, 0xff, 0x9a, 0xff,
    0xff, 0xff, 0xff, 0xff, 0xff, 0xff, 0xf9, 0xaf,
    0xff, 0xff, 0xff, 0xff, 0xff, 0x9f, 0xff, 0x9a,
    0xff, 0xff, 0xff, 0xff, 0xff, 0x71, 0xff, 0xf9,
    0xaf, 0xff, 0xff, 0xff, 0xff, 0x60, 0x1f, 0xff,
    0x9a, 0xff, 0xff, 0xff, 0xff, 0x50, 0x1, 0xff,
    0xf9, 0xaf, 0xff, 0xff, 0xff, 0x40, 0x0, 0x1f,
    0xff, 0x9a, 0xff, 0xff, 0xfe, 0x30, 0x0, 0x1,
    0xff, 0xf9, 0xaf, 0xff, 0xfe, 0x20, 0x0, 0x0,
    0x1f, 0xff, 0x9a, 0xff, 0xfd, 0x10, 0x0, 0x0,
    0x1, 0xff, 0xf9, 0x8f, 0xfc, 0x10, 0x0, 0x0,
    0x0, 0x1f, 0xff, 0x91, 0x99, 0x0, 0x0, 0x0,
    0x0, 0x0, 0xab, 0xb5, 0x0, 0x0, 0x0, 0x0,
    0x0, 0x0, 0x0, 0x0, 0x0,

    /* U+F052 "" */
    0x0, 0x0, 0x0, 0x0, 0x0, 0x0, 0x0, 0x0,
    0x0, 0x0, 0x0, 0x0, 0x0, 0x0, 0x0, 0x0,
    0x0, 0x2, 0xdf, 0xb1, 0x0, 0x0, 0x0, 0x0,
    0x0, 0x0, 0x0, 0x0, 0x0, 0x2, 0xef, 0xff,
    0xc0, 0x0, 0x0, 0x0, 0x0, 0x0, 0x0, 0x0,
    0x0, 0x1, 0xef, 0xff, 0xff, 0xb0, 0x0, 0x0,
    0x0, 0x0, 0x0, 0x0, 0x0, 0x1, 0xdf, 0xff,
    0xff, 0xff, 0xa0, 0x0, 0x0, 0x0, 0x0, 0x0,
    0x0, 0x0, 0xcf, 0xff, 0xff, 0xff, 0xff, 0x90,
    0x0, 0x0, 0x0, 0x0, 0x0, 0x0, 0xbf, 0xff,
    0xff, 0xff, 0xff, 0xff, 0x70, 0x0, 0x0, 0x0,
    0x0, 0x0, 0xaf, 0xff, 0xff, 0xff, 0xff, 0xff,
    0xff, 0x60, 0x0, 0x0, 0x0, 0x0, 0x9f, 0xff,
    0xff, 0xff, 0xff, 0xff, 0xff, 0xff, 0x50, 0x0,
    0x0, 0x0, 0x7f, 0xff, 0xff, 0xff, 0xff, 0xff,
    0xff, 0xff, 0xff, 0x40, 0x0, 0x0, 0x6f, 0xff,
    0xff, 0xff, 0xff, 0xff, 0xff, 0xff, 0xff, 0xff,
    0x30, 0x0, 0x5f, 0xff, 0xff, 0xff, 0xff, 0xff,
    0xff, 0xff, 0xff, 0xff, 0xfe, 0x20, 0xe, 0xff,
    0xff, 0xff, 0xff, 0xff, 0xff, 0xff, 0xff, 0xff,
    0xff, 0xfa, 0x0, 0xff, 0xff, 0xff, 0xff, 0xff,
    0xff, 0xff, 0xff, 0xff, 0xff, 0xff, 0xa0, 0x8,
    0xff, 0xff, 0xff, 0xff, 0xff, 0xff, 0xff, 0xff,
    0xff, 0xff, 0xf4, 0x0, 0x6, 0x99, 0x99, 0x99,
    0x99, 0x99, 0x99, 0x99, 0x99, 0x99, 0x84, 0x0,
    0x0, 0x0, 0x0, 0x0, 0x0, 0x0, 0x0, 0x0,
    0x0, 0x0, 0x0, 0x0, 0x0, 0x6e, 0xff, 0xff,
    0xff, 0xff, 0xff, 0xff, 0xff, 0xff, 0xff, 0xfd,
    0x30, 0xf, 0xff, 0xff, 0xff, 0xff, 0xff, 0xff,
    0xff, 0xff, 0xff, 0xff, 0xfb, 0x0, 0xff, 0xff,
    0xff, 0xff, 0xff, 0xff, 0xff, 0xff, 0xff, 0xff,
    0xff, 0xc0, 0xf, 0xff, 0xff, 0xff, 0xff, 0xff,
    0xff, 0xff, 0xff, 0xff, 0xff, 0xfc, 0x0, 0xff,
    0xff, 0xff, 0xff, 0xff, 0xff, 0xff, 0xff, 0xff,
    0xff, 0xff, 0xb0, 0xd, 0xff, 0xff, 0xff, 0xff,
    0xff, 0xff, 0xff, 0xff, 0xff, 0xff, 0xf9, 0x0,
    0x28, 0x88, 0x88, 0x88, 0x88, 0x88, 0x88, 0x88,
    0x88, 0x88, 0x87, 0x0,

    /* U+F053 "" */
    0x0, 0x0, 0x0, 0x0, 0x0, 0x5c, 0x50, 0x0,
    0x0, 0x0, 0x0, 0x6, 0xff, 0xf5, 0x0, 0x0,
    0x0, 0x0, 0x6f, 0xff, 0xfc, 0x0, 0x0, 0x0,
    0x6, 0xff, 0xff, 0xf5, 0x0, 0x0, 0x0, 0x6f,
    0xff, 0xff, 0x60, 0x0, 0x0, 0x6, 0xff, 0xff,
    0xf6, 0x0, 0x0, 0x0, 0x5f, 0xff, 0xff, 0x60,
    0x0, 0x0, 0x5, 0xff, 0xff, 0xf6, 0x0, 0x0,
    0x0, 0x5f, 0xff, 0xff, 0x60, 0x0, 0x0, 0x5,
    0xff, 0xff, 0xf6, 0x0, 0x0, 0x0, 0x4f, 0xff,
    0xff, 0x60, 0x0, 0x0, 0x0, 0x8f, 0xff, 0xfe,
    0x10, 0x0, 0x0, 0x0, 0xc, 0xff, 0xff, 0xd1,
    0x0, 0x0, 0x0, 0x0, 0xcf, 0xff, 0xfd, 0x10,
    0x0, 0x0, 0x0, 0xc, 0xff, 0xff, 0xd1, 0x0,
    0x0, 0x0, 0x0, 0xcf, 0xff, 0xfd, 0x10, 0x0,
    0x0, 0x0, 0xc, 0xff, 0xff, 0xd1, 0x0, 0x0,
    0x0, 0x0, 0xcf, 0xff, 0xfd, 0x10, 0x0, 0x0,
    0x0, 0xc, 0xff, 0xff, 0xd1, 0x0, 0x0, 0x0,
    0x0, 0xcf, 0xff, 0xfb, 0x0, 0x0, 0x0, 0x0,
    0xc, 0xff, 0xfa, 0x0, 0x0, 0x0, 0x0, 0x0,
    0xcf, 0xb0, 0x0, 0x0, 0x0, 0x0, 0x0, 0x3,
    0x0,

    /* U+F054 "" */
    0x2, 0xc8, 0x0, 0x0, 0x0, 0x0, 0x0, 0x2e,
    0xff, 0x90, 0x0, 0x0, 0x0, 0x0, 0x8f, 0xff,
    0xf9, 0x0, 0x0, 0x0, 0x0, 0x2e, 0xff, 0xff,
    0x90, 0x0, 0x0, 0x0, 0x3, 0xef, 0xff, 0xf9,
    0x0, 0x0, 0x0, 0x0, 0x3e, 0xff, 0xff, 0x90,
    0x0, 0x0, 0x0, 0x3, 0xef, 0xff, 0xf9, 0x0,
    0x0, 0x0, 0x0, 0x3e, 0xff, 0xff, 0x90, 0x0,
    0x0, 0x0, 0x3, 0xef, 0xff, 0xf9, 0x0, 0x0,
    0x0, 0x0, 0x3e, 0xff, 0xff, 0x90, 0x0, 0x0,
    0x0, 0x3, 0xef, 0xff, 0xf8, 0x0, 0x0, 0x0,
    0x0, 0xbf, 0xff, 0xfc, 0x0, 0x0, 0x0, 0xa,
    0xff, 0xff, 0xe2, 0x0, 0x0, 0x0, 0xaf, 0xff,
    0xfe, 0x20, 0x0, 0x0, 0xa, 0xff, 0xff, 0xe2,
    0x0, 0x0, 0x0, 0xaf, 0xff, 0xfe, 0x20, 0x0,
    0x0, 0xa, 0xff, 0xff, 0xe2, 0x0, 0x0, 0x0,
    0xaf, 0xff, 0xfe, 0x20, 0x0, 0x0, 0xa, 0xff,
    0xff, 0xe2, 0x0, 0x0, 0x0, 0x7f, 0xff, 0xfe,
    0x20, 0x0, 0x0, 0x0, 0x6f, 0xff, 0xe2, 0x0,
    0x0, 0x0, 0x0, 0x8, 0xfe, 0x20, 0x0, 0x0,
    0x0, 0x0, 0x0, 0x31, 0x0, 0x0, 0x0, 0x0,
    0x0,

    /* U+F067 "" */
    0x0, 0x0, 0x0, 0x0, 0x0, 0x12, 0x10, 0x0,
    0x0, 0x0, 0x0, 0x0, 0x0, 0x0, 0x0, 0x0,
    0x9f, 0xff, 0x60, 0x0, 0x0, 0x0, 0x0, 0x0,
    0x0, 0x0, 0x0, 0xf, 0xff, 0xfc, 0x0, 0x0,
    0x0, 0x0, 0x0, 0x0, 0x0, 0x0, 0x1, 0xff,
    0xff, 0xd0, 0x0, 0x0, 0x0, 0x0, 0x0, 0x0,
    0x0, 0x0, 0x1f, 0xff, 0xfd, 0x0, 0x0, 0x0,
    0x0, 0x0, 0x0, 0x0, 0x0, 0x1, 0xff, 0xff,
    0xd0, 0x0, 0x0, 0x0, 0x0, 0x0, 0x0, 0x0,
    0x0, 0x1f, 0xff, 0xfd, 0x0, 0x0, 0x0, 0x0,
    0x0, 0x0, 0x0, 0x0, 0x1, 0xff, 0xff, 0xd0,
    0x0, 0x0, 0x0, 0x0, 0x0, 0x0, 0x0, 0x0,
    0x1f, 0xff, 0xfd, 0x0, 0x0, 0x0, 0x0, 0x0,
    0x23, 0x33, 0x33, 0x33, 0xff, 0xff, 0xd3, 0x33,
    0x33, 0x33, 0x10, 0x9f, 0xff, 0xff, 0xff, 0xff,
    0xff, 0xff, 0xff, 0xff, 0xff, 0xff, 0x5f, 0xff,
    0xff, 0xff, 0xff, 0xff, 0xff, 0xff, 0xff, 0xff,
    0xff, 0xfb, 0xff, 0xff, 0xff, 0xff, 0xff, 0xff,
    0xff, 0xff, 0xff, 0xff, 0xff, 0xce, 0xff, 0xff,
    0xff, 0xff, 0xff, 0xff, 0xff, 0xff, 0xff, 0xff,
    0xfa, 0x3a, 0xbb, 0xbb, 0xbb, 0xbf, 0xff, 0xff,
    0xbb, 0xbb, 0xbb, 0xb9, 0x10, 0x0, 0x0, 0x0,
    0x1, 0xff, 0xff, 0xd0, 0x0, 0x0, 0x0, 0x0,
    0x0, 0x0, 0x0, 0x0, 0x1f, 0xff, 0xfd, 0x0,
    0x0, 0x0, 0x0, 0x0, 0x0, 0x0, 0x0, 0x1,
    0xff, 0xff, 0xd0, 0x0, 0x0, 0x0, 0x0, 0x0,
    0x0, 0x0, 0x0, 0x1f, 0xff, 0xfd, 0x0, 0x0,
    0x0, 0x0, 0x0, 0x0, 0x0, 0x0, 0x1, 0xff,
    0xff, 0xd0, 0x0, 0x0, 0x0, 0x0, 0x0, 0x0,
    0x0, 0x0, 0x1f, 0xff, 0xfd, 0x0, 0x0, 0x0,
    0x0, 0x0, 0x0, 0x0, 0x0, 0x1, 0xff, 0xff,
    0xd0, 0x0, 0x0, 0x0, 0x0, 0x0, 0x0, 0x0,
    0x0, 0xe, 0xff, 0xfa, 0x0, 0x0, 0x0, 0x0,
    0x0, 0x0, 0x0, 0x0, 0x0, 0x39, 0xa8, 0x10,
    0x0, 0x0, 0x0, 0x0,

    /* U+F068 "" */
    0x0, 0x0, 0x0, 0x0, 0x0, 0x0, 0x0, 0x0,
    0x0, 0x0, 0x0, 0x7, 0xff, 0xff, 0xff, 0xff,
    0xff, 0xff, 0xff, 0xff, 0xff, 0xff, 0xf4, 0xff,
    0xff, 0xff, 0xff, 0xff, 0xff, 0xff, 0xff, 0xff,
    0xff, 0xff, 0xbf, 0xff, 0xff, 0xff, 0xff, 0xff,
    0xff, 0xff, 0xff, 0xff, 0xff, 0xfc, 0xef, 0xff,
    0xff, 0xff, 0xff, 0xff, 0xff, 0xff, 0xff, 0xff,
    0xff, 0xa4, 0xcd, 0xdd, 0xdd, 0xdd, 0xdd, 0xdd,
    0xdd, 0xdd, 0xdd, 0xdd, 0xb2,

    /* U+F06E "" */
    0x0, 0x0, 0x0, 0x0, 0x0, 0x2, 0x56, 0x77,
    0x53, 0x0, 0x0, 0x0, 0x0, 0x0, 0x0, 0x0,
    0x0, 0x0, 0x0, 0x49, 0xff, 0xff, 0xff, 0xff,
    0xfb, 0x50, 0x0, 0x0, 0x0, 0x0, 0x0, 0x0,
    0x0, 0x3c, 0xff, 0xff, 0xff, 0xff, 0xff, 0xff,
    0xfe, 0x50, 0x0, 0x0, 0x0, 0x0, 0x0, 0x9,
    0xff, 0xff, 0xfa, 0x40, 0x0, 0x38, 0xff, 0xff,
    0xfb, 0x10, 0x0, 0x0, 0x0, 0x1, 0xcf, 0xff,
    0xfe, 0x30, 0x0, 0x0, 0x0, 0x1c, 0xff, 0xff,
    0xe3, 0x0, 0x0, 0x0, 0x1d, 0xff, 0xff, 0xe2,
    0x0, 0x3, 0x98, 0x30, 0x0, 0xcf, 0xff, 0xff,
    0x30, 0x0, 0x0, 0xcf, 0xff, 0xff, 0x50, 0x0,
    0x4, 0xff, 0xfa, 0x0, 0x2f, 0xff, 0xff, 0xe2,
    0x0, 0x9, 0xff, 0xff, 0xfd, 0x0, 0x0, 0x4,
    0xff, 0xff, 0xa0, 0x9, 0xff, 0xff, 0xfd, 0x0,
    0x3f, 0xff, 0xff, 0xf8, 0x0, 0x0, 0xb, 0xff,
    0xff, 0xf2, 0x4, 0xff, 0xff, 0xff, 0x70, 0xcf,
    0xff, 0xff, 0xf6, 0x1, 0xc9, 0xdf, 0xff, 0xff,
    0xf7, 0x2, 0xff, 0xff, 0xff, 0xf1, 0xef, 0xff,
    0xff, 0xf5, 0x3, 0xff, 0xff, 0xff, 0xff, 0xf7,
    0x1, 0xff, 0xff, 0xff, 0xf2, 0x8f, 0xff, 0xff,
    0xf6, 0x1, 0xff, 0xff, 0xff, 0xff, 0xf5, 0x2,
    0xff, 0xff, 0xff, 0xc0, 0xd, 0xff, 0xff, 0xfa,
    0x0, 0xaf, 0xff, 0xff, 0xff, 0xe0, 0x6, 0xff,
    0xff, 0xff, 0x30, 0x3, 0xff, 0xff, 0xff, 0x10,
    0x1d, 0xff, 0xff, 0xff, 0x40, 0xd, 0xff, 0xff,
    0xf7, 0x0, 0x0, 0x5f, 0xff, 0xff, 0xa0, 0x1,
    0x9f, 0xff, 0xb3, 0x0, 0x7f, 0xff, 0xff, 0xa0,
    0x0, 0x0, 0x7, 0xff, 0xff, 0xf8, 0x0, 0x0,
    0x10, 0x0, 0x5, 0xff, 0xff, 0xfa, 0x0, 0x0,
    0x0, 0x0, 0x4e, 0xff, 0xff, 0xb2, 0x0, 0x0,
    0x1, 0x8f, 0xff, 0xff, 0x80, 0x0, 0x0, 0x0,
    0x0, 0x1, 0xbf, 0xff, 0xff, 0xc8, 0x78, 0xbf,
    0xff, 0xff, 0xd4, 0x0, 0x0, 0x0, 0x0, 0x0,
    0x0, 0x3, 0xbf, 0xff, 0xff, 0xff, 0xff, 0xff,
    0xd6, 0x0, 0x0, 0x0, 0x0, 0x0, 0x0, 0x0,
    0x0, 0x2, 0x7a, 0xdf, 0xff, 0xdb, 0x83, 0x0,
    0x0, 0x0, 0x0, 0x0,

    /* U+F070 "" */
    0x9, 0x60, 0x0, 0x0, 0x0, 0x0, 0x0, 0x0,
    0x0, 0x0, 0x0, 0x0, 0x0, 0x0, 0x0, 0x0,
    0x9, 0xff, 0xa0, 0x0, 0x0, 0x0, 0x0, 0x0,
    0x0, 0x0, 0x0, 0x0, 0x0, 0x0, 0x0, 0x0,
    0x0, 0xef, 0xff, 0xd2, 0x0, 0x0, 0x0, 0x0,
    0x0, 0x0, 0x0, 0x0, 0x0, 0x0, 0x0, 0x0,
    0x0, 0x2, 0xdf, 0xff, 0xf5, 0x0, 0x0, 0x0,
    0x25, 0x77, 0x65, 0x20, 0x0, 0x0, 0x0, 0x0,
    0x0, 0x0, 0x0, 0xaf, 0xff, 0xf9, 0x0, 0x5a,
    0xef, 0xff, 0xff, 0xff, 0xe9, 0x30, 0x0, 0x0,
    0x0, 0x0, 0x0, 0x0, 0x7f, 0xff, 0xfc, 0xef,
    0xff, 0xff, 0xff, 0xff, 0xff, 0xff, 0xb2, 0x0,
    0x0, 0x0, 0x0, 0x0, 0x0, 0x3e, 0xff, 0xff,
    0xff, 0xf8, 0x30, 0x1, 0x4b, 0xff, 0xff, 0xf7,
    0x0, 0x0, 0x0, 0x0, 0x0, 0x0, 0x1c, 0xff,
    0xff, 0xe1, 0x0, 0x0, 0x0, 0x5, 0xff, 0xff,
    0xfb, 0x0, 0x0, 0x0, 0x0, 0x0, 0x0, 0x8,
    0xff, 0xff, 0xb1, 0x7, 0x97, 0x10, 0x3, 0xff,
    0xff, 0xfc, 0x0, 0x0, 0x0, 0x0, 0x10, 0x0,
    0x5, 0xff, 0xff, 0xd3, 0xaf, 0xff, 0x50, 0x7,
    0xff, 0xff, 0xfb, 0x0, 0x0, 0x0, 0x1e, 0xa0,
    0x0, 0x2, 0xdf, 0xff, 0xfd, 0xff, 0xff, 0x40,
    0xe, 0xff, 0xff, 0xf7, 0x0, 0x0, 0x9, 0xff,
    0xd2, 0x0, 0x0, 0xaf, 0xff, 0xff, 0xff, 0xfc,
    0x0, 0xaf, 0xff, 0xff, 0xf2, 0x0, 0x2, 0xff,
    0xff, 0xf5, 0x0, 0x0, 0x6f, 0xff, 0xff, 0xff,
    0xf0, 0x8, 0xff, 0xff, 0xff, 0xa0, 0x0, 0x4f,
    0xff, 0xff, 0xf8, 0x0, 0x0, 0x3e, 0xff, 0xff,
    0xff, 0x10, 0x7f, 0xff, 0xff, 0xfc, 0x0, 0x0,
    0xef, 0xff, 0xff, 0xf1, 0x0, 0x0, 0x1b, 0xff,
    0xff, 0xf0, 0x9, 0xff, 0xff, 0xff, 0x60, 0x0,
    0x5, 0xff, 0xff, 0xff, 0x50, 0x0, 0x0, 0x7,
    0xff, 0xff, 0xb1, 0xdf, 0xff, 0xff, 0xc0, 0x0,
    0x0, 0x9, 0xff, 0xff, 0xfc, 0x0, 0x0, 0x0,
    0x4, 0xef, 0xff, 0xef, 0xff, 0xff, 0xe1, 0x0,
    0x0, 0x0, 0xc, 0xff, 0xff, 0xf5, 0x0, 0x0,
    0x0, 0x1, 0xcf, 0xff, 0xff, 0xff, 0xf3, 0x0,
    0x0, 0x0, 0x0, 0xc, 0xff, 0xff, 0xf4, 0x0,
    0x0, 0x0, 0x0, 0x9f, 0xff, 0xff, 0xf4, 0x0,
    0x0, 0x0, 0x0, 0x0, 0x9, 0xff, 0xff, 0xf8,
    0x10, 0x0, 0x0, 0x0, 0x5f, 0xff, 0xfd, 0x20,
    0x0, 0x0, 0x0, 0x0, 0x0, 0x5, 0xef, 0xff,
    0xff, 0xa8, 0x78, 0x0, 0x0, 0x2d, 0xff, 0xff,
    0x50, 0x0, 0x0, 0x0, 0x0, 0x0, 0x0, 0x7e,
    0xff, 0xff, 0xff, 0xfd, 0x20, 0x0, 0xa, 0xff,
    0xff, 0x80, 0x0, 0x0, 0x0, 0x0, 0x0, 0x0,
    0x4, 0x8b, 0xef, 0xfe, 0xc8, 0x0, 0x0, 0x7,
    0xff, 0xff, 0xc1, 0x0, 0x0, 0x0, 0x0, 0x0,
    0x0, 0x0, 0x0, 0x0, 0x0, 0x0, 0x0, 0x0,
    0x3, 0xef, 0xff, 0xe3, 0x0, 0x0, 0x0, 0x0,
    0x0, 0x0, 0x0, 0x0, 0x0, 0x0, 0x0, 0x0,
    0x0, 0x1, 0xcf, 0xff, 0x50, 0x0, 0x0, 0x0,
    0x0, 0x0, 0x0, 0x0, 0x0, 0x0, 0x0, 0x0,
    0x0, 0x0, 0x0, 0x8f, 0xa0, 0x0, 0x0, 0x0,
    0x0, 0x0, 0x0, 0x0, 0x0, 0x0, 0x0, 0x0,
    0x0, 0x0, 0x0, 0x0, 0x20, 0x0,

    /* U+F071 "" */
    0x0, 0x0, 0x0, 0x0, 0x0, 0x0, 0x0, 0x9d,
    0xb2, 0x0, 0x0, 0x0, 0x0, 0x0, 0x0, 0x0,
    0x0, 0x0, 0x0, 0x0, 0x0, 0x0, 0x9f, 0xff,
    0xd0, 0x0, 0x0, 0x0, 0x0, 0x0, 0x0, 0x0,
    0x0, 0x0, 0x0, 0x0, 0x0, 0x2f, 0xff, 0xff,
    0x60, 0x0, 0x0, 0x0, 0x0, 0x0, 0x0, 0x0,
    0x0, 0x0, 0x0, 0x0, 0xb, 0xff, 0xff, 0xfe,
    0x10, 0x0, 0x0, 0x0, 0x0, 0x0, 0x0, 0x0,
    0x0, 0x0, 0x0, 0x5, 0xff, 0xff, 0xff, 0xf9,
    0x0, 0x0, 0x0, 0x0, 0x0, 0x0, 0x0, 0x0,
    0x0, 0x0, 0x0, 0xdf, 0xff, 0xff, 0xff, 0xf2,
    0x0, 0x0, 0x0, 0x0, 0x0, 0x0, 0x0, 0x0,
    0x0, 0x0, 0x7f, 0xff, 0xff, 0xff, 0xff, 0xb0,
    0x0, 0x0, 0x0, 0x0, 0x0, 0x0, 0x0, 0x0,
    0x0, 0x1f, 0xff, 0xff, 0xff, 0xff, 0xff, 0x40,
    0x0, 0x0, 0x0, 0x0, 0x0, 0x0, 0x0, 0x0,
    0x9, 0xff, 0xff, 0xff, 0xff, 0xff, 0xfd, 0x0,
    0x0, 0x0, 0x0, 0x0, 0x0, 0x0, 0x0, 0x3,
    0xff, 0xff, 0x80, 0x0, 0x4f, 0xff, 0xf7, 0x0,
    0x0, 0x0, 0x0, 0x0, 0x0, 0x0, 0x0, 0xcf,
    0xff, 0xf6, 0x0, 0x3, 0xff, 0xff, 0xf1, 0x0,
    0x0, 0x0, 0x0, 0x0, 0x0, 0x0, 0x5f, 0xff,
    0xff, 0x70, 0x0, 0x3f, 0xff, 0xff, 0x90, 0x0,
    0x0, 0x0, 0x0, 0x0, 0x0, 0xe, 0xff, 0xff,
    0xf8, 0x0, 0x4, 0xff, 0xff, 0xff, 0x20, 0x0,
    0x0, 0x0, 0x0, 0x0, 0x7, 0xff, 0xff, 0xff,
    0x90, 0x0, 0x5f, 0xff, 0xff, 0xfb, 0x0, 0x0,
    0x0, 0x0, 0x0, 0x1, 0xff, 0xff, 0xff, 0xfa,
    0x0, 0x6, 0xff, 0xff, 0xff, 0xf5, 0x0, 0x0,
    0x0, 0x0, 0x0, 0xaf, 0xff, 0xff, 0xff, 0xb0,
    0x0, 0x7f, 0xff, 0xff, 0xff, 0xd0, 0x0, 0x0,
    0x0, 0x0, 0x3f, 0xff, 0xff, 0xff, 0xfd, 0x0,
    0x9, 0xff, 0xff, 0xff, 0xff, 0x70, 0x0, 0x0,
    0x0, 0xc, 0xff, 0xff, 0xff, 0xff, 0xfe, 0xee,
    0xff, 0xff, 0xff, 0xff, 0xff, 0x10, 0x0, 0x0,
    0x5, 0xff, 0xff, 0xff, 0xff, 0xff, 0x50, 0x3d,
    0xff, 0xff, 0xff, 0xff, 0xf9, 0x0, 0x0, 0x0,
    0xef, 0xff, 0xff, 0xff, 0xff, 0x80, 0x0, 0x4f,
    0xff, 0xff, 0xff, 0xff, 0xf3, 0x0, 0x0, 0x8f,
    0xff, 0xff, 0xff, 0xff, 0xf5, 0x0, 0x1, 0xff,
    0xff, 0xff, 0xff, 0xff, 0xc0, 0x0, 0x1f, 0xff,
    0xff, 0xff, 0xff, 0xff, 0x90, 0x0, 0x5f, 0xff,
    0xff, 0xff, 0xff, 0xff, 0x50, 0xa, 0xff, 0xff,
    0xff, 0xff, 0xff, 0xff, 0x72, 0x5e, 0xff, 0xff,
    0xff, 0xff, 0xff, 0xfe, 0x0, 0xff, 0xff, 0xff,
    0xff, 0xff, 0xff, 0xff, 0xff, 0xff, 0xff, 0xff,
    0xff, 0xff, 0xff, 0xf3, 0xd, 0xff, 0xff, 0xff,
    0xff, 0xff, 0xff, 0xff, 0xff, 0xff, 0xff, 0xff,
    0xff, 0xff, 0xff, 0x10, 0x4f, 0xff, 0xff, 0xff,
    0xff, 0xff, 0xff, 0xff, 0xff, 0xff, 0xff, 0xff,
    0xff, 0xff, 0x80, 0x0, 0x13, 0x33, 0x33, 0x33,
    0x33, 0x33, 0x33, 0x33, 0x33, 0x33, 0x33, 0x33,
    0x33, 0x10, 0x0,

    /* U+F074 "" */
    0x0, 0x0, 0x0, 0x0, 0x0, 0x0, 0x0, 0x0,
    0x0, 0x0, 0x10, 0x0, 0x0, 0x0, 0x0, 0x0,
    0x0, 0x0, 0x0, 0x0, 0x0, 0x0, 0x4, 0xfd,
    0x10, 0x0, 0x0, 0x0, 0x0, 0x0, 0x0, 0x0,
    0x0, 0x0, 0x0, 0x7, 0xff, 0xd1, 0x0, 0x0,
    0x0, 0x0, 0x0, 0x0, 0x0, 0x0, 0x0, 0x0,
    0x8, 0xff, 0xfd, 0x10, 0xdf, 0xff, 0xff, 0xc1,
    0x0, 0x0, 0x0, 0x3, 0xef, 0xff, 0xff, 0xff,
    0xd1, 0xff, 0xff, 0xff, 0xfc, 0x0, 0x0, 0x0,
    0x3f, 0xff, 0xff, 0xff, 0xff, 0xfc, 0xff, 0xff,
    0xff, 0xff, 0xc0, 0x0, 0x2, 0xef, 0xff, 0xff,
    0xff, 0xff, 0xfd, 0xff, 0xff, 0xff, 0xff, 0xfb,
    0x0, 0x2e, 0xff, 0xff, 0xff, 0xff, 0xff, 0xe2,
    0x1, 0x11, 0x1b, 0xff, 0xfc, 0x1, 0xdf, 0xff,
    0xf8, 0x18, 0xff, 0xfe, 0x20, 0x0, 0x0, 0x0,
    0xcf, 0xd1, 0x1d, 0xff, 0xff, 0x90, 0x8, 0xff,
    0xe2, 0x0, 0x0, 0x0, 0x0, 0xa, 0x10, 0xcf,
    0xff, 0xf9, 0x0, 0x6, 0xfe, 0x20, 0x0, 0x0,
    0x0, 0x0, 0x0, 0xc, 0xff, 0xff, 0xa0, 0x0,
    0x0, 0x41, 0x0, 0x0, 0x0, 0x0, 0x0, 0x0,
    0xbf, 0xff, 0xfb, 0x0, 0x0, 0x0, 0x10, 0x0,
    0x0, 0x0, 0x0, 0x0, 0xa, 0xff, 0xff, 0xc0,
    0x26, 0x0, 0x4, 0xfc, 0x10, 0x0, 0x0, 0x0,
    0x0, 0x9f, 0xff, 0xfc, 0x1, 0xdf, 0x50, 0x7,
    0xff, 0xc1, 0x0, 0x0, 0x0, 0x9, 0xff, 0xff,
    0xd1, 0x1d, 0xff, 0xf5, 0x8, 0xff, 0xfc, 0x10,
    0xde, 0xee, 0xef, 0xff, 0xfd, 0x10, 0x3f, 0xff,
    0xff, 0xef, 0xff, 0xff, 0xc1, 0xff, 0xff, 0xff,
    0xff, 0xe2, 0x0, 0x4, 0xff, 0xff, 0xff, 0xff,
    0xff, 0xfc, 0xff, 0xff, 0xff, 0xfe, 0x20, 0x0,
    0x0, 0x5f, 0xff, 0xff, 0xff, 0xff, 0xfe, 0xff,
    0xff, 0xff, 0xe3, 0x0, 0x0, 0x0, 0x6, 0xff,
    0xff, 0xff, 0xff, 0xe3, 0x12, 0x22, 0x22, 0x10,
    0x0, 0x0, 0x0, 0x0, 0x12, 0x29, 0xff, 0xfe,
    0x30, 0x0, 0x0, 0x0, 0x0, 0x0, 0x0, 0x0,
    0x0, 0x0, 0x8, 0xff, 0xe3, 0x0, 0x0, 0x0,
    0x0, 0x0, 0x0, 0x0, 0x0, 0x0, 0x0, 0x6,
    0xfe, 0x30, 0x0, 0x0, 0x0, 0x0, 0x0, 0x0,
    0x0, 0x0, 0x0, 0x0, 0x0, 0x52, 0x0, 0x0,

    /* U+F077 "" */
    0x0, 0x0, 0x0, 0x0, 0x0, 0x26, 0x0, 0x0,
    0x0, 0x0, 0x0, 0x0, 0x0, 0x0, 0x0, 0x0,
    0x3f, 0xfb, 0x0, 0x0, 0x0, 0x0, 0x0, 0x0,
    0x0, 0x0, 0x0, 0x3f, 0xff, 0xfb, 0x0, 0x0,
    0x0, 0x0, 0x0, 0x0, 0x0, 0x0, 0x3f, 0xff,
    0xff, 0xfb, 0x0, 0x0, 0x0, 0x0, 0x0, 0x0,
    0x0, 0x3f, 0xff, 0xff, 0xff, 0xfb, 0x0, 0x0,
    0x0, 0x0, 0x0, 0x0, 0x3f, 0xff, 0xff, 0xff,
    0xff, 0xfb, 0x0, 0x0, 0x0, 0x0, 0x0, 0x3f,
    0xff, 0xff, 0x91, 0xdf, 0xff, 0xfb, 0x0, 0x0,
    0x0, 0x0, 0x3f, 0xff, 0xff, 0x90, 0x1, 0xdf,
    0xff, 0xfb, 0x0, 0x0, 0x0, 0x3f, 0xff, 0xff,
    0x90, 0x0, 0x1, 0xdf, 0xff, 0xfb, 0x0, 0x0,
    0x3f, 0xff, 0xff, 0x90, 0x0, 0x0, 0x1, 0xdf,
    0xff, 0xfb, 0x0, 0x3f, 0xff, 0xff, 0x90, 0x0,
    0x0, 0x0, 0x1, 0xdf, 0xff, 0xfb, 0xb, 0xff,
    0xff, 0x90, 0x0, 0x0, 0x0, 0x0, 0x1, 0xdf,
    0xff, 0xf5, 0x5f, 0xff, 0x90, 0x0, 0x0, 0x0,
    0x0, 0x0, 0x1, 0xdf, 0xfd, 0x10, 0x6e, 0x80,
    0x0, 0x0, 0x0, 0x0, 0x0, 0x0, 0x1, 0xcc,
    0x10,

    /* U+F078 "" */
    0x1, 0x62, 0x0, 0x0, 0x0, 0x0, 0x0, 0x0,
    0x0, 0x4, 0x40, 0x1, 0xdf, 0xe2, 0x0, 0x0,
    0x0, 0x0, 0x0, 0x0, 0x7, 0xff, 0x70, 0xaf,
    0xff, 0xe2, 0x0, 0x0, 0x0, 0x0, 0x0, 0x7,
    0xff, 0xff, 0x48, 0xff, 0xff, 0xe2, 0x0, 0x0,
    0x0, 0x0, 0x7, 0xff, 0xff, 0xf2, 0xa, 0xff,
    0xff, 0xe2, 0x0, 0x0, 0x0, 0x7, 0xff, 0xff,
    0xf4, 0x0, 0xa, 0xff, 0xff, 0xe2, 0x0, 0x0,
    0x7, 0xff, 0xff, 0xf4, 0x0, 0x0, 0xa, 0xff,
    0xff, 0xe2, 0x0, 0x7, 0xff, 0xff, 0xf4, 0x0,
    0x0, 0x0, 0xa, 0xff, 0xff, 0xe2, 0x7, 0xff,
    0xff, 0xf4, 0x0, 0x0, 0x0, 0x0, 0xa, 0xff,
    0xff, 0xe9, 0xff, 0xff, 0xf4, 0x0, 0x0, 0x0,
    0x0, 0x0, 0xa, 0xff, 0xff, 0xff, 0xff, 0xf4,
    0x0, 0x0, 0x0, 0x0, 0x0, 0x0, 0xa, 0xff,
    0xff, 0xff, 0xf4, 0x0, 0x0, 0x0, 0x0, 0x0,
    0x0, 0x0, 0xa, 0xff, 0xff, 0xf4, 0x0, 0x0,
    0x0, 0x0, 0x0, 0x0, 0x0, 0x0, 0xa, 0xff,
    0xf4, 0x0, 0x0, 0x0, 0x0, 0x0, 0x0, 0x0,
    0x0, 0x0, 0x9, 0xe4, 0x0, 0x0, 0x0, 0x0,
    0x0,

    /* U+F079 "" */
    0x0, 0x0, 0x3, 0xa4, 0x0, 0x0, 0x0, 0x0,
    0x0, 0x0, 0x0, 0x0, 0x0, 0x0, 0x0, 0x0,
    0x0, 0x0, 0x4, 0xff, 0xf4, 0x0, 0x0, 0x0,
    0x0, 0x0, 0x0, 0x0, 0x0, 0x0, 0x0, 0x0,
    0x0, 0x0, 0x4, 0xff, 0xff, 0xf4, 0x0, 0x2d,
    0xff, 0xff, 0xff, 0xff, 0xff, 0xff, 0xd2, 0x0,
    0x0, 0x0, 0x4, 0xff, 0xff, 0xff, 0xf4, 0x5,
    0xff, 0xff, 0xff, 0xff, 0xff, 0xff, 0xff, 0x60,
    0x0, 0x0, 0x4, 0xff, 0xff, 0xff, 0xff, 0xf4,
    0xa, 0xff, 0xff, 0xff, 0xff, 0xff, 0xff, 0xf6,
    0x0, 0x0, 0x4, 0xff, 0xff, 0xff, 0xff, 0xff,
    0xf4, 0x4, 0x44, 0x44, 0x44, 0x44, 0x4e, 0xff,
    0x60, 0x0, 0x0, 0xcf, 0xff, 0x6f, 0xff, 0x6f,
    0xff, 0xc0, 0x0, 0x0, 0x0, 0x0, 0x0, 0xdf,
    0xf6, 0x0, 0x0, 0x6, 0xff, 0x42, 0xff, 0xf2,
    0x4f, 0xf6, 0x0, 0x0, 0x0, 0x0, 0x0, 0xd,
    0xff, 0x60, 0x0, 0x0, 0x3, 0x20, 0x2f, 0xff,
    0x20, 0x23, 0x0, 0x0, 0x0, 0x0, 0x0, 0x0,
    0xdf, 0xf6, 0x0, 0x0, 0x0, 0x0, 0x2, 0xff,
    0xf2, 0x0, 0x0, 0x0, 0x0, 0x0, 0x0, 0x0,
    0xd, 0xff, 0x60, 0x0, 0x0, 0x0, 0x0, 0x2f,
    0xff, 0x20, 0x0, 0x0, 0x0, 0x0, 0x0, 0x0,
    0x0, 0xdf, 0xf6, 0x0, 0x0, 0x0, 0x0, 0x2,
    0xff, 0xf2, 0x0, 0x0, 0x0, 0x0, 0x0, 0x0,
    0x0, 0xd, 0xff, 0x60, 0x0, 0x0, 0x0, 0x0,
    0x2f, 0xff, 0x20, 0x0, 0x0, 0x0, 0x0, 0x0,
    0xbe, 0x40, 0xdf, 0xf6, 0xa, 0xf5, 0x0, 0x0,
    0x2, 0xff, 0xf2, 0x0, 0x0, 0x0, 0x0, 0x0,
    0x7f, 0xff, 0x3d, 0xff, 0x69, 0xff, 0xf1, 0x0,
    0x0, 0x2f, 0xff, 0x20, 0x0, 0x0, 0x0, 0x0,
    0x4, 0xff, 0xfe, 0xef, 0xfd, 0xff, 0xfd, 0x0,
    0x0, 0x2, 0xff, 0xff, 0xff, 0xff, 0xff, 0xff,
    0xf9, 0x5, 0xff, 0xff, 0xff, 0xff, 0xfd, 0x10,
    0x0, 0x0, 0x2f, 0xff, 0xff, 0xff, 0xff, 0xff,
    0xff, 0xf7, 0x5, 0xff, 0xff, 0xff, 0xfd, 0x10,
    0x0, 0x0, 0x0, 0xff, 0xff, 0xff, 0xff, 0xff,
    0xff, 0xff, 0x80, 0x5, 0xff, 0xff, 0xfc, 0x10,
    0x0, 0x0, 0x0, 0x1, 0x44, 0x44, 0x44, 0x44,
    0x44, 0x44, 0x40, 0x0, 0x5, 0xff, 0xfc, 0x10,
    0x0, 0x0, 0x0, 0x0, 0x0, 0x0, 0x0, 0x0,
    0x0, 0x0, 0x0, 0x0, 0x0, 0x5, 0xfc, 0x10,
    0x0, 0x0, 0x0, 0x0, 0x0, 0x0, 0x0, 0x0,
    0x0, 0x0, 0x0, 0x0, 0x0, 0x0, 0x0, 0x0,
    0x0, 0x0, 0x0,

    /* U+F07B "" */
    0x4, 0x78, 0x88, 0x88, 0x88, 0x60, 0x0, 0x0,
    0x0, 0x0, 0x0, 0x0, 0x0, 0x7f, 0xff, 0xff,
    0xff, 0xff, 0xf8, 0x0, 0x0, 0x0, 0x0, 0x0,
    0x0, 0x0, 0xef, 0xff, 0xff, 0xff, 0xff, 0xff,
    0x80, 0x0, 0x0, 0x0, 0x0, 0x0, 0x0, 0xff,
    0xff, 0xff, 0xff, 0xff, 0xff, 0xf9, 0x44, 0x44,
    0x44, 0x44, 0x43, 0x0, 0xff, 0xff, 0xff, 0xff,
    0xff, 0xff, 0xff, 0xff, 0xff, 0xff, 0xff, 0xff,
    0xf4, 0xff, 0xff, 0xff, 0xff, 0xff, 0xff, 0xff,
    0xff, 0xff, 0xff, 0xff, 0xff, 0xfd, 0xff, 0xff,
    0xff, 0xff, 0xff, 0xff, 0xff, 0xff, 0xff, 0xff,
    0xff, 0xff, 0xff, 0xff, 0xff, 0xff, 0xff, 0xff,
    0xff, 0xff, 0xff, 0xff, 0xff, 0xff, 0xff, 0xff,
    0xff, 0xff, 0xff, 0xff, 0xff, 0xff, 0xff, 0xff,
    0xff, 0xff, 0xff, 0xff, 0xff, 0xff, 0xff, 0xff,
    0xff, 0xff, 0xff, 0xff, 0xff, 0xff, 0xff, 0xff,
    0xff, 0xff, 0xff, 0xff, 0xff, 0xff, 0xff, 0xff,
    0xff, 0xff, 0xff, 0xff, 0xff, 0xff, 0xff, 0xff,
    0xff, 0xff, 0xff, 0xff, 0xff, 0xff, 0xff, 0xff,
    0xff, 0xff, 0xff, 0xff, 0xff, 0xff, 0xff, 0xff,
    0xff, 0xff, 0xff, 0xff, 0xff, 0xff, 0xff, 0xff,
    0xff, 0xff, 0xff, 0xff, 0xff, 0xff, 0xff, 0xff,
    0xff, 0xff, 0xff, 0xff, 0xff, 0xff, 0xff, 0xff,
    0xff, 0xff, 0xff, 0xff, 0xff, 0xff, 0xff, 0xff,
    0xff, 0xff, 0xff, 0xff, 0xff, 0xff, 0xff, 0xff,
    0xff, 0xff, 0xff, 0xff, 0xff, 0xff, 0xff, 0xff,
    0xff, 0xff, 0xff, 0xff, 0xff, 0xff, 0xff, 0xff,
    0xff, 0xff, 0xff, 0xff, 0xff, 0xff, 0xff, 0xff,
    0xff, 0xff, 0xff, 0xff, 0xff, 0xff, 0xff, 0xff,
    0xff, 0xff, 0xcf, 0xff, 0xff, 0xff, 0xff, 0xff,
    0xff, 0xff, 0xff, 0xff, 0xff, 0xff, 0xfc, 0x2c,
    0xff, 0xff, 0xff, 0xff, 0xff, 0xff, 0xff, 0xff,
    0xff, 0xff, 0xff, 0xc2,

    /* U+F093 "" */
    0x0, 0x0, 0x0, 0x0, 0x0, 0x0, 0x8b, 0x10,
    0x0, 0x0, 0x0, 0x0, 0x0, 0x0, 0x0, 0x0,
    0x0, 0x0, 0x8, 0xff, 0xd1, 0x0, 0x0, 0x0,
    0x0, 0x0, 0x0, 0x0, 0x0, 0x0, 0x0, 0x8f,
    0xff, 0xfd, 0x10, 0x0, 0x0, 0x0, 0x0, 0x0,
    0x0, 0x0, 0x0, 0x8, 0xff, 0xff, 0xff, 0xd1,
    0x0, 0x0, 0x0, 0x0, 0x0, 0x0, 0x0, 0x0,
    0x8f, 0xff, 0xff, 0xff, 0xfd, 0x10, 0x0, 0x0,
    0x0, 0x0, 0x0, 0x0, 0x8, 0xff, 0xff, 0xff,
    0xff, 0xff, 0xd1, 0x0, 0x0, 0x0, 0x0, 0x0,
    0x0, 0x8f, 0xff, 0xff, 0xff, 0xff, 0xff, 0xfd,
    0x10, 0x0, 0x0, 0x0, 0x0, 0x8, 0xff, 0xff,
    0xff, 0xff, 0xff, 0xff, 0xff, 0xd1, 0x0, 0x0,
    0x0, 0x0, 0x6f, 0xff, 0xff, 0xff, 0xff, 0xff,
    0xff, 0xff, 0xfb, 0x0, 0x0, 0x0, 0x0, 0x4e,
    0xee, 0xee, 0xff, 0xff, 0xff, 0xfe, 0xee, 0xe8,
    0x0, 0x0, 0x0, 0x0, 0x0, 0x0, 0x1, 0xff,
    0xff, 0xff, 0x60, 0x0, 0x0, 0x0, 0x0, 0x0,
    0x0, 0x0, 0x0, 0x1, 0xff, 0xff, 0xff, 0x60,
    0x0, 0x0, 0x0, 0x0, 0x0, 0x0, 0x0, 0x0,
    0x1, 0xff, 0xff, 0xff, 0x60, 0x0, 0x0, 0x0,
    0x0, 0x0, 0x0, 0x0, 0x0, 0x1, 0xff, 0xff,
    0xff, 0x60, 0x0, 0x0, 0x0, 0x0, 0x0, 0x0,
    0x0, 0x0, 0x1, 0xff, 0xff, 0xff, 0x60, 0x0,
    0x0, 0x0, 0x0, 0x0, 0x0, 0x0, 0x0, 0x1,
    0xff, 0xff, 0xff, 0x60, 0x0, 0x0, 0x0, 0x0,
    0x0, 0x0, 0x0, 0x0, 0x1, 0xff, 0xff, 0xff,
    0x60, 0x0, 0x0, 0x0, 0x0, 0x0, 0x0, 0x0,
    0x0, 0x1, 0xff, 0xff, 0xff, 0x60, 0x0, 0x0,
    0x0, 0x0, 0x9f, 0xff, 0xff, 0xff, 0x20, 0xff,
    0xff, 0xff, 0x62, 0xff, 0xff, 0xff, 0xf9, 0xff,
    0xff, 0xff, 0xff, 0x50, 0x7b, 0xbb, 0xb9, 0x15,
    0xff, 0xff, 0xff, 0xff, 0xff, 0xff, 0xff, 0xff,
    0xe2, 0x0, 0x0, 0x0, 0x2e, 0xff, 0xff, 0xff,
    0xff, 0xff, 0xff, 0xff, 0xff, 0xff, 0xba, 0xaa,
    0xab, 0xff, 0xff, 0xff, 0xff, 0xff, 0xff, 0xff,
    0xff, 0xff, 0xff, 0xff, 0xff, 0xff, 0xff, 0xcf,
    0xfd, 0xef, 0xff, 0xff, 0xff, 0xff, 0xff, 0xff,
    0xff, 0xff, 0xff, 0xfc, 0x6, 0xf0, 0x2f, 0xff,
    0xff, 0xff, 0xff, 0xff, 0xff, 0xff, 0xff, 0xff,
    0xfe, 0x4a, 0xf5, 0x7f, 0xff, 0xdf, 0xff, 0xff,
    0xff, 0xff, 0xff, 0xff, 0xff, 0xff, 0xff, 0xff,
    0xff, 0xfd, 0x3, 0x33, 0x33, 0x33, 0x33, 0x33,
    0x33, 0x33, 0x33, 0x33, 0x33, 0x33, 0x30,

    /* U+F095 "" */
    0x0, 0x0, 0x0, 0x0, 0x0, 0x0, 0x0, 0x0,
    0x0, 0x4, 0xb8, 0x41, 0x0, 0x0, 0x0, 0x0,
    0x0, 0x0, 0x0, 0x0, 0x0, 0x0, 0x0, 0xdf,
    0xff, 0xfd, 0x93, 0x0, 0x0, 0x0, 0x0, 0x0,
    0x0, 0x0, 0x0, 0x0, 0x4f, 0xff, 0xff, 0xff,
    0xe0, 0x0, 0x0, 0x0, 0x0, 0x0, 0x0, 0x0,
    0x0, 0xb, 0xff, 0xff, 0xff, 0xff, 0x0, 0x0,
    0x0, 0x0, 0x0, 0x0, 0x0, 0x0, 0x2, 0xff,
    0xff, 0xff, 0xff, 0xe0, 0x0, 0x0, 0x0, 0x0,
    0x0, 0x0, 0x0, 0x0, 0x8f, 0xff, 0xff, 0xff,
    0xfd, 0x0, 0x0, 0x0, 0x0, 0x0, 0x0, 0x0,
    0x0, 0xf, 0xff, 0xff, 0xff, 0xff, 0xb0, 0x0,
    0x0, 0x0, 0x0, 0x0, 0x0, 0x0, 0x1, 0xff,
    0xff, 0xff, 0xff, 0xf8, 0x0, 0x0, 0x0, 0x0,
    0x0, 0x0, 0x0, 0x0, 0x4, 0xef, 0xff, 0xff,
    0xff, 0x40, 0x0, 0x0, 0x0, 0x0, 0x0, 0x0,
    0x0, 0x0, 0x2, 0xdf, 0xff, 0xff, 0xf0, 0x0,
    0x0, 0x0, 0x0, 0x0, 0x0, 0x0, 0x0, 0x0,
    0x1, 0xdf, 0xff, 0xfb, 0x0, 0x0, 0x0, 0x0,
    0x0, 0x0, 0x0, 0x0, 0x0, 0x0, 0x2f, 0xff,
    0xff, 0x50, 0x0, 0x0, 0x0, 0x0, 0x0, 0x0,
    0x0, 0x0, 0x0, 0xb, 0xff, 0xff, 0xe0, 0x0,
    0x0, 0x0, 0x0, 0x0, 0x0, 0x0, 0x0, 0x0,
    0x5, 0xff, 0xff, 0xf6, 0x0, 0x0, 0x0, 0x0,
    0x0, 0x0, 0x0, 0x0, 0x0, 0x3, 0xff, 0xff,
    0xfd, 0x0, 0x0, 0x0, 0x0, 0x0, 0x0, 0x0,
    0x0, 0x0, 0x1, 0xef, 0xff, 0xff, 0x30, 0x0,
    0x0, 0x0, 0x0, 0x6c, 0xb0, 0x0, 0x0, 0x2,
    0xef, 0xff, 0xff, 0x80, 0x0, 0x0, 0x0, 0x28,
    0xef, 0xff, 0xa0, 0x0, 0x4, 0xff, 0xff, 0xff,
    0xb0, 0x0, 0x0, 0x3, 0xbf, 0xff, 0xff, 0xff,
    0x70, 0x1a, 0xff, 0xff, 0xff, 0xc0, 0x0, 0x0,
    0x0, 0xff, 0xff, 0xff, 0xff, 0xff, 0x9f, 0xff,
    0xff, 0xff, 0xd1, 0x0, 0x0, 0x0, 0xd, 0xff,
    0xff, 0xff, 0xff, 0xff, 0xff, 0xff, 0xff, 0xc1,
    0x0, 0x0, 0x0, 0x0, 0x9f, 0xff, 0xff, 0xff,
    0xff, 0xff, 0xff, 0xff, 0x90, 0x0, 0x0, 0x0,
    0x0, 0x6, 0xff, 0xff, 0xff, 0xff, 0xff, 0xff,
    0xfe, 0x50, 0x0, 0x0, 0x0, 0x0, 0x0, 0x2f,
    0xff, 0xff, 0xff, 0xff, 0xff, 0xf8, 0x0, 0x0,
    0x0, 0x0, 0x0, 0x0, 0x0, 0xef, 0xff, 0xff,
    0xff, 0xfd, 0x71, 0x0, 0x0, 0x0, 0x0, 0x0,
    0x0, 0x0, 0x9, 0xff, 0xff, 0xeb, 0x73, 0x0,
    0x0, 0x0, 0x0, 0x0, 0x0, 0x0, 0x0, 0x0,
    0x3, 0x32, 0x0, 0x0, 0x0, 0x0, 0x0, 0x0,
    0x0, 0x0, 0x0, 0x0, 0x0,

    /* U+F0B0 "" */
    0x0, 0x0, 0x0, 0x0, 0x48, 0xab, 0xdc, 0xb9,
    0x73, 0x0, 0x0, 0x0, 0x0, 0x0, 0x0, 0x3,
    0xaf, 0xff, 0xff, 0xff, 0xff, 0xff, 0xe9, 0x20,
    0x0, 0x0, 0x0, 0x3, 0xbf, 0xff, 0xfb, 0x87,
    0x56, 0x79, 0xcf, 0xff, 0xf9, 0x20, 0x0, 0x0,
    0x8f, 0xff, 0xa4, 0x0, 0x0, 0x0, 0x0, 0x0,
    0x5c, 0xff, 0xf5, 0x0, 0x1c, 0xff, 0xb2, 0x0,
    0x0, 0x0, 0x0, 0x0, 0x0, 0x0, 0x3d, 0xff,
    0x90, 0x8f, 0xf6, 0x0, 0x0, 0x0, 0x0, 0x0,
    0x0, 0x0, 0x0, 0x0, 0xaf, 0xf4, 0x2f, 0xfd,
    0x10, 0x0, 0x0, 0x0, 0x0, 0x0, 0x0, 0x0,
    0x3, 0xff, 0xd0, 0x3, 0xff, 0xd1, 0x0, 0x0,
    0x0, 0x0, 0x0, 0x0, 0x0, 0x3f, 0xfd, 0x10,
    0x0, 0x3f, 0xfd, 0x10, 0x0, 0x0, 0x0, 0x0,
    0x0, 0x3, 0xef, 0xd1, 0x0, 0x0, 0x3, 0xff,
    0xc1, 0x0, 0x0, 0x0, 0x0, 0x0, 0x3e, 0xfd,
    0x10, 0x0, 0x0, 0x0, 0x3f, 0xfc, 0x10, 0x0,
    0x0, 0x0, 0x3, 0xef, 0xd1, 0x0, 0x0, 0x0,
    0x0, 0x3, 0xff, 0xc1, 0x0, 0x0, 0x0, 0x3e,
    0xfd, 0x10, 0x0, 0x0, 0x0, 0x0, 0x0, 0x3f,
    0xfc, 0x10, 0x0, 0x3, 0xef, 0xd1, 0x0, 0x0,
    0x0, 0x0, 0x0, 0x0, 0x3, 0xff, 0xc0, 0x0,
    0x2e, 0xfd, 0x10, 0x0, 0x0, 0x0, 0x0, 0x0,
    0x0, 0x0, 0x3f, 0xfc, 0x2, 0xef, 0xd1, 0x0,
    0x0, 0x0, 0x0, 0x0, 0x0, 0x0, 0x0, 0x3,
    0xff, 0xce, 0xfd, 0x10, 0x0, 0x0, 0x0, 0x0,
    0x0, 0x0, 0x0, 0x0, 0x0, 0x3f, 0xff, 0xd1,
    0x0, 0x0, 0x0, 0x0, 0x0, 0x0, 0x0, 0x0,
    0x0, 0x0, 0x3, 0xed, 0x10, 0x0, 0x0, 0x0,
    0x0, 0x0, 0x0, 0x0, 0x0, 0x0, 0x0, 0x0,
    0x0, 0x0, 0x0, 0x0, 0x0, 0x0, 0x0,

    /* U+F0C4 "" */
    0x0, 0x0, 0x10, 0x0, 0x0, 0x0, 0x0, 0x0,
    0x0, 0x0, 0x0, 0x0, 0x0, 0x7e, 0xff, 0xd5,
    0x0, 0x0, 0x0, 0x0, 0x0, 0x24, 0x20, 0x0,
    0xb, 0xff, 0xff, 0xff, 0x70, 0x0, 0x0, 0x0,
    0x1b, 0xff, 0xfd, 0x20, 0x6f, 0xff, 0xff, 0xff,
    0xf2, 0x0, 0x0, 0x1, 0xdf, 0xff, 0xff, 0xa0,
    0xcf, 0xfd, 0x35, 0xff, 0xf8, 0x0, 0x0, 0x1d,
    0xff, 0xff, 0xfd, 0x10, 0xff, 0xf5, 0x0, 0x9f,
    0xfb, 0x0, 0x1, 0xcf, 0xff, 0xff, 0xd1, 0x0,
    0xff, 0xf6, 0x0, 0xaf, 0xfb, 0x0, 0xc, 0xff,
    0xff, 0xfd, 0x10, 0x0, 0xbf, 0xff, 0x89, 0xff,
    0xf8, 0x0, 0xcf, 0xff, 0xff, 0xd1, 0x0, 0x0,
    0x4f, 0xff, 0xff, 0xff, 0xff, 0x4c, 0xff, 0xff,
    0xfd, 0x10, 0x0, 0x0, 0x6, 0xff, 0xff, 0xff,
    0xff, 0xff, 0xff, 0xff, 0xd1, 0x0, 0x0, 0x0,
    0x0, 0x3a, 0xce, 0xff, 0xff, 0xff, 0xff, 0xfd,
    0x10, 0x0, 0x0, 0x0, 0x0, 0x0, 0x0, 0xaf,
    0xff, 0xff, 0xff, 0xd1, 0x0, 0x0, 0x0, 0x0,
    0x0, 0x0, 0x0, 0x1f, 0xff, 0xff, 0xff, 0x60,
    0x0, 0x0, 0x0, 0x0, 0x0, 0x0, 0x12, 0xdf,
    0xff, 0xff, 0xff, 0xf4, 0x0, 0x0, 0x0, 0x0,
    0x0, 0x7e, 0xff, 0xff, 0xff, 0xff, 0xff, 0xff,
    0x40, 0x0, 0x0, 0x0, 0xb, 0xff, 0xff, 0xff,
    0xff, 0xef, 0xff, 0xff, 0xf4, 0x0, 0x0, 0x0,
    0x6f, 0xff, 0xff, 0xff, 0xfc, 0x18, 0xff, 0xff,
    0xff, 0x40, 0x0, 0x0, 0xcf, 0xfd, 0x35, 0xff,
    0xf8, 0x0, 0x8f, 0xff, 0xff, 0xf4, 0x0, 0x0,
    0xff, 0xf5, 0x0, 0x9f, 0xfb, 0x0, 0x9, 0xff,
    0xff, 0xff, 0x40, 0x0, 0xff, 0xf6, 0x0, 0xaf,
    0xfb, 0x0, 0x0, 0x9f, 0xff, 0xff, 0xf3, 0x0,
    0xbf, 0xff, 0x89, 0xff, 0xf7, 0x0, 0x0, 0x9,
    0xff, 0xff, 0xff, 0x30, 0x4f, 0xff, 0xff, 0xff,
    0xe1, 0x0, 0x0, 0x0, 0xaf, 0xff, 0xff, 0x90,
    0x6, 0xff, 0xff, 0xfe, 0x30, 0x0, 0x0, 0x0,
    0x7, 0xef, 0xe8, 0x0, 0x0, 0x3a, 0xcc, 0x81,
    0x0, 0x0, 0x0, 0x0, 0x0, 0x0, 0x0, 0x0,

    /* U+F0C5 "" */
    0x0, 0x0, 0x0, 0x4c, 0xdd, 0xdd, 0xdd, 0xdd,
    0x11, 0xb2, 0x0, 0x0, 0x0, 0x0, 0xa, 0xff,
    0xff, 0xff, 0xff, 0xf1, 0x1f, 0xe2, 0x0, 0x0,
    0x0, 0x0, 0xaf, 0xff, 0xff, 0xff, 0xff, 0x11,
    0xff, 0xe2, 0x0, 0x0, 0x0, 0xa, 0xff, 0xff,
    0xff, 0xff, 0xf1, 0x1f, 0xff, 0xe2, 0x0, 0x0,
    0x0, 0xaf, 0xff, 0xff, 0xff, 0xff, 0x11, 0xff,
    0xff, 0xb9, 0xff, 0xfd, 0xa, 0xff, 0xff, 0xff,
    0xff, 0xf1, 0x0, 0x0, 0x0, 0xff, 0xff, 0xe0,
    0xaf, 0xff, 0xff, 0xff, 0xff, 0x70, 0x0, 0x0,
    0xf, 0xff, 0xfe, 0xa, 0xff, 0xff, 0xff, 0xff,
    0xff, 0xff, 0xff, 0xfc, 0xff, 0xff, 0xe0, 0xaf,
    0xff, 0xff, 0xff, 0xff, 0xff, 0xff, 0xff, 0xcf,
    0xff, 0xfe, 0xa, 0xff, 0xff, 0xff, 0xff, 0xff,
    0xff, 0xff, 0xfc, 0xff, 0xff, 0xe0, 0xaf, 0xff,
    0xff, 0xff, 0xff, 0xff, 0xff, 0xff, 0xcf, 0xff,
    0xfe, 0xa, 0xff, 0xff, 0xff, 0xff, 0xff, 0xff,
    0xff, 0xfc, 0xff, 0xff, 0xe0, 0xaf, 0xff, 0xff,
    0xff, 0xff, 0xff, 0xff, 0xff, 0xcf, 0xff, 0xfe,
    0xa, 0xff, 0xff, 0xff, 0xff, 0xff, 0xff, 0xff,
    0xfc, 0xff, 0xff, 0xe0, 0xaf, 0xff, 0xff, 0xff,
    0xff, 0xff, 0xff, 0xff, 0xcf, 0xff, 0xfe, 0xa,
    0xff, 0xff, 0xff, 0xff, 0xff, 0xff, 0xff, 0xfc,
    0xff, 0xff, 0xe0, 0xaf, 0xff, 0xff, 0xff, 0xff,
    0xff, 0xff, 0xff, 0xcf, 0xff, 0xfe, 0xa, 0xff,
    0xff, 0xff, 0xff, 0xff, 0xff, 0xff, 0xfc, 0xff,
    0xff, 0xe0, 0xaf, 0xff, 0xff, 0xff, 0xff, 0xff,
    0xff, 0xff, 0xcf, 0xff, 0xfe, 0xa, 0xff, 0xff,
    0xff, 0xff, 0xff, 0xff, 0xff, 0xfc, 0xff, 0xff,
    0xf0, 0x9f, 0xff, 0xff, 0xff, 0xff, 0xff, 0xff,
    0xff, 0xbf, 0xff, 0xff, 0x41, 0x89, 0x99, 0x99,
    0x99, 0x99, 0x99, 0x99, 0x82, 0xff, 0xff, 0xfe,
    0x50, 0x0, 0x0, 0x0, 0x0, 0x0, 0x0, 0x0,
    0xf, 0xff, 0xff, 0xff, 0xff, 0xff, 0xff, 0xff,
    0xf1, 0x0, 0x0, 0x0, 0xff, 0xff, 0xff, 0xff,
    0xff, 0xff, 0xff, 0xff, 0x10, 0x0, 0x0, 0xd,
    0xff, 0xff, 0xff, 0xff, 0xff, 0xff, 0xff, 0xe0,
    0x0, 0x0, 0x0, 0x13, 0x44, 0x44, 0x44, 0x44,
    0x44, 0x44, 0x31, 0x0, 0x0, 0x0, 0x0,

    /* U+F0C7 "" */
    0x0, 0x12, 0x22, 0x22, 0x22, 0x22, 0x22, 0x21,
    0x0, 0x0, 0x0, 0x3, 0xef, 0xff, 0xff, 0xff,
    0xff, 0xff, 0xff, 0xff, 0x70, 0x0, 0x0, 0xcf,
    0xff, 0xff, 0xff, 0xff, 0xff, 0xff, 0xff, 0xff,
    0x80, 0x0, 0xf, 0xff, 0xff, 0xff, 0xff, 0xff,
    0xff, 0xff, 0xff, 0xff, 0x80, 0x0, 0xff, 0xf6,
    0x22, 0x22, 0x22, 0x22, 0x22, 0x24, 0xff, 0xff,
    0x80, 0xf, 0xff, 0x40, 0x0, 0x0, 0x0, 0x0,
    0x0, 0xe, 0xff, 0xff, 0x70, 0xff, 0xf4, 0x0,
    0x0, 0x0, 0x0, 0x0, 0x0, 0xef, 0xff, 0xff,
    0x4f, 0xff, 0x40, 0x0, 0x0, 0x0, 0x0, 0x0,
    0xe, 0xff, 0xff, 0xf8, 0xff, 0xf4, 0x0, 0x0,
    0x0, 0x0, 0x0, 0x0, 0xef, 0xff, 0xff, 0x9f,
    0xff, 0x40, 0x0, 0x0, 0x0, 0x0, 0x0, 0xe,
    0xff, 0xff, 0xf9, 0xff, 0xf9, 0x44, 0x44, 0x44,
    0x44, 0x44, 0x45, 0xff, 0xff, 0xff, 0x9f, 0xff,
    0xff, 0xff, 0xff, 0xff, 0xff, 0xff, 0xff, 0xff,
    0xff, 0xf9, 0xff, 0xff, 0xff, 0xff, 0xff, 0xff,
    0xff, 0xff, 0xff, 0xff, 0xff, 0x9f, 0xff, 0xff,
    0xff, 0xff, 0xff, 0xff, 0xff, 0xff, 0xff, 0xff,
    0xf9, 0xff, 0xff, 0xff, 0xff, 0xf9, 0x10, 0x4d,
    0xff, 0xff, 0xff, 0xff, 0x9f, 0xff, 0xff, 0xff,
    0xfa, 0x0, 0x0, 0x2f, 0xff, 0xff, 0xff, 0xf9,
    0xff, 0xff, 0xff, 0xff, 0x40, 0x0, 0x0, 0xbf,
    0xff, 0xff, 0xff, 0x9f, 0xff, 0xff, 0xff, 0xf2,
    0x0, 0x0, 0x9, 0xff, 0xff, 0xff, 0xf9, 0xff,
    0xff, 0xff, 0xff, 0x60, 0x0, 0x0, 0xcf, 0xff,
    0xff, 0xff, 0x9f, 0xff, 0xff, 0xff, 0xfe, 0x10,
    0x0, 0x6f, 0xff, 0xff, 0xff, 0xf9, 0xff, 0xff,
    0xff, 0xff, 0xfe, 0x87, 0xbf, 0xff, 0xff, 0xff,
    0xff, 0x9f, 0xff, 0xff, 0xff, 0xff, 0xff, 0xff,
    0xff, 0xff, 0xff, 0xff, 0xf8, 0xaf, 0xff, 0xff,
    0xff, 0xff, 0xff, 0xff, 0xff, 0xff, 0xff, 0xff,
    0x41, 0x9d, 0xdd, 0xdd, 0xdd, 0xdd, 0xdd, 0xdd,
    0xdd, 0xdd, 0xdc, 0x60,

    /* U+F0C9 "" */
    0x8b, 0xbb, 0xbb, 0xbb, 0xbb, 0xbb, 0xbb, 0xbb,
    0xbb, 0xbb, 0xbb, 0x5f, 0xff, 0xff, 0xff, 0xff,
    0xff, 0xff, 0xff, 0xff, 0xff, 0xff, 0xfb, 0xff,
    0xff, 0xff, 0xff, 0xff, 0xff, 0xff, 0xff, 0xff,
    0xff, 0xff, 0xcc, 0xff, 0xff, 0xff, 0xff, 0xff,
    0xff, 0xff, 0xff, 0xff, 0xff, 0xf8, 0x0, 0x0,
    0x0, 0x0, 0x0, 0x0, 0x0, 0x0, 0x0, 0x0,
    0x0, 0x0, 0x0, 0x0, 0x0, 0x0, 0x0, 0x0,
    0x0, 0x0, 0x0, 0x0, 0x0, 0x0, 0x0, 0x0,
    0x0, 0x0, 0x0, 0x0, 0x0, 0x0, 0x0, 0x0,
    0x0, 0x0, 0x0, 0x0, 0x0, 0x0, 0x0, 0x0,
    0x0, 0x0, 0x0, 0x0, 0x69, 0x99, 0x99, 0x99,
    0x99, 0x99, 0x99, 0x99, 0x99, 0x99, 0x99, 0x4f,
    0xff, 0xff, 0xff, 0xff, 0xff, 0xff, 0xff, 0xff,
    0xff, 0xff, 0xfb, 0xff, 0xff, 0xff, 0xff, 0xff,
    0xff, 0xff, 0xff, 0xff, 0xff, 0xff, 0xcd, 0xff,
    0xff, 0xff, 0xff, 0xff, 0xff, 0xff, 0xff, 0xff,
    0xff, 0xf9, 0x0, 0x0, 0x0, 0x0, 0x0, 0x0,
    0x0, 0x0, 0x0, 0x0, 0x0, 0x0, 0x0, 0x0,
    0x0, 0x0, 0x0, 0x0, 0x0, 0x0, 0x0, 0x0,
    0x0, 0x0, 0x0, 0x0, 0x0, 0x0, 0x0, 0x0,
    0x0, 0x0, 0x0, 0x0, 0x0, 0x0, 0x0, 0x0,
    0x0, 0x0, 0x0, 0x0, 0x0, 0x0, 0x0, 0x0,
    0x69, 0x99, 0x99, 0x99, 0x99, 0x99, 0x99, 0x99,
    0x99, 0x99, 0x99, 0x4f, 0xff, 0xff, 0xff, 0xff,
    0xff, 0xff, 0xff, 0xff, 0xff, 0xff, 0xfb, 0xff,
    0xff, 0xff, 0xff, 0xff, 0xff, 0xff, 0xff, 0xff,
    0xff, 0xff, 0xcd, 0xff, 0xff, 0xff, 0xff, 0xff,
    0xff, 0xff, 0xff, 0xff, 0xff, 0xf9, 0x0, 0x0,
    0x0, 0x0, 0x0, 0x0, 0x0, 0x0, 0x0, 0x0,
    0x0, 0x0,

    /* U+F0E0 "" */
    0x1, 0x44, 0x44, 0x44, 0x44, 0x44, 0x44, 0x44,
    0x44, 0x44, 0x44, 0x44, 0x10, 0x4f, 0xff, 0xff,
    0xff, 0xff, 0xff, 0xff, 0xff, 0xff, 0xff, 0xff,
    0xff, 0xf4, 0xdf, 0xff, 0xff, 0xff, 0xff, 0xff,
    0xff, 0xff, 0xff, 0xff, 0xff, 0xff, 0xfd, 0xff,
    0xff, 0xff, 0xff, 0xff, 0xff, 0xff, 0xff, 0xff,
    0xff, 0xff, 0xff, 0xff, 0xef, 0xff, 0xff, 0xff,
    0xff, 0xff, 0xff, 0xff, 0xff, 0xff, 0xff, 0xff,
    0xfe, 0x2d, 0xff, 0xff, 0xff, 0xff, 0xff, 0xff,
    0xff, 0xff, 0xff, 0xff, 0xff, 0xd2, 0x0, 0xaf,
    0xff, 0xff, 0xff, 0xff, 0xff, 0xff, 0xff, 0xff,
    0xff, 0xfa, 0x0, 0xb2, 0x5, 0xff, 0xff, 0xff,
    0xff, 0xff, 0xff, 0xff, 0xff, 0xff, 0x60, 0x4e,
    0xff, 0x60, 0x2d, 0xff, 0xff, 0xff, 0xff, 0xff,
    0xff, 0xff, 0xd2, 0x8, 0xff, 0xff, 0xfa, 0x10,
    0x9f, 0xff, 0xff, 0xff, 0xff, 0xff, 0xf9, 0x2,
    0xcf, 0xff, 0xff, 0xff, 0xe4, 0x5, 0xef, 0xff,
    0xff, 0xff, 0xfe, 0x50, 0x5f, 0xff, 0xff, 0xff,
    0xff, 0xff, 0x80, 0x1c, 0xff, 0xff, 0xff, 0xc1,
    0xa, 0xff, 0xff, 0xff, 0xff, 0xff, 0xff, 0xfc,
    0x20, 0x8f, 0xff, 0xf8, 0x3, 0xdf, 0xff, 0xff,
    0xff, 0xff, 0xff, 0xff, 0xff, 0xf5, 0x2, 0x99,
    0x20, 0x6f, 0xff, 0xff, 0xff, 0xff, 0xff, 0xff,
    0xff, 0xff, 0xff, 0xb3, 0x0, 0x3b, 0xff, 0xff,
    0xff, 0xff, 0xff, 0xff, 0xff, 0xff, 0xff, 0xff,
    0xff, 0xff, 0xff, 0xff, 0xff, 0xff, 0xff, 0xff,
    0xff, 0xff, 0xff, 0xff, 0xff, 0xff, 0xff, 0xff,
    0xff, 0xff, 0xff, 0xff, 0xff, 0xff, 0xff, 0xff,
    0xff, 0xff, 0xff, 0xff, 0xff, 0xff, 0xff, 0xff,
    0xff, 0xff, 0xcf, 0xff, 0xff, 0xff, 0xff, 0xff,
    0xff, 0xff, 0xff, 0xff, 0xff, 0xff, 0xfc, 0x2c,
    0xff, 0xff, 0xff, 0xff, 0xff, 0xff, 0xff, 0xff,
    0xff, 0xff, 0xff, 0xc2,

    /* U+F0E7 "" */
    0x0, 0x9, 0xaa, 0xaa, 0xaa, 0xa9, 0x0, 0x0,
    0x0, 0x0, 0x5f, 0xff, 0xff, 0xff, 0xff, 0x50,
    0x0, 0x0, 0x0, 0x8f, 0xff, 0xff, 0xff, 0xff,
    0x10, 0x0, 0x0, 0x0, 0xaf, 0xff, 0xff, 0xff,
    0xfc, 0x0, 0x0, 0x0, 0x0, 0xcf, 0xff, 0xff,
    0xff, 0xf7, 0x0, 0x0, 0x0, 0x0, 0xef, 0xff,
    0xff, 0xff, 0xf2, 0x0, 0x0, 0x0, 0x0, 0xff,
    0xff, 0xff, 0xff, 0xd0, 0x0, 0x0, 0x0, 0x3,
    0xff, 0xff, 0xff, 0xff, 0x70, 0x0, 0x0, 0x0,
    0x5, 0xff, 0xff, 0xff, 0xff, 0xa8, 0x88, 0x88,
    0x60, 0x7, 0xff, 0xff, 0xff, 0xff, 0xff, 0xff,
    0xff, 0xf3, 0x9, 0xff, 0xff, 0xff, 0xff, 0xff,
    0xff, 0xff, 0xe0, 0xb, 0xff, 0xff, 0xff, 0xff,
    0xff, 0xff, 0xff, 0x60, 0xd, 0xff, 0xff, 0xff,
    0xff, 0xff, 0xff, 0xfc, 0x0, 0xf, 0xff, 0xff,
    0xff, 0xff, 0xff, 0xff, 0xf3, 0x0, 0x9, 0xff,
    0xff, 0xff, 0xff, 0xff, 0xff, 0xa0, 0x0, 0x0,
    0x0, 0x0, 0x0, 0xdf, 0xff, 0xff, 0x10, 0x0,
    0x0, 0x0, 0x0, 0x1, 0xff, 0xff, 0xf7, 0x0,
    0x0, 0x0, 0x0, 0x0, 0x5, 0xff, 0xff, 0xe0,
    0x0, 0x0, 0x0, 0x0, 0x0, 0x9, 0xff, 0xff,
    0x50, 0x0, 0x0, 0x0, 0x0, 0x0, 0xd, 0xff,
    0xfc, 0x0, 0x0, 0x0, 0x0, 0x0, 0x0, 0xf,
    0xff, 0xf3, 0x0, 0x0, 0x0, 0x0, 0x0, 0x0,
    0x4f, 0xff, 0x90, 0x0, 0x0, 0x0, 0x0, 0x0,
    0x0, 0x8f, 0xfe, 0x10, 0x0, 0x0, 0x0, 0x0,
    0x0, 0x0, 0xcf, 0xf7, 0x0, 0x0, 0x0, 0x0,
    0x0, 0x0, 0x0, 0xff, 0xd0, 0x0, 0x0, 0x0,
    0x0, 0x0, 0x0, 0x0, 0xff, 0x40, 0x0, 0x0,
    0x0, 0x0, 0x0, 0x0, 0x0, 0x23, 0x0, 0x0,
    0x0, 0x0, 0x0,

    /* U+F0EA "" */
    0x0, 0x0, 0x0, 0x6c, 0xc8, 0x0, 0x0, 0x0,
    0x0, 0x0, 0x0, 0x0, 0x33, 0x33, 0x8f, 0xff,
    0xfb, 0x33, 0x33, 0x10, 0x0, 0x0, 0x0, 0xdf,
    0xff, 0xff, 0xf7, 0x5f, 0xff, 0xff, 0xff, 0x10,
    0x0, 0x0, 0xf, 0xff, 0xff, 0xff, 0x0, 0xbf,
    0xff, 0xff, 0xf3, 0x0, 0x0, 0x0, 0xff, 0xff,
    0xff, 0xf5, 0x3f, 0xff, 0xff, 0xff, 0x30, 0x0,
    0x0, 0xf, 0xff, 0xff, 0xff, 0xff, 0xff, 0xff,
    0xff, 0xf3, 0x0, 0x0, 0x0, 0xff, 0xff, 0xff,
    0xff, 0xff, 0xff, 0xff, 0xff, 0x30, 0x0, 0x0,
    0xf, 0xff, 0xff, 0xff, 0xa2, 0x0, 0x0, 0x0,
    0x0, 0x0, 0x0, 0x0, 0xff, 0xff, 0xff, 0xd0,
    0x7d, 0xdd, 0xdd, 0xdd, 0x21, 0xb2, 0x0, 0xf,
    0xff, 0xff, 0xf8, 0xe, 0xff, 0xff, 0xff, 0xf3,
    0x1f, 0xe2, 0x0, 0xff, 0xff, 0xff, 0x80, 0xef,
    0xff, 0xff, 0xff, 0x31, 0xff, 0xe2, 0xf, 0xff,
    0xff, 0xf8, 0xe, 0xff, 0xff, 0xff, 0xf3, 0x1f,
    0xff, 0xe2, 0xff, 0xff, 0xff, 0x80, 0xef, 0xff,
    0xff, 0xff, 0x31, 0xff, 0xff, 0xbf, 0xff, 0xff,
    0xf8, 0xe, 0xff, 0xff, 0xff, 0xf3, 0x0, 0x0,
    0x0, 0xff, 0xff, 0xff, 0x80, 0xef, 0xff, 0xff,
    0xff, 0xa2, 0x22, 0x22, 0x1f, 0xff, 0xff, 0xf8,
    0xe, 0xff, 0xff, 0xff, 0xff, 0xff, 0xff, 0xfc,
    0xff, 0xff, 0xff, 0x80, 0xef, 0xff, 0xff, 0xff,
    0xff, 0xff, 0xff, 0xcf, 0xff, 0xff, 0xf8, 0xe,
    0xff, 0xff, 0xff, 0xff, 0xff, 0xff, 0xfc, 0xff,
    0xff, 0xff, 0x80, 0xef, 0xff, 0xff, 0xff, 0xff,
    0xff, 0xff, 0xcf, 0xff, 0xff, 0xf8, 0xe, 0xff,
    0xff, 0xff, 0xff, 0xff, 0xff, 0xfc, 0xef, 0xff,
    0xff, 0x80, 0xef, 0xff, 0xff, 0xff, 0xff, 0xff,
    0xff, 0xc2, 0x56, 0x66, 0x63, 0xe, 0xff, 0xff,
    0xff, 0xff, 0xff, 0xff, 0xfc, 0x0, 0x0, 0x0,
    0x0, 0xef, 0xff, 0xff, 0xff, 0xff, 0xff, 0xff,
    0xc0, 0x0, 0x0, 0x0, 0xe, 0xff, 0xff, 0xff,
    0xff, 0xff, 0xff, 0xfc, 0x0, 0x0, 0x0, 0x0,
    0xef, 0xff, 0xff, 0xff, 0xff, 0xff, 0xff, 0xc0,
    0x0, 0x0, 0x0, 0xc, 0xff, 0xff, 0xff, 0xff,
    0xff, 0xff, 0xfa, 0x0, 0x0, 0x0, 0x0, 0x3,
    0x44, 0x44, 0x44, 0x44, 0x44, 0x43, 0x0,

    /* U+F0F3 "" */
    0x0, 0x0, 0x0, 0x0, 0x0, 0x9e, 0x60, 0x0,
    0x0, 0x0, 0x0, 0x0, 0x0, 0x0, 0x0, 0x0,
    0x3f, 0xff, 0x0, 0x0, 0x0, 0x0, 0x0, 0x0,
    0x0, 0x0, 0x0, 0x5, 0xff, 0xf1, 0x0, 0x0,
    0x0, 0x0, 0x0, 0x0, 0x0, 0x0, 0x7e, 0xff,
    0xff, 0xfc, 0x40, 0x0, 0x0, 0x0, 0x0, 0x0,
    0x1, 0xcf, 0xff, 0xff, 0xff, 0xff, 0x90, 0x0,
    0x0, 0x0, 0x0, 0x0, 0xdf, 0xff, 0xff, 0xff,
    0xff, 0xff, 0xa0, 0x0, 0x0, 0x0, 0x0, 0x9f,
    0xff, 0xff, 0xff, 0xff, 0xff, 0xff, 0x50, 0x0,
    0x0, 0x0, 0x2f, 0xff, 0xff, 0xff, 0xff, 0xff,
    0xff, 0xfd, 0x0, 0x0, 0x0, 0x7, 0xff, 0xff,
    0xff, 0xff, 0xff, 0xff, 0xff, 0xf3, 0x0, 0x0,
    0x0, 0xaf, 0xff, 0xff, 0xff, 0xff, 0xff, 0xff,
    0xff, 0x50, 0x0, 0x0, 0xb, 0xff, 0xff, 0xff,
    0xff, 0xff, 0xff, 0xff, 0xf7, 0x0, 0x0, 0x0,
    0xcf, 0xff, 0xff, 0xff, 0xff, 0xff, 0xff, 0xff,
    0x80, 0x0, 0x0, 0xd, 0xff, 0xff, 0xff, 0xff,
    0xff, 0xff, 0xff, 0xf9, 0x0, 0x0, 0x0, 0xff,
    0xff, 0xff, 0xff, 0xff, 0xff, 0xff, 0xff, 0xc0,
    0x0, 0x0, 0x4f, 0xff, 0xff, 0xff, 0xff, 0xff,
    0xff, 0xff, 0xff, 0x0, 0x0, 0x9, 0xff, 0xff,
    0xff, 0xff, 0xff, 0xff, 0xff, 0xff, 0xf5, 0x0,
    0x1, 0xef, 0xff, 0xff, 0xff, 0xff, 0xff, 0xff,
    0xff, 0xff, 0xb0, 0x0, 0xbf, 0xff, 0xff, 0xff,
    0xff, 0xff, 0xff, 0xff, 0xff, 0xff, 0x70, 0x9f,
    0xff, 0xff, 0xff, 0xff, 0xff, 0xff, 0xff, 0xff,
    0xff, 0xff, 0x5f, 0xff, 0xff, 0xff, 0xff, 0xff,
    0xff, 0xff, 0xff, 0xff, 0xff, 0xfb, 0x9f, 0xff,
    0xff, 0xff, 0xff, 0xff, 0xff, 0xff, 0xff, 0xff,
    0xff, 0x60, 0x12, 0x22, 0x22, 0x22, 0x22, 0x22,
    0x22, 0x22, 0x22, 0x22, 0x10, 0x0, 0x0, 0x0,
    0x0, 0x0, 0x0, 0x0, 0x0, 0x0, 0x0, 0x0,
    0x0, 0x0, 0x0, 0x0, 0xc, 0xff, 0xff, 0xf8,
    0x0, 0x0, 0x0, 0x0, 0x0, 0x0, 0x0, 0x0,
    0x7f, 0xff, 0xff, 0x30, 0x0, 0x0, 0x0, 0x0,
    0x0, 0x0, 0x0, 0x0, 0x9f, 0xff, 0x60, 0x0,
    0x0, 0x0, 0x0, 0x0, 0x0, 0x0, 0x0, 0x0,
    0x13, 0x0, 0x0, 0x0, 0x0, 0x0, 0x0,

    /* U+F11C "" */
    0x1, 0x44, 0x44, 0x44, 0x44, 0x44, 0x44, 0x44,
    0x44, 0x44, 0x44, 0x44, 0x44, 0x42, 0x0, 0x5f,
    0xff, 0xff, 0xff, 0xff, 0xff, 0xff, 0xff, 0xff,
    0xff, 0xff, 0xff, 0xff, 0xff, 0x80, 0xef, 0xff,
    0xff, 0xff, 0xff, 0xff, 0xff, 0xff, 0xff, 0xff,
    0xff, 0xff, 0xff, 0xff, 0xf1, 0xff, 0xff, 0xff,
    0xff, 0xff, 0xff, 0xff, 0xff, 0xff, 0xff, 0xff,
    0xff, 0xff, 0xff, 0xf3, 0xff, 0xf4, 0x0, 0x9f,
    0x20, 0xb, 0xf1, 0x0, 0xcf, 0x0, 0xf, 0xc0,
    0x1, 0xff, 0xf4, 0xff, 0xf4, 0x0, 0x8f, 0x10,
    0xa, 0xf0, 0x0, 0xbe, 0x0, 0xe, 0xb0, 0x0,
    0xff, 0xf4, 0xff, 0xf5, 0x0, 0xaf, 0x20, 0xb,
    0xf1, 0x0, 0xcf, 0x0, 0xf, 0xc0, 0x1, 0xff,
    0xf4, 0xff, 0xff, 0xff, 0xff, 0xff, 0xff, 0xff,
    0xff, 0xff, 0xff, 0xff, 0xff, 0xff, 0xff, 0xf4,
    0xff, 0xff, 0xff, 0xaa, 0xbf, 0xea, 0xac, 0xfe,
    0xaa, 0xdf, 0xda, 0xad, 0xff, 0xff, 0xf4, 0xff,
    0xff, 0xfb, 0x0, 0x1f, 0x80, 0x2, 0xf7, 0x0,
    0x4f, 0x40, 0x7, 0xff, 0xff, 0xf4, 0xff, 0xff,
    0xfb, 0x0, 0x1f, 0x80, 0x2, 0xf7, 0x0, 0x4f,
    0x40, 0x7, 0xff, 0xff, 0xf4, 0xff, 0xff, 0xfc,
    0x0, 0x3f, 0xa0, 0x4, 0xf9, 0x0, 0x6f, 0x60,
    0x8, 0xff, 0xff, 0xf4, 0xff, 0xff, 0xff, 0xff,
    0xff, 0xff, 0xff, 0xff, 0xff, 0xff, 0xff, 0xff,
    0xff, 0xff, 0xf4, 0xff, 0xfc, 0x99, 0xef, 0xb9,
    0x99, 0x99, 0x99, 0x99, 0x99, 0xaf, 0xf9, 0x9a,
    0xff, 0xf4, 0xff, 0xf4, 0x0, 0x8f, 0x10, 0x0,
    0x0, 0x0, 0x0, 0x0, 0xe, 0xb0, 0x0, 0xff,
    0xf4, 0xff, 0xf4, 0x0, 0x8f, 0x10, 0x0, 0x0,
    0x0, 0x0, 0x0, 0xe, 0xb0, 0x0, 0xff, 0xf4,
    0xff, 0xf8, 0x44, 0xbf, 0x64, 0x44, 0x44, 0x44,
    0x44, 0x44, 0x4f, 0xd4, 0x45, 0xff, 0xf4, 0xff,
    0xff, 0xff, 0xff, 0xff, 0xff, 0xff, 0xff, 0xff,
    0xff, 0xff, 0xff, 0xff, 0xff, 0xf3, 0xcf, 0xff,
    0xff, 0xff, 0xff, 0xff, 0xff, 0xff, 0xff, 0xff,
    0xff, 0xff, 0xff, 0xff, 0xf1, 0x2c, 0xff, 0xff,
    0xff, 0xff, 0xff, 0xff, 0xff, 0xff, 0xff, 0xff,
    0xff, 0xff, 0xfd, 0x40,

    /* U+F124 "" */
    0x0, 0x0, 0x0, 0x0, 0x0, 0x0, 0x0, 0x0,
    0x0, 0x0, 0x0, 0x0, 0x0, 0x0, 0x0, 0x0,
    0x0, 0x0, 0x0, 0x0, 0x0, 0x0, 0x0, 0x0,
    0x0, 0x17, 0xb7, 0x0, 0x0, 0x0, 0x0, 0x0,
    0x0, 0x0, 0x0, 0x0, 0x0, 0x0, 0x29, 0xff,
    0xff, 0x80, 0x0, 0x0, 0x0, 0x0, 0x0, 0x0,
    0x0, 0x0, 0x0, 0x3a, 0xff, 0xff, 0xff, 0xf0,
    0x0, 0x0, 0x0, 0x0, 0x0, 0x0, 0x0, 0x0,
    0x4b, 0xff, 0xff, 0xff, 0xff, 0xd0, 0x0, 0x0,
    0x0, 0x0, 0x0, 0x0, 0x0, 0x5d, 0xff, 0xff,
    0xff, 0xff, 0xff, 0x60, 0x0, 0x0, 0x0, 0x0,
    0x0, 0x0, 0x7e, 0xff, 0xff, 0xff, 0xff, 0xff,
    0xfe, 0x0, 0x0, 0x0, 0x0, 0x0, 0x1, 0x8f,
    0xff, 0xff, 0xff, 0xff, 0xff, 0xff, 0xf7, 0x0,
    0x0, 0x0, 0x0, 0x2, 0x9f, 0xff, 0xff, 0xff,
    0xff, 0xff, 0xff, 0xff, 0xf1, 0x0, 0x0, 0x0,
    0x3, 0xbf, 0xff, 0xff, 0xff, 0xff, 0xff, 0xff,
    0xff, 0xff, 0x90, 0x0, 0x0, 0x5, 0xcf, 0xff,
    0xff, 0xff, 0xff, 0xff, 0xff, 0xff, 0xff, 0xff,
    0x20, 0x0, 0x2, 0xdf, 0xff, 0xff, 0xff, 0xff,
    0xff, 0xff, 0xff, 0xff, 0xff, 0xfa, 0x0, 0x0,
    0xc, 0xff, 0xff, 0xff, 0xff, 0xff, 0xff, 0xff,
    0xff, 0xff, 0xff, 0xf3, 0x0, 0x0, 0xf, 0xff,
    0xff, 0xff, 0xff, 0xff, 0xff, 0xff, 0xff, 0xff,
    0xff, 0xb0, 0x0, 0x0, 0xb, 0xff, 0xff, 0xff,
    0xff, 0xff, 0xff, 0xff, 0xff, 0xff, 0xff, 0x40,
    0x0, 0x0, 0x1, 0xad, 0xee, 0xee, 0xee, 0xee,
    0xff, 0xff, 0xff, 0xff, 0xfd, 0x0, 0x0, 0x0,
    0x0, 0x0, 0x0, 0x0, 0x0, 0x0, 0xaf, 0xff,
    0xff, 0xff, 0xf5, 0x0, 0x0, 0x0, 0x0, 0x0,
    0x0, 0x0, 0x0, 0x0, 0xaf, 0xff, 0xff, 0xff,
    0xe0, 0x0, 0x0, 0x0, 0x0, 0x0, 0x0, 0x0,
    0x0, 0x0, 0xaf, 0xff, 0xff, 0xff, 0x60, 0x0,
    0x0, 0x0, 0x0, 0x0, 0x0, 0x0, 0x0, 0x0,
    0xaf, 0xff, 0xff, 0xfe, 0x0, 0x0, 0x0, 0x0,
    0x0, 0x0, 0x0, 0x0, 0x0, 0x0, 0xaf, 0xff,
    0xff, 0xf8, 0x0, 0x0, 0x0, 0x0, 0x0, 0x0,
    0x0, 0x0, 0x0, 0x0, 0xaf, 0xff, 0xff, 0xf1,
    0x0, 0x0, 0x0, 0x0, 0x0, 0x0, 0x0, 0x0,
    0x0, 0x0, 0xaf, 0xff, 0xff, 0x90, 0x0, 0x0,
    0x0, 0x0, 0x0, 0x0, 0x0, 0x0, 0x0, 0x0,
    0xaf, 0xff, 0xff, 0x20, 0x0, 0x0, 0x0, 0x0,
    0x0, 0x0, 0x0, 0x0, 0x0, 0x0, 0x9f, 0xff,
    0xfa, 0x0, 0x0, 0x0, 0x0, 0x0, 0x0, 0x0,
    0x0, 0x0, 0x0, 0x0, 0x7f, 0xff, 0xf3, 0x0,
    0x0, 0x0, 0x0, 0x0, 0x0, 0x0, 0x0, 0x0,
    0x0, 0x0, 0x1c, 0xff, 0x80, 0x0, 0x0, 0x0,
    0x0, 0x0, 0x0, 0x0, 0x0, 0x0, 0x0, 0x0,
    0x0, 0x31, 0x0, 0x0, 0x0, 0x0, 0x0, 0x0,

    /* U+F15B "" */
    0x48, 0x88, 0x88, 0x88, 0x88, 0x83, 0x7, 0x0,
    0x0, 0x0, 0xff, 0xff, 0xff, 0xff, 0xff, 0xf6,
    0xf, 0xc1, 0x0, 0x0, 0xff, 0xff, 0xff, 0xff,
    0xff, 0xf6, 0xf, 0xfc, 0x10, 0x0, 0xff, 0xff,
    0xff, 0xff, 0xff, 0xf6, 0xf, 0xff, 0xc1, 0x0,
    0xff, 0xff, 0xff, 0xff, 0xff, 0xf6, 0xf, 0xff,
    0xfc, 0x10, 0xff, 0xff, 0xff, 0xff, 0xff, 0xf6,
    0xf, 0xff, 0xff, 0xc0, 0xff, 0xff, 0xff, 0xff,
    0xff, 0xf6, 0xf, 0xff, 0xff, 0xf6, 0xff, 0xff,
    0xff, 0xff, 0xff, 0xf9, 0x0, 0x0, 0x0, 0x0,
    0xff, 0xff, 0xff, 0xff, 0xff, 0xff, 0xdd, 0xdd,
    0xdd, 0xd6, 0xff, 0xff, 0xff, 0xff, 0xff, 0xff,
    0xff, 0xff, 0xff, 0xf8, 0xff, 0xff, 0xff, 0xff,
    0xff, 0xff, 0xff, 0xff, 0xff, 0xf8, 0xff, 0xff,
    0xff, 0xff, 0xff, 0xff, 0xff, 0xff, 0xff, 0xf8,
    0xff, 0xff, 0xff, 0xff, 0xff, 0xff, 0xff, 0xff,
    0xff, 0xf8, 0xff, 0xff, 0xff, 0xff, 0xff, 0xff,
    0xff, 0xff, 0xff, 0xf8, 0xff, 0xff, 0xff, 0xff,
    0xff, 0xff, 0xff, 0xff, 0xff, 0xf8, 0xff, 0xff,
    0xff, 0xff, 0xff, 0xff, 0xff, 0xff, 0xff, 0xf8,
    0xff, 0xff, 0xff, 0xff, 0xff, 0xff, 0xff, 0xff,
    0xff, 0xf8, 0xff, 0xff, 0xff, 0xff, 0xff, 0xff,
    0xff, 0xff, 0xff, 0xf8, 0xff, 0xff, 0xff, 0xff,
    0xff, 0xff, 0xff, 0xff, 0xff, 0xf8, 0xff, 0xff,
    0xff, 0xff, 0xff, 0xff, 0xff, 0xff, 0xff, 0xf8,
    0xff, 0xff, 0xff, 0xff, 0xff, 0xff, 0xff, 0xff,
    0xff, 0xf8, 0xff, 0xff, 0xff, 0xff, 0xff, 0xff,
    0xff, 0xff, 0xff, 0xf8, 0xff, 0xff, 0xff, 0xff,
    0xff, 0xff, 0xff, 0xff, 0xff, 0xf8, 0xff, 0xff,
    0xff, 0xff, 0xff, 0xff, 0xff, 0xff, 0xff, 0xf8,
    0xff, 0xff, 0xff, 0xff, 0xff, 0xff, 0xff, 0xff,
    0xff, 0xf7, 0xbf, 0xff, 0xff, 0xff, 0xff, 0xff,
    0xff, 0xff, 0xff, 0xf3, 0x0, 0x0, 0x0, 0x0,
    0x0, 0x0, 0x0, 0x0, 0x0, 0x0,

    /* U+F1EB "" */
    0x0, 0x0, 0x0, 0x0, 0x0, 0x0, 0x0, 0x1,
    0x21, 0x0, 0x0, 0x0, 0x0, 0x0, 0x0, 0x0,
    0x0, 0x0, 0x0, 0x0, 0x0, 0x26, 0xad, 0xff,
    0xff, 0xff, 0xeb, 0x84, 0x0, 0x0, 0x0, 0x0,
    0x0, 0x0, 0x0, 0x0, 0x17, 0xdf, 0xff, 0xff,
    0xff, 0xff, 0xff, 0xff, 0xff, 0xa3, 0x0, 0x0,
    0x0, 0x0, 0x0, 0x1, 0x8f, 0xff, 0xff, 0xff,
    0xff, 0xff, 0xff, 0xff, 0xff, 0xff, 0xfc, 0x40,
    0x0, 0x0, 0x0, 0x5, 0xef, 0xff, 0xff, 0xff,
    0xff, 0xff, 0xff, 0xff, 0xff, 0xff, 0xff, 0xff,
    0xa1, 0x0, 0x0, 0x1b, 0xff, 0xff, 0xff, 0xfc,
    0x84, 0x20, 0x0, 0x1, 0x36, 0xae, 0xff, 0xff,
    0xff, 0xf5, 0x0, 0x2d, 0xff, 0xff, 0xfe, 0x81,
    0x0, 0x0, 0x0, 0x0, 0x0, 0x0, 0x4, 0xbf,
    0xff, 0xff, 0xf7, 0xd, 0xff, 0xff, 0xf8, 0x0,
    0x0, 0x0, 0x0, 0x0, 0x0, 0x0, 0x0, 0x0,
    0x3c, 0xff, 0xff, 0xf5, 0x8f, 0xff, 0xd2, 0x0,
    0x0, 0x0, 0x0, 0x0, 0x0, 0x0, 0x0, 0x0,
    0x0, 0x8, 0xff, 0xfe, 0x10, 0x8f, 0xa0, 0x0,
    0x0, 0x0, 0x38, 0xcd, 0xef, 0xec, 0xa6, 0x10,
    0x0, 0x0, 0x4, 0xfe, 0x20, 0x0, 0x30, 0x0,
    0x0, 0x7, 0xef, 0xff, 0xff, 0xff, 0xff, 0xff,
    0xa3, 0x0, 0x0, 0x1, 0x10, 0x0, 0x0, 0x0,
    0x0, 0x4e, 0xff, 0xff, 0xff, 0xff, 0xff, 0xff,
    0xff, 0xfa, 0x0, 0x0, 0x0, 0x0, 0x0, 0x0,
    0x0, 0x8f, 0xff, 0xff, 0xff, 0xff, 0xff, 0xff,
    0xff, 0xff, 0xfd, 0x30, 0x0, 0x0, 0x0, 0x0,
    0x0, 0x3f, 0xff, 0xff, 0xfb, 0x63, 0x21, 0x24,
    0x8d, 0xff, 0xff, 0xfb, 0x0, 0x0, 0x0, 0x0,
    0x0, 0x0, 0xaf, 0xff, 0x91, 0x0, 0x0, 0x0,
    0x0, 0x5, 0xdf, 0xfe, 0x30, 0x0, 0x0, 0x0,
    0x0, 0x0, 0x0, 0x9e, 0x40, 0x0, 0x0, 0x0,
    0x0, 0x0, 0x0, 0xae, 0x30, 0x0, 0x0, 0x0,
    0x0, 0x0, 0x0, 0x0, 0x0, 0x0, 0x0, 0x0,
    0x0, 0x0, 0x0, 0x0, 0x0, 0x0, 0x0, 0x0,
    0x0, 0x0, 0x0, 0x0, 0x0, 0x0, 0x0, 0x5,
    0xbd, 0x91, 0x0, 0x0, 0x0, 0x0, 0x0, 0x0,
    0x0, 0x0, 0x0, 0x0, 0x0, 0x0, 0x0, 0x5,
    0xff, 0xff, 0xd0, 0x0, 0x0, 0x0, 0x0, 0x0,
    0x0, 0x0, 0x0, 0x0, 0x0, 0x0, 0x0, 0x0,
    0xdf, 0xff, 0xff, 0x50, 0x0, 0x0, 0x0, 0x0,
    0x0, 0x0, 0x0, 0x0, 0x0, 0x0, 0x0, 0x0,
    0xf, 0xff, 0xff, 0xf7, 0x0, 0x0, 0x0, 0x0,
    0x0, 0x0, 0x0, 0x0, 0x0, 0x0, 0x0, 0x0,
    0x0, 0xcf, 0xff, 0xff, 0x40, 0x0, 0x0, 0x0,
    0x0, 0x0, 0x0, 0x0, 0x0, 0x0, 0x0, 0x0,
    0x0, 0x3, 0xff, 0xff, 0xa0, 0x0, 0x0, 0x0,
    0x0, 0x0, 0x0, 0x0, 0x0, 0x0, 0x0, 0x0,
    0x0, 0x0, 0x1, 0x79, 0x50, 0x0, 0x0, 0x0,
    0x0, 0x0, 0x0, 0x0,

    /* U+F240 "" */
    0x1b, 0xef, 0xff, 0xff, 0xff, 0xff, 0xff, 0xff,
    0xff, 0xff, 0xff, 0xff, 0xff, 0xff, 0xe9, 0x0,
    0xb, 0xff, 0xff, 0xff, 0xff, 0xff, 0xff, 0xff,
    0xff, 0xff, 0xff, 0xff, 0xff, 0xff, 0xff, 0xf7,
    0x0, 0xff, 0xff, 0xff, 0xff, 0xff, 0xff, 0xff,
    0xff, 0xff, 0xff, 0xff, 0xff, 0xff, 0xff, 0xff,
    0xa0, 0xf, 0xff, 0x74, 0x44, 0x44, 0x44, 0x44,
    0x44, 0x44, 0x44, 0x44, 0x44, 0x44, 0x44, 0xaf,
    0xfe, 0x90, 0xff, 0xf4, 0x0, 0x0, 0x0, 0x0,
    0x0, 0x0, 0x0, 0x0, 0x0, 0x0, 0x0, 0x8,
    0xff, 0xff, 0x4f, 0xff, 0x42, 0xff, 0xff, 0xff,
    0xff, 0xff, 0xff, 0xff, 0xff, 0xff, 0xff, 0xf0,
    0x8f, 0xff, 0xf5, 0xff, 0xf4, 0x2f, 0xff, 0xff,
    0xff, 0xff, 0xff, 0xff, 0xff, 0xff, 0xff, 0xff,
    0x4, 0x8f, 0xff, 0x5f, 0xff, 0x42, 0xff, 0xff,
    0xff, 0xff, 0xff, 0xff, 0xff, 0xff, 0xff, 0xff,
    0xf0, 0x0, 0xef, 0xf5, 0xff, 0xf4, 0x2f, 0xff,
    0xff, 0xff, 0xff, 0xff, 0xff, 0xff, 0xff, 0xff,
    0xff, 0x0, 0xe, 0xff, 0x5f, 0xff, 0x42, 0xff,
    0xff, 0xff, 0xff, 0xff, 0xff, 0xff, 0xff, 0xff,
    0xff, 0xf0, 0x13, 0xff, 0xf5, 0xff, 0xf4, 0x2f,
    0xff, 0xff, 0xff, 0xff, 0xff, 0xff, 0xff, 0xff,
    0xff, 0xff, 0x8, 0xff, 0xff, 0x5f, 0xff, 0x41,
    0x88, 0x88, 0x88, 0x88, 0x88, 0x88, 0x88, 0x88,
    0x88, 0x88, 0x80, 0x8f, 0xff, 0xf5, 0xff, 0xf4,
    0x0, 0x0, 0x0, 0x0, 0x0, 0x0, 0x0, 0x0,
    0x0, 0x0, 0x0, 0x8, 0xff, 0xfe, 0x1f, 0xff,
    0xff, 0xff, 0xff, 0xff, 0xff, 0xff, 0xff, 0xff,
    0xff, 0xff, 0xff, 0xff, 0xff, 0xfb, 0x0, 0xdf,
    0xff, 0xff, 0xff, 0xff, 0xff, 0xff, 0xff, 0xff,
    0xff, 0xff, 0xff, 0xff, 0xff, 0xff, 0x90, 0x5,
    0xff, 0xff, 0xff, 0xff, 0xff, 0xff, 0xff, 0xff,
    0xff, 0xff, 0xff, 0xff, 0xff, 0xff, 0xe1, 0x0,
    0x1, 0x44, 0x44, 0x44, 0x44, 0x44, 0x44, 0x44,
    0x44, 0x44, 0x44, 0x44, 0x44, 0x44, 0x30, 0x0,
    0x0,

    /* U+F241 "" */
    0x1b, 0xef, 0xff, 0xff, 0xff, 0xff, 0xff, 0xff,
    0xff, 0xff, 0xff, 0xff, 0xff, 0xff, 0xe9, 0x0,
    0xb, 0xff, 0xff, 0xff, 0xff, 0xff, 0xff, 0xff,
    0xff, 0xff, 0xff, 0xff, 0xff, 0xff, 0xff, 0xf7,
    0x0, 0xff, 0xff, 0xff, 0xff, 0xff, 0xff, 0xff,
    0xff, 0xff, 0xff, 0xff, 0xff, 0xff, 0xff, 0xff,
    0xa0, 0xf, 0xff, 0x74, 0x44, 0x44, 0x44, 0x44,
    0x44, 0x44, 0x44, 0x44, 0x44, 0x44, 0x44, 0xaf,
    0xfe, 0x90, 0xff, 0xf4, 0x0, 0x0, 0x0, 0x0,
    0x0, 0x0, 0x0, 0x0, 0x0, 0x0, 0x0, 0x8,
    0xff, 0xff, 0x4f, 0xff, 0x42, 0xff, 0xff, 0xff,
    0xff, 0xff, 0xff, 0xff, 0xff, 0x20, 0x0, 0x0,
    0x8f, 0xff, 0xf5, 0xff, 0xf4, 0x2f, 0xff, 0xff,
    0xff, 0xff, 0xff, 0xff, 0xff, 0xf2, 0x0, 0x0,
    0x4, 0x8f, 0xff, 0x5f, 0xff, 0x42, 0xff, 0xff,
    0xff, 0xff, 0xff, 0xff, 0xff, 0xff, 0x20, 0x0,
    0x0, 0x0, 0xef, 0xf5, 0xff, 0xf4, 0x2f, 0xff,
    0xff, 0xff, 0xff, 0xff, 0xff, 0xff, 0xf2, 0x0,
    0x0, 0x0, 0xe, 0xff, 0x5f, 0xff, 0x42, 0xff,
    0xff, 0xff, 0xff, 0xff, 0xff, 0xff, 0xff, 0x20,
    0x0, 0x0, 0x13, 0xff, 0xf5, 0xff, 0xf4, 0x2f,
    0xff, 0xff, 0xff, 0xff, 0xff, 0xff, 0xff, 0xf2,
    0x0, 0x0, 0x8, 0xff, 0xff, 0x5f, 0xff, 0x41,
    0x88, 0x88, 0x88, 0x88, 0x88, 0x88, 0x88, 0x88,
    0x10, 0x0, 0x0, 0x8f, 0xff, 0xf5, 0xff, 0xf4,
    0x0, 0x0, 0x0, 0x0, 0x0, 0x0, 0x0, 0x0,
    0x0, 0x0, 0x0, 0x8, 0xff, 0xfe, 0x1f, 0xff,
    0xff, 0xff, 0xff, 0xff, 0xff, 0xff, 0xff, 0xff,
    0xff, 0xff, 0xff, 0xff, 0xff, 0xfb, 0x0, 0xdf,
    0xff, 0xff, 0xff, 0xff, 0xff, 0xff, 0xff, 0xff,
    0xff, 0xff, 0xff, 0xff, 0xff, 0xff, 0x90, 0x5,
    0xff, 0xff, 0xff, 0xff, 0xff, 0xff, 0xff, 0xff,
    0xff, 0xff, 0xff, 0xff, 0xff, 0xff, 0xe1, 0x0,
    0x1, 0x44, 0x44, 0x44, 0x44, 0x44, 0x44, 0x44,
    0x44, 0x44, 0x44, 0x44, 0x44, 0x44, 0x30, 0x0,
    0x0,

    /* U+F242 "" */
    0x1b, 0xef, 0xff, 0xff, 0xff, 0xff, 0xff, 0xff,
    0xff, 0xff, 0xff, 0xff, 0xff, 0xff, 0xe9, 0x0,
    0xb, 0xff, 0xff, 0xff, 0xff, 0xff, 0xff, 0xff,
    0xff, 0xff, 0xff, 0xff, 0xff, 0xff, 0xff, 0xf7,
    0x0, 0xff, 0xff, 0xff, 0xff, 0xff, 0xff, 0xff,
    0xff, 0xff, 0xff, 0xff, 0xff, 0xff, 0xff, 0xff,
    0xa0, 0xf, 0xff, 0x74, 0x44, 0x44, 0x44, 0x44,
    0x44, 0x44, 0x44, 0x44, 0x44, 0x44, 0x44, 0xaf,
    0xfe, 0x90, 0xff, 0xf4, 0x0, 0x0, 0x0, 0x0,
    0x0, 0x0, 0x0, 0x0, 0x0, 0x0, 0x0, 0x8,
    0xff, 0xff, 0x4f, 0xff, 0x42, 0xff, 0xff, 0xff,
    0xff, 0xff, 0xf4, 0x0, 0x0, 0x0, 0x0, 0x0,
    0x8f, 0xff, 0xf5, 0xff, 0xf4, 0x2f, 0xff, 0xff,
    0xff, 0xff, 0xff, 0x40, 0x0, 0x0, 0x0, 0x0,
    0x4, 0x8f, 0xff, 0x5f, 0xff, 0x42, 0xff, 0xff,
    0xff, 0xff, 0xff, 0xf4, 0x0, 0x0, 0x0, 0x0,
    0x0, 0x0, 0xef, 0xf5, 0xff, 0xf4, 0x2f, 0xff,
    0xff, 0xff, 0xff, 0xff, 0x40, 0x0, 0x0, 0x0,
    0x0, 0x0, 0xe, 0xff, 0x5f, 0xff, 0x42, 0xff,
    0xff, 0xff, 0xff, 0xff, 0xf4, 0x0, 0x0, 0x0,
    0x0, 0x0, 0x13, 0xff, 0xf5, 0xff, 0xf4, 0x2f,
    0xff, 0xff, 0xff, 0xff, 0xff, 0x40, 0x0, 0x0,
    0x0, 0x0, 0x8, 0xff, 0xff, 0x5f, 0xff, 0x41,
    0x88, 0x88, 0x88, 0x88, 0x88, 0x82, 0x0, 0x0,
    0x0, 0x0, 0x0, 0x8f, 0xff, 0xf5, 0xff, 0xf4,
    0x0, 0x0, 0x0, 0x0, 0x0, 0x0, 0x0, 0x0,
    0x0, 0x0, 0x0, 0x8, 0xff, 0xfe, 0x1f, 0xff,
    0xff, 0xff, 0xff, 0xff, 0xff, 0xff, 0xff, 0xff,
    0xff, 0xff, 0xff, 0xff, 0xff, 0xfb, 0x0, 0xdf,
    0xff, 0xff, 0xff, 0xff, 0xff, 0xff, 0xff, 0xff,
    0xff, 0xff, 0xff, 0xff, 0xff, 0xff, 0x90, 0x5,
    0xff, 0xff, 0xff, 0xff, 0xff, 0xff, 0xff, 0xff,
    0xff, 0xff, 0xff, 0xff, 0xff, 0xff, 0xe1, 0x0,
    0x1, 0x44, 0x44, 0x44, 0x44, 0x44, 0x44, 0x44,
    0x44, 0x44, 0x44, 0x44, 0x44, 0x44, 0x30, 0x0,
    0x0,

    /* U+F243 "" */
    0x1b, 0xef, 0xff, 0xff, 0xff, 0xff, 0xff, 0xff,
    0xff, 0xff, 0xff, 0xff, 0xff, 0xff, 0xe9, 0x0,
    0xb, 0xff, 0xff, 0xff, 0xff, 0xff, 0xff, 0xff,
    0xff, 0xff, 0xff, 0xff, 0xff, 0xff, 0xff, 0xf7,
    0x0, 0xff, 0xff, 0xff, 0xff, 0xff, 0xff, 0xff,
    0xff, 0xff, 0xff, 0xff, 0xff, 0xff, 0xff, 0xff,
    0xa0, 0xf, 0xff, 0x74, 0x44, 0x44, 0x44, 0x44,
    0x44, 0x44, 0x44, 0x44, 0x44, 0x44, 0x44, 0xaf,
    0xfe, 0x90, 0xff, 0xf4, 0x0, 0x0, 0x0, 0x0,
    0x0, 0x0, 0x0, 0x0, 0x0, 0x0, 0x0, 0x8,
    0xff, 0xff, 0x4f, 0xff, 0x41, 0xff, 0xff, 0xff,
    0x60, 0x0, 0x0, 0x0, 0x0, 0x0, 0x0, 0x0,
    0x8f, 0xff, 0xf5, 0xff, 0xf4, 0x1f, 0xff, 0xff,
    0xf6, 0x0, 0x0, 0x0, 0x0, 0x0, 0x0, 0x0,
    0x4, 0x8f, 0xff, 0x5f, 0xff, 0x41, 0xff, 0xff,
    0xff, 0x60, 0x0, 0x0, 0x0, 0x0, 0x0, 0x0,
    0x0, 0x0, 0xef, 0xf5, 0xff, 0xf4, 0x1f, 0xff,
    0xff, 0xf6, 0x0, 0x0, 0x0, 0x0, 0x0, 0x0,
    0x0, 0x0, 0xe, 0xff, 0x5f, 0xff, 0x41, 0xff,
    0xff, 0xff, 0x60, 0x0, 0x0, 0x0, 0x0, 0x0,
    0x0, 0x0, 0x13, 0xff, 0xf5, 0xff, 0xf4, 0x1f,
    0xff, 0xff, 0xf6, 0x0, 0x0, 0x0, 0x0, 0x0,
    0x0, 0x0, 0x8, 0xff, 0xff, 0x5f, 0xff, 0x40,
    0x88, 0x88, 0x88, 0x30, 0x0, 0x0, 0x0, 0x0,
    0x0, 0x0, 0x0, 0x8f, 0xff, 0xf5, 0xff, 0xf4,
    0x0, 0x0, 0x0, 0x0, 0x0, 0x0, 0x0, 0x0,
    0x0, 0x0, 0x0, 0x8, 0xff, 0xfe, 0x1f, 0xff,
    0xff, 0xff, 0xff, 0xff, 0xff, 0xff, 0xff, 0xff,
    0xff, 0xff, 0xff, 0xff, 0xff, 0xfb, 0x0, 0xdf,
    0xff, 0xff, 0xff, 0xff, 0xff, 0xff, 0xff, 0xff,
    0xff, 0xff, 0xff, 0xff, 0xff, 0xff, 0x90, 0x5,
    0xff, 0xff, 0xff, 0xff, 0xff, 0xff, 0xff, 0xff,
    0xff, 0xff, 0xff, 0xff, 0xff, 0xff, 0xe1, 0x0,
    0x1, 0x44, 0x44, 0x44, 0x44, 0x44, 0x44, 0x44,
    0x44, 0x44, 0x44, 0x44, 0x44, 0x44, 0x30, 0x0,
    0x0,

    /* U+F244 "" */
    0x1b, 0xef, 0xff, 0xff, 0xff, 0xff, 0xff, 0xff,
    0xff, 0xff, 0xff, 0xff, 0xff, 0xff, 0xe9, 0x0,
    0xb, 0xff, 0xff, 0xff, 0xff, 0xff, 0xff, 0xff,
    0xff, 0xff, 0xff, 0xff, 0xff, 0xff, 0xff, 0xf7,
    0x0, 0xff, 0xff, 0xff, 0xff, 0xff, 0xff, 0xff,
    0xff, 0xff, 0xff, 0xff, 0xff, 0xff, 0xff, 0xff,
    0xa0, 0xf, 0xff, 0x74, 0x44, 0x44, 0x44, 0x44,
    0x44, 0x44, 0x44, 0x44, 0x44, 0x44, 0x44, 0xaf,
    0xfe, 0x90, 0xff, 0xf4, 0x0, 0x0, 0x0, 0x0,
    0x0, 0x0, 0x0, 0x0, 0x0, 0x0, 0x0, 0x8,
    0xff, 0xff, 0x4f, 0xff, 0x40, 0x0, 0x0, 0x0,
    0x0, 0x0, 0x0, 0x0, 0x0, 0x0, 0x0, 0x0,
    0x8f, 0xff, 0xf5, 0xff, 0xf4, 0x0, 0x0, 0x0,
    0x0, 0x0, 0x0, 0x0, 0x0, 0x0, 0x0, 0x0,
    0x4, 0x8f, 0xff, 0x5f, 0xff, 0x40, 0x0, 0x0,
    0x0, 0x0, 0x0, 0x0, 0x0, 0x0, 0x0, 0x0,
    0x0, 0x0, 0xef, 0xf5, 0xff, 0xf4, 0x0, 0x0,
    0x0, 0x0, 0x0, 0x0, 0x0, 0x0, 0x0, 0x0,
    0x0, 0x0, 0xe, 0xff, 0x5f, 0xff, 0x40, 0x0,
    0x0, 0x0, 0x0, 0x0, 0x0, 0x0, 0x0, 0x0,
    0x0, 0x0, 0x13, 0xff, 0xf5, 0xff, 0xf4, 0x0,
    0x0, 0x0, 0x0, 0x0, 0x0, 0x0, 0x0, 0x0,
    0x0, 0x0, 0x8, 0xff, 0xff, 0x5f, 0xff, 0x40,
    0x0, 0x0, 0x0, 0x0, 0x0, 0x0, 0x0, 0x0,
    0x0, 0x0, 0x0, 0x8f, 0xff, 0xf5, 0xff, 0xf4,
    0x0, 0x0, 0x0, 0x0, 0x0, 0x0, 0x0, 0x0,
    0x0, 0x0, 0x0, 0x8, 0xff, 0xfe, 0x1f, 0xff,
    0xff, 0xff, 0xff, 0xff, 0xff, 0xff, 0xff, 0xff,
    0xff, 0xff, 0xff, 0xff, 0xff, 0xfb, 0x0, 0xdf,
    0xff, 0xff, 0xff, 0xff, 0xff, 0xff, 0xff, 0xff,
    0xff, 0xff, 0xff, 0xff, 0xff, 0xff, 0x90, 0x5,
    0xff, 0xff, 0xff, 0xff, 0xff, 0xff, 0xff, 0xff,
    0xff, 0xff, 0xff, 0xff, 0xff, 0xff, 0xe1, 0x0,
    0x1, 0x44, 0x44, 0x44, 0x44, 0x44, 0x44, 0x44,
    0x44, 0x44, 0x44, 0x44, 0x44, 0x44, 0x30, 0x0,
    0x0,

    /* U+F287 "" */
    0x0, 0x0, 0x0, 0x0, 0x0, 0x0, 0x0, 0x0,
    0x1, 0x77, 0x10, 0x0, 0x0, 0x0, 0x0, 0x0,
    0x0, 0x0, 0x0, 0x0, 0x0, 0x0, 0x0, 0x0,
    0x2, 0xef, 0xfe, 0x20, 0x0, 0x0, 0x0, 0x0,
    0x0, 0x0, 0x0, 0x0, 0x0, 0x0, 0x0, 0x5,
    0xbc, 0xdf, 0xff, 0xf9, 0x0, 0x0, 0x0, 0x0,
    0x0, 0x0, 0x0, 0x0, 0x0, 0x0, 0x0, 0x8,
    0xff, 0xff, 0xff, 0xff, 0xa0, 0x0, 0x0, 0x0,
    0x0, 0x0, 0x0, 0x0, 0x0, 0x0, 0x0, 0x2,
    0xfe, 0x31, 0x5f, 0xff, 0xf4, 0x0, 0x0, 0x0,
    0x0, 0x0, 0x0, 0x0, 0x0, 0x0, 0x0, 0x0,
    0xbf, 0x50, 0x0, 0x5c, 0xc5, 0x0, 0x0, 0x0,
    0x0, 0x0, 0x0, 0x0, 0x46, 0x50, 0x0, 0x0,
    0x3f, 0xc0, 0x0, 0x0, 0x0, 0x0, 0x0, 0x0,
    0x0, 0x0, 0x0, 0x0, 0xbf, 0xff, 0xd2, 0x0,
    0xa, 0xf4, 0x0, 0x0, 0x0, 0x0, 0x0, 0x0,
    0x0, 0xc8, 0x0, 0x0, 0x9f, 0xff, 0xff, 0xc0,
    0x4, 0xfc, 0x0, 0x0, 0x0, 0x0, 0x0, 0x0,
    0x0, 0xe, 0xfe, 0x50, 0xe, 0xff, 0xff, 0xff,
    0xcc, 0xff, 0xec, 0xcc, 0xcc, 0xcc, 0xcc, 0xcc,
    0xcc, 0xcc, 0xff, 0xff, 0xb2, 0xff, 0xff, 0xff,
    0xff, 0xff, 0xff, 0xff, 0xff, 0xff, 0xff, 0xff,
    0xff, 0xff, 0xff, 0xff, 0xff, 0x5b, 0xff, 0xff,
    0xfe, 0x0, 0x0, 0x2, 0xdf, 0x40, 0x0, 0x0,
    0x0, 0x0, 0x0, 0xef, 0xfa, 0x10, 0x2e, 0xff,
    0xff, 0x40, 0x0, 0x0, 0x3, 0xfb, 0x0, 0x0,
    0x0, 0x0, 0x0, 0xd, 0xd3, 0x0, 0x0, 0x18,
    0xb9, 0x20, 0x0, 0x0, 0x0, 0xb, 0xf3, 0x0,
    0x0, 0x0, 0x0, 0x0, 0x20, 0x0, 0x0, 0x0,
    0x0, 0x0, 0x0, 0x0, 0x0, 0x0, 0x5f, 0xa0,
    0x0, 0x33, 0x33, 0x30, 0x0, 0x0, 0x0, 0x0,
    0x0, 0x0, 0x0, 0x0, 0x0, 0x0, 0x0, 0xdf,
    0x30, 0x1f, 0xff, 0xff, 0x50, 0x0, 0x0, 0x0,
    0x0, 0x0, 0x0, 0x0, 0x0, 0x0, 0x0, 0x4,
    0xfe, 0x77, 0xff, 0xff, 0xf5, 0x0, 0x0, 0x0,
    0x0, 0x0, 0x0, 0x0, 0x0, 0x0, 0x0, 0x0,
    0x7, 0xff, 0xff, 0xff, 0xff, 0x50, 0x0, 0x0,
    0x0, 0x0, 0x0, 0x0, 0x0, 0x0, 0x0, 0x0,
    0x0, 0x2, 0x56, 0xff, 0xff, 0xf5, 0x0, 0x0,
    0x0, 0x0, 0x0, 0x0, 0x0, 0x0, 0x0, 0x0,
    0x0, 0x0, 0x0, 0x1f, 0xff, 0xff, 0x50, 0x0,
    0x0, 0x0, 0x0, 0x0, 0x0, 0x0, 0x0, 0x0,
    0x0, 0x0, 0x0, 0x0, 0x23, 0x33, 0x30, 0x0,
    0x0, 0x0, 0x0,

    /* U+F293 "" */
    0x0, 0x0, 0x0, 0x26, 0xac, 0xdc, 0xb8, 0x40,
    0x0, 0x0, 0x0, 0x0, 0x1, 0x9f, 0xff, 0xff,
    0xff, 0xff, 0xd3, 0x0, 0x0, 0x0, 0x2, 0xdf,
    0xff, 0xfe, 0x9f, 0xff, 0xff, 0xf5, 0x0, 0x0,
    0x1, 0xdf, 0xff, 0xff, 0xe0, 0xaf, 0xff, 0xff,
    0xf3, 0x0, 0x0, 0x8f, 0xff, 0xff, 0xfe, 0x0,
    0xbf, 0xff, 0xff, 0xc0, 0x0, 0xf, 0xff, 0xff,
    0xff, 0xe0, 0x0, 0xcf, 0xff, 0xff, 0x30, 0x5,
    0xff, 0xff, 0xff, 0xfe, 0x0, 0x1, 0xdf, 0xff,
    0xf8, 0x0, 0xaf, 0xff, 0xd9, 0xff, 0xe0, 0x3a,
    0x1, 0xdf, 0xff, 0xc0, 0xd, 0xff, 0xf1, 0x8,
    0xfe, 0x2, 0xfa, 0x2, 0xef, 0xff, 0x0, 0xff,
    0xff, 0xb0, 0x8, 0xe0, 0x2f, 0x50, 0x5f, 0xff,
    0xf1, 0x1f, 0xff, 0xff, 0xa0, 0x7, 0x2, 0x50,
    0x4f, 0xff, 0xff, 0x22, 0xff, 0xff, 0xff, 0xa0,
    0x0, 0x0, 0x2f, 0xff, 0xff, 0xf3, 0x3f, 0xff,
    0xff, 0xff, 0xa0, 0x0, 0x1e, 0xff, 0xff, 0xff,
    0x43, 0xff, 0xff, 0xff, 0xff, 0x40, 0x7, 0xff,
    0xff, 0xff, 0xf4, 0x3f, 0xff, 0xff, 0xff, 0x50,
    0x0, 0x9, 0xff, 0xff, 0xff, 0x32, 0xff, 0xff,
    0xff, 0x50, 0x0, 0x0, 0xa, 0xff, 0xff, 0xf3,
    0xf, 0xff, 0xff, 0x50, 0x1c, 0x2, 0xb0, 0xb,
    0xff, 0xff, 0x20, 0xef, 0xff, 0x50, 0x1d, 0xf0,
    0x2f, 0xa0, 0xd, 0xff, 0xf0, 0xc, 0xff, 0xf4,
    0x1d, 0xff, 0x2, 0xf5, 0x4, 0xff, 0xfe, 0x0,
    0x8f, 0xff, 0xfd, 0xff, 0xf0, 0x25, 0x3, 0xff,
    0xff, 0xa0, 0x3, 0xff, 0xff, 0xff, 0xff, 0x0,
    0x3, 0xff, 0xff, 0xf6, 0x0, 0xc, 0xff, 0xff,
    0xff, 0xf0, 0x3, 0xff, 0xff, 0xff, 0x0, 0x0,
    0x3f, 0xff, 0xff, 0xff, 0x3, 0xff, 0xff, 0xff,
    0x70, 0x0, 0x0, 0x6f, 0xff, 0xff, 0xf3, 0xff,
    0xff, 0xff, 0xc0, 0x0, 0x0, 0x0, 0x4e, 0xff,
    0xff, 0xff, 0xff, 0xff, 0xc1, 0x0, 0x0, 0x0,
    0x0, 0x6, 0xbf, 0xff, 0xff, 0xea, 0x40, 0x0,
    0x0, 0x0, 0x0, 0x0, 0x0, 0x0, 0x11, 0x0,
    0x0, 0x0, 0x0, 0x0,

    /* U+F2ED "" */
    0x0, 0x0, 0x0, 0x4, 0xbc, 0xcc, 0xcc, 0xa1,
    0x0, 0x0, 0x0, 0x0, 0x22, 0x22, 0x22, 0xef,
    0xff, 0xff, 0xff, 0xa2, 0x22, 0x22, 0x10, 0xef,
    0xff, 0xff, 0xff, 0xff, 0xff, 0xff, 0xff, 0xff,
    0xff, 0xff, 0xaf, 0xff, 0xff, 0xff, 0xff, 0xff,
    0xff, 0xff, 0xff, 0xff, 0xff, 0xfc, 0xef, 0xff,
    0xff, 0xff, 0xff, 0xff, 0xff, 0xff, 0xff, 0xff,
    0xff, 0xa0, 0x22, 0x22, 0x22, 0x22, 0x22, 0x22,
    0x22, 0x22, 0x22, 0x22, 0x10, 0x1, 0x44, 0x44,
    0x44, 0x44, 0x44, 0x44, 0x44, 0x44, 0x44, 0x40,
    0x0, 0x6f, 0xff, 0xff, 0xff, 0xff, 0xff, 0xff,
    0xff, 0xff, 0xff, 0x20, 0x6, 0xff, 0xff, 0xff,
    0xff, 0xff, 0xff, 0xff, 0xff, 0xff, 0xf2, 0x0,
    0x6f, 0xff, 0xff, 0xff, 0xff, 0xff, 0xff, 0xff,
    0xff, 0xff, 0x20, 0x6, 0xff, 0xfd, 0x1d, 0xff,
    0xb1, 0xef, 0xf9, 0x2f, 0xff, 0xf2, 0x0, 0x6f,
    0xff, 0xb0, 0xbf, 0xf9, 0xd, 0xff, 0x70, 0xff,
    0xff, 0x20, 0x6, 0xff, 0xfb, 0xb, 0xff, 0x90,
    0xdf, 0xf7, 0xf, 0xff, 0xf2, 0x0, 0x6f, 0xff,
    0xb0, 0xbf, 0xf9, 0xd, 0xff, 0x70, 0xff, 0xff,
    0x20, 0x6, 0xff, 0xfb, 0xb, 0xff, 0x90, 0xdf,
    0xf7, 0xf, 0xff, 0xf2, 0x0, 0x6f, 0xff, 0xb0,
    0xbf, 0xf9, 0xd, 0xff, 0x70, 0xff, 0xff, 0x20,
    0x6, 0xff, 0xfb, 0xb, 0xff, 0x90, 0xdf, 0xf7,
    0xf, 0xff, 0xf2, 0x0, 0x6f, 0xff, 0xb0, 0xbf,
    0xf9, 0xd, 0xff, 0x70, 0xff, 0xff, 0x20, 0x6,
    0xff, 0xfb, 0xb, 0xff, 0x90, 0xdf, 0xf7, 0xf,
    0xff, 0xf2, 0x0, 0x6f, 0xff, 0xb0, 0xbf, 0xf9,
    0xd, 0xff, 0x70, 0xff, 0xff, 0x20, 0x6, 0xff,
    0xfb, 0xb, 0xff, 0x90, 0xdf, 0xf7, 0xf, 0xff,
    0xf2, 0x0, 0x6f, 0xff, 0xb0, 0xbf, 0xf9, 0xd,
    0xff, 0x70, 0xff, 0xff, 0x20, 0x6, 0xff, 0xfd,
    0x1d, 0xff, 0xb1, 0xef, 0xf9, 0x2f, 0xff, 0xf2,
    0x0, 0x5f, 0xff, 0xff, 0xff, 0xff, 0xff, 0xff,
    0xff, 0xff, 0xff, 0x10, 0x3, 0xff, 0xff, 0xff,
    0xff, 0xff, 0xff, 0xff, 0xff, 0xff, 0xf0, 0x0,
    0x9, 0xff, 0xff, 0xff, 0xff, 0xff, 0xff, 0xff,
    0xff, 0xf6, 0x0, 0x0, 0x2, 0x34, 0x44, 0x44,
    0x44, 0x44, 0x44, 0x44, 0x31, 0x0, 0x0,

    /* U+F304 "" */
    0x0, 0x0, 0x0, 0x0, 0x0, 0x0, 0x0, 0x0,
    0x0, 0x0, 0x7b, 0x70, 0x0, 0x0, 0x0, 0x0,
    0x0, 0x0, 0x0, 0x0, 0x0, 0x0, 0x0, 0xbf,
    0xff, 0xc0, 0x0, 0x0, 0x0, 0x0, 0x0, 0x0,
    0x0, 0x0, 0x0, 0x0, 0xbf, 0xff, 0xff, 0xc0,
    0x0, 0x0, 0x0, 0x0, 0x0, 0x0, 0x0, 0x0,
    0x0, 0xbf, 0xff, 0xff, 0xff, 0xc0, 0x0, 0x0,
    0x0, 0x0, 0x0, 0x0, 0x0, 0x0, 0x7, 0xff,
    0xff, 0xff, 0xff, 0x90, 0x0, 0x0, 0x0, 0x0,
    0x0, 0x0, 0x0, 0xb5, 0x7, 0xff, 0xff, 0xff,
    0xff, 0x0, 0x0, 0x0, 0x0, 0x0, 0x0, 0x0,
    0xbf, 0xf5, 0x7, 0xff, 0xff, 0xff, 0xd0, 0x0,
    0x0, 0x0, 0x0, 0x0, 0x0, 0xbf, 0xff, 0xf5,
    0x7, 0xff, 0xff, 0xf3, 0x0, 0x0, 0x0, 0x0,
    0x0, 0x0, 0xbf, 0xff, 0xff, 0xf5, 0x7, 0xff,
    0xf4, 0x0, 0x0, 0x0, 0x0, 0x0, 0x0, 0xbf,
    0xff, 0xff, 0xff, 0xf5, 0x7, 0xf4, 0x0, 0x0,
    0x0, 0x0, 0x0, 0x0, 0xbf, 0xff, 0xff, 0xff,
    0xff, 0xf5, 0x2, 0x0, 0x0, 0x0, 0x0, 0x0,
    0x0, 0xbf, 0xff, 0xff, 0xff, 0xff, 0xff, 0xf1,
    0x0, 0x0, 0x0, 0x0, 0x0, 0x0, 0xbf, 0xff,
    0xff, 0xff, 0xff, 0xff, 0xf4, 0x0, 0x0, 0x0,
    0x0, 0x0, 0x0, 0xbf, 0xff, 0xff, 0xff, 0xff,
    0xff, 0xf4, 0x0, 0x0, 0x0, 0x0, 0x0, 0x0,
    0xbf, 0xff, 0xff, 0xff, 0xff, 0xff, 0xf4, 0x0,
    0x0, 0x0, 0x0, 0x0, 0x0, 0xbf, 0xff, 0xff,
    0xff, 0xff, 0xff, 0xf4, 0x0, 0x0, 0x0, 0x0,
    0x0, 0x0, 0xbf, 0xff, 0xff, 0xff, 0xff, 0xff,
    0xf4, 0x0, 0x0, 0x0, 0x0, 0x0, 0x0, 0xbf,
    0xff, 0xff, 0xff, 0xff, 0xff, 0xf4, 0x0, 0x0,
    0x0, 0x0, 0x0, 0x0, 0xbf, 0xff, 0xff, 0xff,
    0xff, 0xff, 0xf4, 0x0, 0x0, 0x0, 0x0, 0x0,
    0x0, 0x6f, 0xff, 0xff, 0xff, 0xff, 0xff, 0xf4,
    0x0, 0x0, 0x0, 0x0, 0x0, 0x0, 0x8, 0xff,
    0xff, 0xff, 0xff, 0xff, 0xf4, 0x0, 0x0, 0x0,
    0x0, 0x0, 0x0, 0x0, 0x9f, 0xff, 0xff, 0xff,
    0xff, 0xf4, 0x0, 0x0, 0x0, 0x0, 0x0, 0x0,
    0x0, 0xb, 0xff, 0xff, 0xff, 0xff, 0xf4, 0x0,
    0x0, 0x0, 0x0, 0x0, 0x0, 0x0, 0x0, 0xdf,
    0xff, 0xff, 0xff, 0xf4, 0x0, 0x0, 0x0, 0x0,
    0x0, 0x0, 0x0, 0x0, 0xf, 0xff, 0xff, 0xff,
    0xf4, 0x0, 0x0, 0x0, 0x0, 0x0, 0x0, 0x0,
    0x0, 0x0, 0xdf, 0xff, 0xec, 0xa4, 0x0, 0x0,
    0x0, 0x0, 0x0, 0x0, 0x0, 0x0, 0x0, 0x0,
    0x31, 0x0, 0x0, 0x0, 0x0, 0x0, 0x0, 0x0,
    0x0, 0x0, 0x0, 0x0, 0x0,

    /* U+F55A "" */
    0x0, 0x0, 0x0, 0x0, 0x4, 0x78, 0x88, 0x88,
    0x88, 0x88, 0x88, 0x88, 0x88, 0x88, 0x87, 0x30,
    0x0, 0x0, 0x0, 0x0, 0x1c, 0xff, 0xff, 0xff,
    0xff, 0xff, 0xff, 0xff, 0xff, 0xff, 0xff, 0xff,
    0x80, 0x0, 0x0, 0x0, 0x1d, 0xff, 0xff, 0xff,
    0xff, 0xff, 0xff, 0xff, 0xff, 0xff, 0xff, 0xff,
    0xff, 0x30, 0x0, 0x0, 0x1d, 0xff, 0xff, 0xff,
    0xff, 0xff, 0xff, 0xff, 0xff, 0xff, 0xff, 0xff,
    0xff, 0xf7, 0x0, 0x0, 0x1d, 0xff, 0xff, 0xff,
    0xff, 0xfa, 0xdf, 0xff, 0xff, 0xda, 0xff, 0xff,
    0xff, 0xff, 0x80, 0x0, 0x1d, 0xff, 0xff, 0xff,
    0xff, 0xf7, 0x1, 0xdf, 0xff, 0xd1, 0x8, 0xff,
    0xff, 0xff, 0xf8, 0x0, 0x1d, 0xff, 0xff, 0xff,
    0xff, 0xfd, 0x0, 0x1, 0xdf, 0xd1, 0x0, 0xd,
    0xff, 0xff, 0xff, 0x80, 0x1d, 0xff, 0xff, 0xff,
    0xff, 0xff, 0xf7, 0x0, 0x1, 0xb1, 0x0, 0x7,
    0xff, 0xff, 0xff, 0xf8, 0x1d, 0xff, 0xff, 0xff,
    0xff, 0xff, 0xff, 0xf7, 0x0, 0x0, 0x0, 0x7,
    0xff, 0xff, 0xff, 0xff, 0x8c, 0xff, 0xff, 0xff,
    0xff, 0xff, 0xff, 0xff, 0xf7, 0x0, 0x0, 0x7,
    0xff, 0xff, 0xff, 0xff, 0xf8, 0xff, 0xff, 0xff,
    0xff, 0xff, 0xff, 0xff, 0xff, 0xd0, 0x0, 0x0,
    0xdf, 0xff, 0xff, 0xff, 0xff, 0x86, 0xff, 0xff,
    0xff, 0xff, 0xff, 0xff, 0xff, 0xd1, 0x0, 0x0,
    0x1, 0xdf, 0xff, 0xff, 0xff, 0xf8, 0x7, 0xff,
    0xff, 0xff, 0xff, 0xff, 0xff, 0xd1, 0x0, 0x3,
    0x0, 0x1, 0xdf, 0xff, 0xff, 0xff, 0x80, 0x7,
    0xff, 0xff, 0xff, 0xff, 0xff, 0xe1, 0x0, 0x7,
    0xf7, 0x0, 0x1, 0xef, 0xff, 0xff, 0xf8, 0x0,
    0x7, 0xff, 0xff, 0xff, 0xff, 0xfe, 0x10, 0x7,
    0xff, 0xf7, 0x0, 0x2e, 0xff, 0xff, 0xff, 0x80,
    0x0, 0x7, 0xff, 0xff, 0xff, 0xff, 0xfd, 0x27,
    0xff, 0xff, 0xf7, 0x2e, 0xff, 0xff, 0xff, 0xf8,
    0x0, 0x0, 0x6, 0xff, 0xff, 0xff, 0xff, 0xff,
    0xff, 0xff, 0xff, 0xff, 0xff, 0xff, 0xff, 0xff,
    0x70, 0x0, 0x0, 0x6, 0xff, 0xff, 0xff, 0xff,
    0xff, 0xff, 0xff, 0xff, 0xff, 0xff, 0xff, 0xff,
    0xf5, 0x0, 0x0, 0x0, 0x6, 0xff, 0xff, 0xff,
    0xff, 0xff, 0xff, 0xff, 0xff, 0xff, 0xff, 0xff,
    0xfe, 0x0, 0x0, 0x0, 0x0, 0x4, 0xdf, 0xff,
    0xff, 0xff, 0xff, 0xff, 0xff, 0xff, 0xff, 0xff,
    0xfb, 0x20,

    /* U+F7C2 "" */
    0x0, 0x0, 0x1, 0xdf, 0xff, 0xff, 0xff, 0xff,
    0xd9, 0x0, 0x0, 0x0, 0x1d, 0xff, 0xff, 0xff,
    0xff, 0xff, 0xff, 0xb0, 0x0, 0x1, 0xdf, 0xff,
    0xff, 0xff, 0xff, 0xff, 0xff, 0xf2, 0x0, 0x1d,
    0xfc, 0x44, 0xfc, 0x44, 0xfc, 0x44, 0xff, 0xf5,
    0x1, 0xdf, 0xfb, 0x0, 0xeb, 0x0, 0xeb, 0x0,
    0xef, 0xf5, 0x1d, 0xff, 0xfb, 0x0, 0xeb, 0x0,
    0xeb, 0x0, 0xef, 0xf5, 0xdf, 0xff, 0xfb, 0x0,
    0xeb, 0x0, 0xeb, 0x0, 0xef, 0xf5, 0xff, 0xff,
    0xfb, 0x0, 0xeb, 0x0, 0xeb, 0x0, 0xef, 0xf5,
    0xff, 0xff, 0xff, 0xdd, 0xff, 0xdd, 0xff, 0xdd,
    0xff, 0xf5, 0xff, 0xff, 0xff, 0xff, 0xff, 0xff,
    0xff, 0xff, 0xff, 0xf5, 0xff, 0xff, 0xff, 0xff,
    0xff, 0xff, 0xff, 0xff, 0xff, 0xf5, 0xff, 0xff,
    0xff, 0xff, 0xff, 0xff, 0xff, 0xff, 0xff, 0xf5,
    0xff, 0xff, 0xff, 0xff, 0xff, 0xff, 0xff, 0xff,
    0xff, 0xf5, 0xff, 0xff, 0xff, 0xff, 0xff, 0xff,
    0xff, 0xff, 0xff, 0xf5, 0xff, 0xff, 0xff, 0xff,
    0xff, 0xff, 0xff, 0xff, 0xff, 0xf5, 0xff, 0xff,
    0xff, 0xff, 0xff, 0xff, 0xff, 0xff, 0xff, 0xf5,
    0xff, 0xff, 0xff, 0xff, 0xff, 0xff, 0xff, 0xff,
    0xff, 0xf5, 0xff, 0xff, 0xff, 0xff, 0xff, 0xff,
    0xff, 0xff, 0xff, 0xf5, 0xff, 0xff, 0xff, 0xff,
    0xff, 0xff, 0xff, 0xff, 0xff, 0xf5, 0xff, 0xff,
    0xff, 0xff, 0xff, 0xff, 0xff, 0xff, 0xff, 0xf5,
    0xff, 0xff, 0xff, 0xff, 0xff, 0xff, 0xff, 0xff,
    0xff, 0xf5, 0xff, 0xff, 0xff, 0xff, 0xff, 0xff,
    0xff, 0xff, 0xff, 0xf5, 0xff, 0xff, 0xff, 0xff,
    0xff, 0xff, 0xff, 0xff, 0xff, 0xf5, 0xdf, 0xff,
    0xff, 0xff, 0xff, 0xff, 0xff, 0xff, 0xff, 0xf3,
    0x7f, 0xff, 0xff, 0xff, 0xff, 0xff, 0xff, 0xff,
    0xff, 0xc0, 0x7, 0xef, 0xff, 0xff, 0xff, 0xff,
    0xff, 0xff, 0xfa, 0x10, 0x0, 0x0, 0x0, 0x0,
    0x0, 0x0, 0x0, 0x0, 0x0, 0x0,

    /* U+F8A2 "" */
    0x0, 0x0, 0x0, 0x0, 0x0, 0x0, 0x0, 0x0,
    0x0, 0x0, 0x0, 0x0, 0x0, 0x0, 0x0, 0x0,
    0x0, 0x0, 0x0, 0x0, 0x0, 0x0, 0x0, 0x0,
    0x0, 0x5, 0xf1, 0x0, 0x0, 0x0, 0x0, 0x0,
    0x0, 0x0, 0x0, 0x0, 0x0, 0x0, 0x5, 0xff,
    0x10, 0x0, 0x0, 0x0, 0x0, 0x0, 0x0, 0x0,
    0x0, 0x0, 0x0, 0x5, 0xff, 0xf1, 0x0, 0x0,
    0x1, 0xaa, 0x0, 0x0, 0x0, 0x0, 0x0, 0x0,
    0x0, 0xef, 0xff, 0x10, 0x0, 0x1, 0xdf, 0xf3,
    0x0, 0x0, 0x0, 0x0, 0x0, 0x0, 0xf, 0xff,
    0xf1, 0x0, 0x2, 0xdf, 0xff, 0x30, 0x0, 0x0,
    0x0, 0x0, 0x0, 0x0, 0xff, 0xff, 0x10, 0x2,
    0xef, 0xff, 0xf3, 0x0, 0x0, 0x0, 0x0, 0x0,
    0x0, 0xf, 0xff, 0xf1, 0x3, 0xef, 0xff, 0xff,
    0x86, 0x66, 0x66, 0x66, 0x66, 0x66, 0x66, 0xff,
    0xff, 0x14, 0xff, 0xff, 0xff, 0xff, 0xff, 0xff,
    0xff, 0xff, 0xff, 0xff, 0xff, 0xff, 0xf1, 0xdf,
    0xff, 0xff, 0xff, 0xff, 0xff, 0xff, 0xff, 0xff,
    0xff, 0xff, 0xff, 0xff, 0x17, 0xff, 0xff, 0xff,
    0xff, 0xff, 0xff, 0xff, 0xff, 0xff, 0xff, 0xff,
    0xff, 0xf1, 0x7, 0xff, 0xff, 0xff, 0xcb, 0xbb,
    0xbb, 0xbb, 0xbb, 0xbb, 0xbb, 0xbb, 0xa7, 0x0,
    0x6, 0xff, 0xff, 0xf3, 0x0, 0x0, 0x0, 0x0,
    0x0, 0x0, 0x0, 0x0, 0x0, 0x0, 0x5, 0xff,
    0xff, 0x30, 0x0, 0x0, 0x0, 0x0, 0x0, 0x0,
    0x0, 0x0, 0x0, 0x0, 0x4, 0xff, 0xf3, 0x0,
    0x0, 0x0, 0x0, 0x0, 0x0, 0x0, 0x0, 0x0,
    0x0, 0x0, 0x3, 0xee, 0x10, 0x0, 0x0, 0x0,
    0x0, 0x0, 0x0, 0x0, 0x0, 0x0, 0x0, 0x0,
    0x0, 0x0, 0x0, 0x0, 0x0, 0x0, 0x0, 0x0,
    0x0, 0x0, 0x0
};


/*---------------------
 *  GLYPH DESCRIPTION
 *--------------------*/

static const lv_font_fmt_txt_glyph_dsc_t glyph_dsc[] = {
    {.bitmap_index = 0, .adv_w = 0, .box_w = 0, .box_h = 0, .ofs_x = 0, .ofs_y = 0} /* id = 0 reserved */,
    {.bitmap_index = 0, .adv_w = 81, .box_w = 0, .box_h = 0, .ofs_x = 0, .ofs_y = 0},
    {.bitmap_index = 0, .adv_w = 114, .box_w = 5, .box_h = 19, .ofs_x = 1, .ofs_y = 0},
    {.bitmap_index = 48, .adv_w = 183, .box_w = 9, .box_h = 8, .ofs_x = 1, .ofs_y = 11},
    {.bitmap_index = 84, .adv_w = 271, .box_w = 15, .box_h = 19, .ofs_x = 1, .ofs_y = 0},
    {.bitmap_index = 227, .adv_w = 247, .box_w = 14, .box_h = 25, .ofs_x = 1, .ofs_y = -3},
    {.bitmap_index = 402, .adv_w = 279, .box_w = 17, .box_h = 19, .ofs_x = 0, .ofs_y = 0},
    {.bitmap_index = 564, .adv_w = 283, .box_w = 17, .box_h = 19, .ofs_x = 1, .ofs_y = 0},
    {.bitmap_index = 726, .adv_w = 102, .box_w = 4, .box_h = 8, .ofs_x = 1, .ofs_y = 11},
    {.bitmap_index = 742, .adv_w = 126, .box_w = 8, .box_h = 24, .ofs_x = 0, .ofs_y = -4},
    {.bitmap_index = 838, .adv_w = 126, .box_w = 7, .box_h = 24, .ofs_x = 0, .ofs_y = -4},
    {.bitmap_index = 922, .adv_w = 204, .box_w = 12, .box_h = 12, .ofs_x = 0, .ofs_y = 8},
    {.bitmap_index = 994, .adv_w = 231, .box_w = 13, .box_h = 13, .ofs_x = 1, .ofs_y = 2},
    {.bitmap_index = 1079, .adv_w = 116, .box_w = 5, .box_h = 9, .ofs_x = 1, .ofs_y = -4},
    {.bitmap_index = 1102, .adv_w = 192, .box_w = 10, .box_h = 4, .ofs_x = 1, .ofs_y = 5},
    {.bitmap_index = 1122, .adv_w = 123, .box_w = 5, .box_h = 5, .ofs_x = 1, .ofs_y = 0},
    {.bitmap_index = 1135, .adv_w = 163, .box_w = 11, .box_h = 21, .ofs_x = 0, .ofs_y = -1},
    {.bitmap_index = 1251, .adv_w = 275, .box_w = 17, .box_h = 19, .ofs_x = 0, .ofs_y = 0},
    {.bitmap_index = 1413, .adv_w = 153, .box_w = 8, .box_h = 19, .ofs_x = 0, .ofs_y = 0},
    {.bitmap_index = 1489, .adv_w = 230, .box_w = 14, .box_h = 19, .ofs_x = 0, .ofs_y = 0},
    {.bitmap_index = 1622, .adv_w = 229, .box_w = 14, .box_h = 19, .ofs_x = 0, .ofs_y = 0},
    {.bitmap_index = 1755, .adv_w = 251, .box_w = 16, .box_h = 19, .ofs_x = 0, .ofs_y = 0},
    {.bitmap_index = 1907, .adv_w = 230, .box_w = 14, .box_h = 19, .ofs_x = 0, .ofs_y = 0},
    {.bitmap_index = 2040, .adv_w = 236, .box_w = 15, .box_h = 19, .ofs_x = 0, .ofs_y = 0},
    {.bitmap_index = 2183, .adv_w = 218, .box_w = 14, .box_h = 19, .ofs_x = 0, .ofs_y = 0},
    {.bitmap_index = 2316, .adv_w = 231, .box_w = 14, .box_h = 19, .ofs_x = 0, .ofs_y = 0},
    {.bitmap_index = 2449, .adv_w = 236, .box_w = 14, .box_h = 19, .ofs_x = 0, .ofs_y = 0},
    {.bitmap_index = 2582, .adv_w = 117, .box_w = 5, .box_h = 13, .ofs_x = 1, .ofs_y = 0},
    {.bitmap_index = 2615, .adv_w = 114, .box_w = 5, .box_h = 17, .ofs_x = 1, .ofs_y = -4},
    {.bitmap_index = 2658, .adv_w = 231, .box_w = 13, .box_h = 14, .ofs_x = 1, .ofs_y = 2},
    {.bitmap_index = 2749, .adv_w = 231, .box_w = 13, .box_h = 9, .ofs_x = 1, .ofs_y = 4},
    {.bitmap_index = 2808, .adv_w = 231, .box_w = 13, .box_h = 14, .ofs_x = 1, .ofs_y = 2},
    {.bitmap_index = 2899, .adv_w = 209, .box_w = 13, .box_h = 19, .ofs_x = 0, .ofs_y = 0},
    {.bitmap_index = 3023, .adv_w = 311, .box_w = 18, .box_h = 18, .ofs_x = 1, .ofs_y = -3},
    {.bitmap_index = 3185, .adv_w = 297, .box_w = 19, .box_h = 19, .ofs_x = 0, .ofs_y = 0},
    {.bitmap_index = 3366, .adv_w = 262, .box_w = 15, .box_h = 19, .ofs_x = 1, .ofs_y = 0},
    {.bitmap_index = 3509, .adv_w = 285, .box_w = 18, .box_h = 19, .ofs_x = 0, .ofs_y = 0},
    {.bitmap_index = 3680, .adv_w = 311, .box_w = 18, .box_h = 19, .ofs_x = 1, .ofs_y = 0},
    {.bitmap_index = 3851, .adv_w = 250, .box_w = 14, .box_h = 19, .ofs_x = 1, .ofs_y = 0},
    {.bitmap_index = 3984, .adv_w = 240, .box_w = 14, .box_h = 19, .ofs_x = 1, .ofs_y = 0},
    {.bitmap_index = 4117, .adv_w = 324, .box_w = 20, .box_h = 19, .ofs_x = 0, .ofs_y = 0},
    {.bitmap_index = 4307, .adv_w = 300, .box_w = 16, .box_h = 19, .ofs_x = 1, .ofs_y = 0},
    {.bitmap_index = 4459, .adv_w = 116, .box_w = 5, .box_h = 19, .ofs_x = 1, .ofs_y = 0},
    {.bitmap_index = 4507, .adv_w = 213, .box_w = 12, .box_h = 19, .ofs_x = 0, .ofs_y = 0},
    {.bitmap_index = 4621, .adv_w = 286, .box_w = 17, .box_h = 19, .ofs_x = 1, .ofs_y = 0},
    {.bitmap_index = 4783, .adv_w = 231, .box_w = 13, .box_h = 19, .ofs_x = 1, .ofs_y = 0},
    {.bitmap_index = 4907, .adv_w = 354, .box_w = 20, .box_h = 19, .ofs_x = 1, .ofs_y = 0},
    {.bitmap_index = 5097, .adv_w = 302, .box_w = 17, .box_h = 19, .ofs_x = 1, .ofs_y = 0},
    {.bitmap_index = 5259, .adv_w = 333, .box_w = 20, .box_h = 19, .ofs_x = 0, .ofs_y = 0},
    {.bitmap_index = 5449, .adv_w = 256, .box_w = 15, .box_h = 19, .ofs_x = 1, .ofs_y = 0},
    {.bitmap_index = 5592, .adv_w = 341, .box_w = 21, .box_h = 21, .ofs_x = 0, .ofs_y = -2},
    {.bitmap_index = 5813, .adv_w = 266, .box_w = 16, .box_h = 19, .ofs_x = 1, .ofs_y = 0},
    {.bitmap_index = 5965, .adv_w = 237, .box_w = 14, .box_h = 19, .ofs_x = 0, .ofs_y = 0},
    {.bitmap_index = 6098, .adv_w = 262, .box_w = 16, .box_h = 19, .ofs_x = 0, .ofs_y = 0},
    {.bitmap_index = 6250, .adv_w = 290, .box_w = 16, .box_h = 19, .ofs_x = 1, .ofs_y = 0},
    {.bitmap_index = 6402, .adv_w = 293, .box_w = 18, .box_h = 19, .ofs_x = 0, .ofs_y = 0},
    {.bitmap_index = 6573, .adv_w = 413, .box_w = 26, .box_h = 19, .ofs_x = 0, .ofs_y = 0},
    {.bitmap_index = 6820, .adv_w = 294, .box_w = 18, .box_h = 19, .ofs_x = 0, .ofs_y = 0},
    {.bitmap_index = 6991, .adv_w = 282, .box_w = 18, .box_h = 19, .ofs_x = 0, .ofs_y = 0},
    {.bitmap_index = 7162, .adv_w = 249, .box_w = 15, .box_h = 19, .ofs_x = 0, .ofs_y = 0},
    {.bitmap_index = 7305, .adv_w = 144, .box_w = 8, .box_h = 22, .ofs_x = 1, .ofs_y = -3},
    {.bitmap_index = 7393, .adv_w = 163, .box_w = 11, .box_h = 21, .ofs_x = 0, .ofs_y = -1},
    {.bitmap_index = 7509, .adv_w = 144, .box_w = 8, .box_h = 22, .ofs_x = 0, .ofs_y = -3},
    {.bitmap_index = 7597, .adv_w = 191, .box_w = 10, .box_h = 7, .ofs_x = 1, .ofs_y = 12},
    {.bitmap_index = 7632, .adv_w = 205, .box_w = 13, .box_h = 3, .ofs_x = 0, .ofs_y = -4},
    {.bitmap_index = 7652, .adv_w = 128, .box_w = 6, .box_h = 6, .ofs_x = 1, .ofs_y = 14},
    {.bitmap_index = 7670, .adv_w = 245, .box_w = 14, .box_h = 13, .ofs_x = 0, .ofs_y = 0},
    {.bitmap_index = 7761, .adv_w = 245, .box_w = 14, .box_h = 19, .ofs_x = 1, .ofs_y = 0},
    {.bitmap_index = 7894, .adv_w = 205, .box_w = 13, .box_h = 13, .ofs_x = 0, .ofs_y = 0},
    {.bitmap_index = 7979, .adv_w = 245, .box_w = 14, .box_h = 19, .ofs_x = 0, .ofs_y = 0},
    {.bitmap_index = 8112, .adv_w = 225, .box_w = 14, .box_h = 13, .ofs_x = 0, .ofs_y = 0},
    {.bitmap_index = 8203, .adv_w = 174, .box_w = 13, .box_h = 19, .ofs_x = 0, .ofs_y = 0},
    {.bitmap_index = 8327, .adv_w = 241, .box_w = 14, .box_h = 18, .ofs_x = 0, .ofs_y = -5},
    {.bitmap_index = 8453, .adv_w = 234, .box_w = 13, .box_h = 19, .ofs_x = 1, .ofs_y = 0},
    {.bitmap_index = 8577, .adv_w = 103, .box_w = 5, .box_h = 19, .ofs_x = 1, .ofs_y = 0},
    {.bitmap_index = 8625, .adv_w = 107, .box_w = 10, .box_h = 24, .ofs_x = -4, .ofs_y = -5},
    {.bitmap_index = 8745, .adv_w = 220, .box_w = 13, .box_h = 19, .ofs_x = 1, .ofs_y = 0},
    {.bitmap_index = 8869, .adv_w = 103, .box_w = 4, .box_h = 19, .ofs_x = 1, .ofs_y = 0},
    {.bitmap_index = 8907, .adv_w = 361, .box_w = 21, .box_h = 13, .ofs_x = 1, .ofs_y = 0},
    {.bitmap_index = 9044, .adv_w = 234, .box_w = 13, .box_h = 13, .ofs_x = 1, .ofs_y = 0},
    {.bitmap_index = 9129, .adv_w = 237, .box_w = 15, .box_h = 13, .ofs_x = 0, .ofs_y = 0},
    {.bitmap_index = 9227, .adv_w = 245, .box_w = 14, .box_h = 18, .ofs_x = 1, .ofs_y = -5},
    {.bitmap_index = 9353, .adv_w = 245, .box_w = 14, .box_h = 18, .ofs_x = 0, .ofs_y = -5},
    {.bitmap_index = 9479, .adv_w = 181, .box_w = 11, .box_h = 13, .ofs_x = 1, .ofs_y = 0},
    {.bitmap_index = 9551, .adv_w = 185, .box_w = 11, .box_h = 13, .ofs_x = 0, .ofs_y = 0},
    {.bitmap_index = 9623, .adv_w = 162, .box_w = 10, .box_h = 18, .ofs_x = 0, .ofs_y = 0},
    {.bitmap_index = 9713, .adv_w = 220, .box_w = 12, .box_h = 13, .ofs_x = 1, .ofs_y = 0},
    {.bitmap_index = 9791, .adv_w = 218, .box_w = 14, .box_h = 13, .ofs_x = 0, .ofs_y = 0},
    {.bitmap_index = 9882, .adv_w = 320, .box_w = 20, .box_h = 13, .ofs_x = 0, .ofs_y = 0},
    {.bitmap_index = 10012, .adv_w = 218, .box_w = 14, .box_h = 13, .ofs_x = 0, .ofs_y = 0},
    {.bitmap_index = 10103, .adv_w = 219, .box_w = 14, .box_h = 18, .ofs_x = 0, .ofs_y = -5},
    {.bitmap_index = 10229, .adv_w = 194, .box_w = 12, .box_h = 13, .ofs_x = 0, .ofs_y = 0},
    {.bitmap_index = 10307, .adv_w = 139, .box_w = 8, .box_h = 22, .ofs_x = 0, .ofs_y = -3},
    {.bitmap_index = 10395, .adv_w = 121, .box_w = 4, .box_h = 24, .ofs_x = 2, .ofs_y = -3},
    {.bitmap_index = 10443, .adv_w = 139, .box_w = 9, .box_h = 22, .ofs_x = 0, .ofs_y = -3},
    {.bitmap_index = 10542, .adv_w = 231, .box_w = 13, .box_h = 5, .ofs_x = 1, .ofs_y = 7},
    {.bitmap_index = 10575, .adv_w = 164, .box_w = 10, .box_h = 9, .ofs_x = 0, .ofs_y = 10},
    {.bitmap_index = 10620, .adv_w = 68, .box_w = 5, .box_h = 5, .ofs_x = 0, .ofs_y = 8},
    {.bitmap_index = 10633, .adv_w = 233, .box_w = 13, .box_h = 3, .ofs_x = 1, .ofs_y = 5},
    {.bitmap_index = 10653, .adv_w = 359, .box_w = 20, .box_h = 3, .ofs_x = 1, .ofs_y = 5},
    {.bitmap_index = 10683, .adv_w = 106, .box_w = 6, .box_h = 9, .ofs_x = 0, .ofs_y = 11},
    {.bitmap_index = 10710, .adv_w = 107, .box_w = 5, .box_h = 9, .ofs_x = 1, .ofs_y = 10},
    {.bitmap_index = 10733, .adv_w = 196, .box_w = 12, .box_h = 9, .ofs_x = 0, .ofs_y = 11},
    {.bitmap_index = 10787, .adv_w = 196, .box_w = 11, .box_h = 9, .ofs_x = 1, .ofs_y = 10},
    {.bitmap_index = 10837, .adv_w = 144, .box_w = 7, .box_h = 6, .ofs_x = 1, .ofs_y = 7},
    {.bitmap_index = 10858, .adv_w = 335, .box_w = 19, .box_h = 5, .ofs_x = 1, .ofs_y = 0},
    {.bitmap_index = 10906, .adv_w = 416, .box_w = 14, .box_h = 16, .ofs_x = 6, .ofs_y = 5},
    {.bitmap_index = 11018, .adv_w = 416, .box_w = 12, .box_h = 15, .ofs_x = 8, .ofs_y = 6},
    {.bitmap_index = 11108, .adv_w = 416, .box_w = 21, .box_h = 16, .ofs_x = 3, .ofs_y = 4},
    {.bitmap_index = 11276, .adv_w = 416, .box_w = 18, .box_h = 18, .ofs_x = 4, .ofs_y = 4},
    {.bitmap_index = 11438, .adv_w = 416, .box_w = 14, .box_h = 14, .ofs_x = 6, .ofs_y = 6},
    {.bitmap_index = 11536, .adv_w = 416, .box_w = 14, .box_h = 14, .ofs_x = 6, .ofs_y = 6},
    {.bitmap_index = 11634, .adv_w = 416, .box_w = 17, .box_h = 16, .ofs_x = 4, .ofs_y = 4},
    {.bitmap_index = 11770, .adv_w = 416, .box_w = 18, .box_h = 22, .ofs_x = 4, .ofs_y = 2},
    {.bitmap_index = 11968, .adv_w = 416, .box_w = 16, .box_h = 16, .ofs_x = 5, .ofs_y = 5},
    {.bitmap_index = 12096, .adv_w = 416, .box_w = 26, .box_h = 19, .ofs_x = 0, .ofs_y = 3},
    {.bitmap_index = 12343, .adv_w = 416, .box_w = 22, .box_h = 22, .ofs_x = 2, .ofs_y = 2},
    {.bitmap_index = 12585, .adv_w = 416, .box_w = 13, .box_h = 22, .ofs_x = 6, .ofs_y = 2},
    {.bitmap_index = 12728, .adv_w = 416, .box_w = 22, .box_h = 22, .ofs_x = 2, .ofs_y = 2},
    {.bitmap_index = 12970, .adv_w = 416, .box_w = 24, .box_h = 24, .ofs_x = 1, .ofs_y = 1},
    {.bitmap_index = 13258, .adv_w = 416, .box_w = 14, .box_h = 20, .ofs_x = 6, .ofs_y = 3},
    {.bitmap_index = 13398, .adv_w = 416, .box_w = 20, .box_h = 20, .ofs_x = 3, .ofs_y = 3},
    {.bitmap_index = 13598, .adv_w = 416, .box_w = 24, .box_h = 24, .ofs_x = 1, .ofs_y = 1},
    {.bitmap_index = 13886, .adv_w = 416, .box_w = 19, .box_h = 15, .ofs_x = 4, .ofs_y = 5},
    {.bitmap_index = 14029, .adv_w = 416, .box_w = 16, .box_h = 16, .ofs_x = 5, .ofs_y = 5},
    {.bitmap_index = 14157, .adv_w = 416, .box_w = 14, .box_h = 9, .ofs_x = 6, .ofs_y = 8},
    {.bitmap_index = 14220, .adv_w = 416, .box_w = 19, .box_h = 18, .ofs_x = 3, .ofs_y = 4},
    {.bitmap_index = 14391, .adv_w = 416, .box_w = 24, .box_h = 19, .ofs_x = 1, .ofs_y = 4},
    {.bitmap_index = 14619, .adv_w = 416, .box_w = 22, .box_h = 22, .ofs_x = 2, .ofs_y = 2},
    {.bitmap_index = 14861, .adv_w = 416, .box_w = 16, .box_h = 20, .ofs_x = 5, .ofs_y = 3},
    {.bitmap_index = 15021, .adv_w = 416, .box_w = 22, .box_h = 19, .ofs_x = 2, .ofs_y = 4},
    {.bitmap_index = 15230, .adv_w = 416, .box_w = 20, .box_h = 21, .ofs_x = 3, .ofs_y = 2},
    {.bitmap_index = 15440, .adv_w = 416, .box_w = 20, .box_h = 20, .ofs_x = 2, .ofs_y = 4},
    {.bitmap_index = 15640, .adv_w = 416, .box_w = 26, .box_h = 19, .ofs_x = 0, .ofs_y = 3},
    {.bitmap_index = 15887, .adv_w = 416, .box_w = 26, .box_h = 19, .ofs_x = 0, .ofs_y = 3},
    {.bitmap_index = 16134, .adv_w = 416, .box_w = 26, .box_h = 19, .ofs_x = 0, .ofs_y = 3},
    {.bitmap_index = 16381, .adv_w = 416, .box_w = 22, .box_h = 22, .ofs_x = 2, .ofs_y = 2},
    {.bitmap_index = 16623, .adv_w = 416, .box_w = 27, .box_h = 28, .ofs_x = 0, .ofs_y = -4},
    {.bitmap_index = 17001, .adv_w = 416, .box_w = 26, .box_h = 20, .ofs_x = 0, .ofs_y = 0},
    {.bitmap_index = 17261, .adv_w = 416, .box_w = 26, .box_h = 24, .ofs_x = 0, .ofs_y = -2},
    {.bitmap_index = 17573, .adv_w = 416, .box_w = 26, .box_h = 20, .ofs_x = 0, .ofs_y = 0},
    {.bitmap_index = 17833, .adv_w = 286, .box_w = 18, .box_h = 19, .ofs_x = 0, .ofs_y = 0},
    {.bitmap_index = 18004, .adv_w = 416, .box_w = 26, .box_h = 26, .ofs_x = 0, .ofs_y = -3},
    {.bitmap_index = 18342, .adv_w = 416, .box_w = 26, .box_h = 27, .ofs_x = 0, .ofs_y = -4},
    {.bitmap_index = 18693, .adv_w = 468, .box_w = 30, .box_h = 24, .ofs_x = 0, .ofs_y = -2},
    {.bitmap_index = 19053, .adv_w = 416, .box_w = 26, .box_h = 27, .ofs_x = 0, .ofs_y = -4},
    {.bitmap_index = 19404, .adv_w = 468, .box_w = 30, .box_h = 20, .ofs_x = 0, .ofs_y = 0},
    {.bitmap_index = 19704, .adv_w = 416, .box_w = 26, .box_h = 27, .ofs_x = 0, .ofs_y = -4},
    {.bitmap_index = 20055, .adv_w = 208, .box_w = 13, .box_h = 21, .ofs_x = 0, .ofs_y = -1},
    {.bitmap_index = 20192, .adv_w = 312, .box_w = 20, .box_h = 21, .ofs_x = 0, .ofs_y = -1},
    {.bitmap_index = 20402, .adv_w = 468, .box_w = 30, .box_h = 26, .ofs_x = 0, .ofs_y = -3},
    {.bitmap_index = 20792, .adv_w = 416, .box_w = 26, .box_h = 20, .ofs_x = 0, .ofs_y = 0},
    {.bitmap_index = 21052, .adv_w = 286, .box_w = 18, .box_h = 27, .ofs_x = 0, .ofs_y = -4},
    {.bitmap_index = 21295, .adv_w = 364, .box_w = 17, .box_h = 25, .ofs_x = 3, .ofs_y = -3},
    {.bitmap_index = 21508, .adv_w = 364, .box_w = 23, .box_h = 28, .ofs_x = 0, .ofs_y = -4},
    {.bitmap_index = 21830, .adv_w = 364, .box_w = 23, .box_h = 24, .ofs_x = 0, .ofs_y = -2},
    {.bitmap_index = 22106, .adv_w = 364, .box_w = 23, .box_h = 24, .ofs_x = 0, .ofs_y = -2},
    {.bitmap_index = 22382, .adv_w = 364, .box_w = 17, .box_h = 25, .ofs_x = 3, .ofs_y = -3},
    {.bitmap_index = 22595, .adv_w = 364, .box_w = 25, .box_h = 24, .ofs_x = -1, .ofs_y = -2},
    {.bitmap_index = 22895, .adv_w = 260, .box_w = 14, .box_h = 23, .ofs_x = 1, .ofs_y = -2},
    {.bitmap_index = 23056, .adv_w = 260, .box_w = 14, .box_h = 23, .ofs_x = 1, .ofs_y = -2},
    {.bitmap_index = 23217, .adv_w = 364, .box_w = 23, .box_h = 24, .ofs_x = 0, .ofs_y = -2},
    {.bitmap_index = 23493, .adv_w = 364, .box_w = 23, .box_h = 6, .ofs_x = 0, .ofs_y = 7},
    {.bitmap_index = 23562, .adv_w = 468, .box_w = 30, .box_h = 20, .ofs_x = 0, .ofs_y = 0},
    {.bitmap_index = 23862, .adv_w = 520, .box_w = 33, .box_h = 27, .ofs_x = 0, .ofs_y = -4},
    {.bitmap_index = 24308, .adv_w = 468, .box_w = 31, .box_h = 27, .ofs_x = -1, .ofs_y = -4},
    {.bitmap_index = 24727, .adv_w = 416, .box_w = 26, .box_h = 24, .ofs_x = 0, .ofs_y = -2},
    {.bitmap_index = 25039, .adv_w = 364, .box_w = 23, .box_h = 14, .ofs_x = 0, .ofs_y = 3},
    {.bitmap_index = 25200, .adv_w = 364, .box_w = 23, .box_h = 14, .ofs_x = 0, .ofs_y = 3},
    {.bitmap_index = 25361, .adv_w = 520, .box_w = 33, .box_h = 21, .ofs_x = 0, .ofs_y = -1},
    {.bitmap_index = 25708, .adv_w = 416, .box_w = 26, .box_h = 20, .ofs_x = 0, .ofs_y = 0},
    {.bitmap_index = 25968, .adv_w = 416, .box_w = 26, .box_h = 27, .ofs_x = 0, .ofs_y = -4},
    {.bitmap_index = 26319, .adv_w = 416, .box_w = 27, .box_h = 27, .ofs_x = -1, .ofs_y = -4},
    {.bitmap_index = 26684, .adv_w = 416, .box_w = 26, .box_h = 19, .ofs_x = 0, .ofs_y = 3},
    {.bitmap_index = 26931, .adv_w = 364, .box_w = 24, .box_h = 24, .ofs_x = 0, .ofs_y = -2},
    {.bitmap_index = 27219, .adv_w = 364, .box_w = 23, .box_h = 27, .ofs_x = 0, .ofs_y = -4},
    {.bitmap_index = 27530, .adv_w = 364, .box_w = 23, .box_h = 24, .ofs_x = 0, .ofs_y = -2},
    {.bitmap_index = 27806, .adv_w = 364, .box_w = 23, .box_h = 21, .ofs_x = 0, .ofs_y = -1},
    {.bitmap_index = 28048, .adv_w = 416, .box_w = 26, .box_h = 20, .ofs_x = 0, .ofs_y = 0},
    {.bitmap_index = 28308, .adv_w = 260, .box_w = 18, .box_h = 27, .ofs_x = -1, .ofs_y = -4},
    {.bitmap_index = 28551, .adv_w = 364, .box_w = 23, .box_h = 27, .ofs_x = 0, .ofs_y = -4},
    {.bitmap_index = 28862, .adv_w = 364, .box_w = 23, .box_h = 27, .ofs_x = 0, .ofs_y = -4},
    {.bitmap_index = 29173, .adv_w = 468, .box_w = 30, .box_h = 20, .ofs_x = 0, .ofs_y = 0},
    {.bitmap_index = 29473, .adv_w = 416, .box_w = 28, .box_h = 28, .ofs_x = -1, .ofs_y = -4},
    {.bitmap_index = 29865, .adv_w = 312, .box_w = 20, .box_h = 27, .ofs_x = 0, .ofs_y = -4},
    {.bitmap_index = 30135, .adv_w = 520, .box_w = 33, .box_h = 24, .ofs_x = 0, .ofs_y = -2},
    {.bitmap_index = 30531, .adv_w = 520, .box_w = 33, .box_h = 17, .ofs_x = 0, .ofs_y = 1},
    {.bitmap_index = 30812, .adv_w = 520, .box_w = 33, .box_h = 17, .ofs_x = 0, .ofs_y = 1},
    {.bitmap_index = 31093, .adv_w = 520, .box_w = 33, .box_h = 17, .ofs_x = 0, .ofs_y = 1},
    {.bitmap_index = 31374, .adv_w = 520, .box_w = 33, .box_h = 17, .ofs_x = 0, .ofs_y = 1},
    {.bitmap_index = 31655, .adv_w = 520, .box_w = 33, .box_h = 17, .ofs_x = 0, .ofs_y = 1},
    {.bitmap_index = 31936, .adv_w = 520, .box_w = 33, .box_h = 21, .ofs_x = 0, .ofs_y = -1},
    {.bitmap_index = 32283, .adv_w = 364, .box_w = 21, .box_h = 27, .ofs_x = 1, .ofs_y = -4},
    {.bitmap_index = 32567, .adv_w = 364, .box_w = 23, .box_h = 27, .ofs_x = 0, .ofs_y = -4},
    {.bitmap_index = 32878, .adv_w = 416, .box_w = 27, .box_h = 27, .ofs_x = -1, .ofs_y = -4},
    {.bitmap_index = 33243, .adv_w = 520, .box_w = 33, .box_h = 20, .ofs_x = 0, .ofs_y = 0},
    {.bitmap_index = 33573, .adv_w = 312, .box_w = 20, .box_h = 27, .ofs_x = 0, .ofs_y = -4},
    {.bitmap_index = 33843, .adv_w = 418, .box_w = 27, .box_h = 18, .ofs_x = 0, .ofs_y = 1}
};

/*---------------------
 *  CHARACTER MAPPING
 *--------------------*/

static const uint16_t unicode_list_1[] = {
    0x0, 0x7, 0x1f63, 0x1f64, 0x1f68, 0x1f69, 0x1f6c, 0x1f6d,
    0x1f72, 0x1f76, 0xdf84, 0xdf87, 0xdf8d, 0xdf93, 0xdf94, 0xdf97,
    0xdfaf, 0xe040, 0xe095, 0xe10a, 0xe114, 0xe23a, 0xe2ee, 0xe2fb,
    0xe355, 0xe379, 0xe468, 0xe51a, 0xe51d, 0xe51f, 0xe525, 0xe58e,
    0xe786, 0xe7c2, 0xe7da, 0xe7fc, 0xe806, 0xeb26, 0xeb31, 0xeb34,
    0xee9a, 0xef51, 0xef58, 0xef5b, 0xef5c, 0xef5d, 0xef61, 0xef63,
    0xef65, 0xef69, 0xef6c, 0xef71, 0xef76, 0xef77, 0xef78, 0xef8e,
    0xef93, 0xef98, 0xef9b, 0xef9c, 0xef9d, 0xefa1, 0xefa2, 0xefa3,
    0xefa4, 0xefb7, 0xefb8, 0xefbe, 0xefc0, 0xefc1, 0xefc4, 0xefc7,
    0xefc8, 0xefc9, 0xefcb, 0xefe3, 0xefe5, 0xf000, 0xf014, 0xf015,
    0xf017, 0xf019, 0xf030, 0xf037, 0xf03a, 0xf043, 0xf06c, 0xf074,
    0xf0ab, 0xf13b, 0xf190, 0xf191, 0xf192, 0xf193, 0xf194, 0xf1d7,
    0xf1e3, 0xf23d, 0xf254, 0xf4aa, 0xf712, 0xf7f2
};

/*Collect the unicode lists and glyph_id offsets*/
static const lv_font_fmt_txt_cmap_t cmaps[] =
{
    {
        .range_start = 32, .range_length = 95, .glyph_id_start = 1,
        .unicode_list = NULL, .glyph_id_ofs_list = NULL, .list_length = 0, .type = LV_FONT_FMT_TXT_CMAP_FORMAT0_TINY
    },
    {
        .range_start = 176, .range_length = 63475, .glyph_id_start = 96,
        .unicode_list = unicode_list_1, .glyph_id_ofs_list = NULL, .list_length = 102, .type = LV_FONT_FMT_TXT_CMAP_SPARSE_TINY
    }
};

/*-----------------
 *    KERNING
 *----------------*/


/*Map glyph_ids to kern left classes*/
static const uint8_t kern_left_class_mapping[] =
{
    0, 1, 0, 2, 0, 3, 0, 4,
    2, 5, 0, 0, 0, 6, 7, 6,
    8, 9, 0, 10, 11, 12, 13, 14,
    15, 16, 17, 0, 0, 0, 0, 0,
    0, 18, 19, 20, 21, 0, 22, 23,
    24, 25, 25, 26, 27, 28, 25, 25,
    29, 30, 31, 32, 33, 34, 26, 35,
    36, 37, 38, 39, 40, 0, 0, 0,
    0, 0, 0, 18, 41, 0, 42, 43,
    44, 45, 46, 47, 48, 0, 45, 45,
    18, 18, 49, 50, 51, 52, 53, 54,
    55, 56, 57, 58, 59, 25, 0, 0,
    0, 0, 0, 0, 60, 61, 60, 61,
    0, 0, 0, 0, 0, 0, 0, 0,
    0, 0, 0, 0, 0, 0, 0, 0,
    0, 0, 0, 0, 0, 0, 0, 0,
    0, 0, 0, 0, 0, 0, 0, 0,
    0, 0, 0, 0, 0, 0, 0, 0,
    0, 0, 0, 0, 0, 0, 0, 0,
    0, 0, 0, 0, 0, 0, 0, 0,
    0, 0, 0, 0, 0, 0, 0, 0,
    0, 0, 0, 0, 0, 0, 0, 0,
    0, 0, 0, 0, 0, 0, 0, 0,
    0, 0, 0, 0, 0, 0, 0, 0,
    0, 0, 0, 0, 0, 0
};

/*Map glyph_ids to kern right classes*/
static const uint8_t kern_right_class_mapping[] =
{
    0, 1, 0, 2, 0, 0, 0, 3,
    2, 0, 4, 5, 0, 6, 7, 6,
    8, 9, 10, 11, 12, 13, 14, 15,
    16, 17, 18, 19, 19, 0, 0, 0,
    20, 21, 22, 23, 24, 23, 23, 23,
    24, 23, 23, 25, 23, 23, 23, 23,
    24, 23, 24, 23, 26, 27, 28, 29,
    30, 31, 32, 33, 0, 0, 34, 0,
    0, 0, 21, 35, 21, 21, 21, 36,
    21, 37, 38, 39, 37, 37, 40, 40,
    41, 40, 21, 40, 42, 36, 43, 44,
    45, 46, 47, 48, 0, 23, 49, 0,
    0, 0, 0, 0, 0, 50, 0, 50,
    0, 0, 0, 0, 0, 0, 0, 0,
    0, 0, 0, 0, 0, 0, 0, 0,
    0, 0, 0, 0, 0, 0, 0, 0,
    0, 0, 0, 0, 0, 0, 0, 0,
    0, 0, 0, 0, 0, 0, 0, 0,
    0, 0, 0, 0, 0, 0, 0, 0,
    0, 0, 0, 0, 0, 0, 0, 0,
    0, 0, 0, 0, 0, 0, 0, 0,
    0, 0, 0, 0, 0, 0, 0, 0,
    0, 0, 0, 0, 0, 0, 0, 0,
    0, 0, 0, 0, 0, 0, 0, 0,
    0, 0, 0, 0, 0, 0
};

/*Kern values between classes*/
static const int8_t kern_class_values[] =
{
    0, 0, 0, 0, 0, 0, 0, 0,
    0, 0, 0, 0, 0, 0, 0, 0,
    0, 0, 0, 0, 0, -12, 0, 0,
    -12, 0, -7, 0, 0, 0, 0, -12,
    0, 0, 0, 0, 0, 0, 0, 0,
    0, 0, 0, 0, 0, 0, 0, 0,
    0, 0, 0, 0, 0, 0, 0, 0,
    0, 0, -13, 0, 0, 0, -26, 0,
    -20, 12, -8, 0, 0, 0, -25, -49,
    0, -13, -45, -12, 12, 0, 0, 0,
    0, 0, 0, 0, 0, 5, 0, 0,
    0, -6, -25, -16, -4, 0, 0, 0,
    0, 0, 0, 0, 0, 0, 0, 0,
    0, 0, 0, 0, 0, 0, 0, 0,
    0, 0, 0, -7, 0, 0, 0, 0,
    0, 0, 0, 0, 0, 0, 0, 0,
    0, 0, 0, 0, 0, 0, 0, 0,
    0, 0, 0, 0, 0, 0, 0, 0,
    0, 0, 0, 0, 0, 0, -16, 0,
    0, 0, 0, 0, 0, 0, 0, 0,
    0, 0, 0, 0, 0, 0, 0, 0,
    0, 0, -8, -37, -14, -31, 0, -10,
    -39, -17, -34, -30, -28, -40, -22, 0,
    0, -15, 0, 0, 0, 0, -8, -8,
    -7, -23, -14, 0, -23, 0, 0, 0,
    0, 0, 0, 0, 0, 0, 0, 0,
    0, 0, 0, 0, 0, 0, 0, 0,
    0, 0, 0, 0, 0, 0, 0, -5,
    -7, 0, 0, 0, 0, 0, 0, 0,
    0, 0, 0, 0, 0, 0, 41, 0,
    0, 0, 0, -15, -12, 0, -15, 0,
    0, 0, 0, 0, 0, 0, -28, 0,
    0, 0, -9, -31, 0, 0, -10, 0,
    -9, -22, 0, -19, 0, 0, -6, 0,
    0, -14, 0, 0, -25, 0, -30, -21,
    0, -44, 0, 0, 0, -13, 0, 0,
    15, 0, -6, 0, 0, -20, -12, 0,
    -20, 0, 0, -35, 0, 0, 0, 0,
    0, 0, 0, 0, 0, -20, -9, -20,
    0, 0, 0, -29, 0, 0, 0, 0,
    8, -13, 0, 7, -20, -10, -28, 0,
    -26, -20, -22, -33, -9, 0, 0, -6,
    0, 0, 0, 0, 8, 0, 0, -9,
    0, -10, -9, -7, 0, 0, 0, 0,
    0, 0, 0, 0, 0, 0, 0, 0,
    0, 0, 0, 0, 0, 0, 0, 0,
    0, 0, -18, -24, 7, -9, -32, 0,
    0, 0, 0, 0, 0, 0, 0, 0,
    0, -5, 0, 0, 0, -14, -18, -17,
    -10, -12, -12, 0, -12, -12, 0, 0,
    0, -13, 0, 0, 0, -9, 0, 0,
    0, 0, 0, 0, 0, 0, 0, -13,
    0, 0, 0, 0, 0, 0, 0, 0,
    0, 0, 0, 0, 0, 0, 0, 0,
    0, 0, 0, 0, 0, 0, 0, 0,
    0, 0, 0, 0, 0, 0, 0, 0,
    0, 0, 0, 0, 0, 0, 0, 0,
    -10, 0, 0, 0, 0, 0, 0, 0,
    0, -7, 0, 0, 0, 0, 0, 0,
    0, 0, 0, 0, 0, 0, 0, 0,
    0, 0, 0, 0, 0, 0, 0, 0,
    0, 0, 0, 0, 0, 0, 0, 0,
    0, 0, 0, 0, 0, 0, 0, 0,
    0, -10, 0, 0, 0, 0, 0, 0,
    0, 0, 0, -7, 0, 0, 0, 0,
    0, 0, 0, 0, 0, 0, 0, 0,
    0, 0, 0, 0, 0, 0, 0, 0,
    0, 0, 0, 0, 0, 0, 0, 0,
    0, 0, 0, 0, 0, 0, 0, -23,
    0, 0, 0, -13, 0, 0, 0, -14,
    -5, 0, -5, -5, 0, -18, 0, -9,
    0, 0, 0, 0, 0, 0, 0, 0,
    0, 0, 0, 0, 0, 0, 0, 0,
    0, 0, 0, 0, 0, 0, 0, 0,
    0, 0, 0, 0, 0, 0, 0, 0,
    0, 0, 0, 0, 0, -9, 0, 0,
    0, 0, 0, 0, 0, 0, 0, -11,
    0, 0, 0, 0, 0, 0, 0, 0,
    0, 0, 0, 0, 0, 0, 0, 0,
    0, 0, 0, 0, 0, 0, 0, 0,
    0, 0, 0, 0, 0, 0, 0, 0,
    0, 0, 0, -20, 0, 0, 0, 0,
    0, 0, 0, -7, 0, -5, 0, 0,
    0, -10, 0, -6, 0, 0, 0, 0,
    0, 0, 0, 0, 0, 0, 0, 0,
    0, 0, 0, 0, 0, 0, 0, 0,
    0, 0, 0, 0, 0, 0, 0, 0,
    0, 0, 0, 0, 0, 11, 0, 0,
    0, -26, -18, 0, -6, 0, -2, -6,
    -14, 0, -12, -5, -6, -5, 0, 0,
    0, 0, 0, 0, 0, 0, 0, 0,
    0, 0, 0, 0, 0, 0, 0, 0,
    0, 0, 0, 0, 0, 0, 0, 0,
    0, 0, 0, 0, 0, 0, 0, -8,
    0, 0, 0, 0, 0, 0, 0, -6,
    -2, -6, 0, 0, 0, -8, 0, -3,
    0, 0, 0, 0, 0, 0, 0, 0,
    0, 0, 0, 0, 0, 0, 0, 0,
    0, 0, 0, 0, 0, 0, 0, 0,
    0, 0, 0, 0, 0, 0, 0, 0,
    0, 0, 0, 0, 0, -26, 0, 0,
    0, -2, -2, -2, -6, 0, -10, -10,
    -5, 0, 0, 0, 0, 0, 0, 0,
    0, 0, 0, 0, 0, 0, 0, 0,
    0, 0, 0, 0, 0, 0, 0, 0,
    0, 0, 0, 0, 0, 0, 0, 0,
    0, 0, 0, -25, 0, 0, 0, -6,
    8, 0, 0, 0, 0, 0, 0, 0,
    0, 0, 0, 0, 0, 0, 0, 0,
    0, 0, 0, 0, 0, 0, 0, 0,
    0, 0, 0, 0, 0, -5, 0, 0,
    0, 0, 0, 0, 0, -6, -5, -5,
    -6, -7, 0, -20, -12, -49, 0, 0,
    -52, 0, -13, 0, 0, 0, 0, 0,
    0, 0, 0, 0, 0, 0, -6, -22,
    -11, -16, -3, -20, -7, -9, -38, -7,
    -38, -34, -16, -41, -7, 0, 0, -16,
    0, 0, -3, 0, -11, 0, -7, -28,
    -23, -17, -22, 0, 0, -43, 0, 0,
    0, 0, 0, 0, 0, 0, 0, 0,
    0, 0, 0, 0, 0, 0, 0, 0,
    0, 0, 0, 0, 0, 0, -16, -6,
    -7, 0, -6, -3, -9, -12, 0, 0,
    0, 0, 0, 0, 0, 0, 0, 0,
    0, 0, 0, 0, 0, 0, 0, 0,
    0, 0, 0, 0, 0, 0, -7, 0,
    0, 0, 0, 0, 0, 0, 0, 0,
    0, 0, 0, 0, -5, -7, 0, -12,
    -20, -5, -5, 0, 0, 0, 0, -12,
    0, 0, 0, -9, 0, 0, 0, 0,
    -5, 0, 0, -14, -14, -7, -14, 0,
    12, 2, 0, 0, 0, 10, 0, 0,
    -12, 0, 0, 0, 0, 0, 0, 0,
    0, 0, 0, 0, 0, 0, -2, 0,
    0, -5, -13, -7, -9, 0, -6, 0,
    0, -6, 0, 11, 0, 0, 0, 0,
    0, 0, -2, 0, 0, 0, 0, 0,
    0, 0, 11, 0, -4, 0, -5, 12,
    0, -21, -7, -17, 0, 0, 0, 0,
    0, 0, 0, 0, 0, 0, 0, 0,
    -7, -24, 0, -4, -57, -7, -9, 0,
    0, 0, -10, 0, -4, 11, 0, 0,
    0, 0, 0, 0, -7, -7, 0, -5,
    -2, -9, -5, -7, 11, 7, 0, -12,
    0, 0, 0, -17, 0, 0, 0, 0,
    0, 0, 0, 0, 0, 0, 0, 0,
    0, 0, 0, -13, 0, 4, -14, -6,
    -10, 0, -10, -7, -10, -17, 0, 0,
    0, 0, 0, 0, 0, 0, 0, 0,
    0, 0, 0, 0, 0, 0, 6, -1,
    0, 0, 0, 0, 0, 0, 0, 7,
    0, 0, 0, 0, 0, 0, 0, 0,
    0, 0, 0, 0, 0, 0, 0, 0,
    0, -6, 0, 0, 0, 0, 0, 0,
    0, 0, 0, 0, 0, 0, 0, 0,
    0, 0, 0, 0, 0, -5, 0, 0,
    0, 0, 0, 0, 0, 0, 0, 0,
    0, -6, 0, 0, 0, 0, 0, 0,
    0, 0, 0, 0, 0, 0, 0, -10,
    0, 0, -18, -3, -3, 0, 0, 0,
    -7, -5, 0, 0, 0, 0, 0, 0,
    0, 0, 0, 0, 0, 0, 0, 0,
    0, 0, 0, 0, -12, 0, 0, 0,
    -15, 0, -28, 0, 0, 0, 0, 0,
    0, 0, 0, 0, 0, 0, -5, 0,
    -19, -16, -7, -25, -11, -19, -27, -13,
    -23, -16, -27, -23, -16, 0, 0, -19,
    0, 0, 0, 0, -19, -14, -20, -35,
    -22, -15, -35, 0, 0, -10, -3, -33,
    0, 0, -35, 0, -13, 0, 0, 0,
    0, 0, 0, 0, 0, 0, 0, 0,
    0, -10, -5, -9, 0, -19, -3, -13,
    -33, -10, -30, -26, 0, -39, 0, 0,
    0, -12, 0, 0, 0, 0, -5, 0,
    0, -10, -7, -5, -10, 0, 0, -32,
    0, -13, 0, -5, 0, -14, 7, -9,
    0, 0, 0, 0, 0, 0, 0, 0,
    0, 0, 0, 0, 0, -20, 0, 4,
    -22, -7, -17, 0, -13, -12, -15, -23,
    -6, -5, 0, 0, 0, 0, 10, 0,
    0, 0, 0, 0, 0, -4, 0, 0,
    0, -2, -7, 0, 0, 0, 0, -35,
    -17, -20, 0, 0, 0, 0, 0, 0,
    0, 0, 0, 0, 0, 0, -9, -25,
    -3, 0, -49, 0, -6, 0, -4, 0,
    -13, -10, -10, 0, 0, 0, 0, 0,
    0, 0, -9, -6, 0, 0, 0, 0,
    0, 0, 0, 11, 0, 0, 0, 0,
    0, -9, 0, 8, 0, 0, 0, 0,
    0, 0, 0, 0, 0, 0, 0, 0,
    0, 0, 1, 0, 0, 0, -17, 0,
    0, -12, -4, -23, 0, 0, 0, 0,
    0, 0, 0, 0, 0, 0, 0, 0,
    0, 0, 0, 0, 9, -10, 0, -7,
    0, 0, 0, 0, -23, 0, 0, 0,
    0, 0, 0, 0, 0, 0, 0, 0,
    0, 0, -11, -15, -6, -8, -9, -13,
    -18, -7, -15, -10, -14, -21, -9, 0,
    0, -7, 0, 0, 0, 0, -11, -12,
    -5, -9, -7, -14, -9, -7, 0, -10,
    0, 0, 0, 0, 0, 0, 5, 0,
    0, 0, 0, 0, 0, 0, 0, 0,
    0, 0, 0, 0, -2, -9, 0, 2,
    -15, -7, -12, 5, -6, -4, -5, -15,
    0, 0, 0, 0, 0, 0, 0, 0,
    -2, 0, 0, -5, -4, -6, -5, 0,
    0, 0, -7, 12, -12, 0, 0, -25,
    -28, -20, 0, 0, 0, 0, 0, 0,
    0, 0, 0, 0, -35, 6, -50, -38,
    0, -17, -57, -16, -13, -3, -13, -10,
    -17, -16, -14, 0, 0, -20, 0, 0,
    0, -41, -50, -47, -41, -45, -41, -50,
    -45, -42, 0, 12, 0, 0, -12, 0,
    0, -30, -26, -13, 0, 0, 0, 0,
    0, 0, 0, 0, 0, 0, -24, 4,
    -39, -38, 0, -13, -51, -17, -13, 0,
    -14, -12, -15, -13, -10, 0, 0, -19,
    0, 0, 0, -29, -43, -40, -27, -27,
    -22, -43, -27, -31, 0, 0, 0, 0,
    -12, 0, 0, -21, -20, -13, 0, 0,
    0, 0, 0, 0, 0, 0, 0, 0,
    -11, 4, -27, -34, 0, -12, -44, -12,
    -10, 0, -12, -12, -12, -15, -7, 0,
    0, -15, 0, 0, 0, -27, -27, -32,
    -22, -22, -18, -26, -22, -24, 0, 0,
    0, 0, -3, 0, 0, 0, -22, 0,
    0, 0, 0, 0, 0, 0, 0, 0,
    0, 0, 0, 0, -16, -16, -6, -15,
    -16, -15, -17, -7, -15, -12, -19, -17,
    -7, 0, -7, -22, -7, 0, 0, -10,
    -16, -10, -13, -24, -22, -16, -24, -10,
    0, -10, -12, 0, -22, 0, 0, -44,
    -33, -28, 0, 0, 0, 0, 0, 0,
    0, 0, 0, 0, -36, -3, -60, -41,
    -10, -23, -59, -27, -16, -5, -13, -15,
    -17, -17, -9, 0, -8, -24, -8, -16,
    -18, -39, -60, -55, -39, -40, -35, -47,
    -40, -38, 0, -7, 0, 0, 0, 0,
    0, 0, -9, 0, 0, 0, 0, 0,
    0, 0, 0, 0, 0, 0, 0, 5,
    -10, -12, 0, -9, -10, 0, -10, 0,
    -10, -5, -7, -9, -12, 0, 0, -10,
    0, 0, 0, 0, -10, 0, 0, -12,
    -9, 0, -12, 0, 0, 0, 0, 0,
    0, 0, 0, 0, 0, 0, 0, 0,
    0, 0, 0, 0, 0, 0, 0, 0,
    0, 0, 0, 0, 0, -5, 0, 0,
    0, 0, 0, 0, 0, 0, 0, 0,
    0, 0, 0, 0, 34, 0, 0, 0,
    0, 0, 0, 0, 0, 0, 0, 0,
    0, 0, 0, 0, 0, 0, -9, 0,
    0, 0, 0, 0, 0, 0, 0, 0,
    0, 0, 0, 0, -5, 0, 0, 0,
    0, 0, 0, 0, 0, 0, 0, 0,
    0, 0, 0, -3, 0, 0, 0, 0,
    -5, 0, 0, 0, 0, -2, 0, 0,
    0, -5, 0, 0, 0, 0, 0, 0,
    8, 0, 0, 0, 0, 0, 0, 0,
    0, 0, 0, 0, 0, 0, 0, 0,
    0, 0, 0, 0, 0, 0, 0, 0,
    0, 0, 0, 0, 0, -5, 0, 0,
    0, 0, 0, 0, 0, -3, -2, -5,
    -3, 0, 0, -12, 0, 30, 0, 23,
    7, -20, -18, -6, 0, 0, 0, 0,
    0, 0, 0, 0, 0, 0, 0, 20,
    -9, 0, 0, 0, 0, 0, 0, 0,
    0, 0, 0, 0, 0, 23, 10, -12,
    10, 0, 0, -7, -9, -7, 0, -5,
    -5, -10, -5, -7, 22, 25, 0, 0,
    0, 0, 0, 0, 0, 0, 0, 0,
    0, 0, 0, 0, 0, 0, 0, 0,
    0, 0, 0, 0, 0, 0, 0, 0,
    0, 0, 0, 0, 0, 0, 0, 0,
    0, 0, 0, 0, 22, 0, 0, 0,
    0, 0, 0, 0, 0, 0, 0, 0,
    0, -12, 0, 0, 0, 0, 0, 0,
    0, 0, 0, 0, 0, 0, 0, 0,
    0, 0, 0, 0, 0, 0, 0, 0,
    0, 0, 0, 0, 0, 0, 0, 0,
    0, 0, 0, -2, 0, 0, 0, 0,
    0, 0, 0, 0, 0, 0, 0, 0,
    0, -5, 0, 0, 0, 0, 0, 0,
    0, 0, 0, 0, 0, 0, 0, 0,
    0, 0, 0, 0, 0, 0, 0, 0,
    0, 0, 0, 0, 0, 0, 0, 0,
    0, 0, 0, 0, 0, 0, 0, 0,
    0, 0, 0, 0, 0, 0, -3, 0,
    0, 0, 0, 0, 0, 0, 0, 0,
    0, 0, 0, 0, 0, 0, 0, 0,
    0, 0, 0, 0, 0, 0, 0, 0,
    0, 0, 0, 0, 0, 0, 0, 0,
    0, 0, 0, 0, 0, 0, 0, 0,
    0, 0, 26, 0, 0, 0, 0, 0,
    0, 0, 0, 0, 0, 0, 0, 0,
    0, 0, 0, -7, -20, 0, 0, 0,
    0, 0, 0, 0, 0, 0, 0, 0,
    0, -10, -9, 0, 0, 0, 0, 0,
    0, 0, 0, 0, 0, 0, 0, 0,
    0, -12, 0, -7, -7, -7, -9, -12,
    -7, -11, -10, -13, -11, -12, 0, 0,
    0, -6, 0, 0, 0, 0, 0, 0,
    0, 0, 0, 0, 0, 0, 0, 0,
    0, 0, 0, 0, 0, 0, 0, 0,
    0, 0, 0, 0, 0, 0, 0, 0,
    0, 0, 0, 0, 0, 0, 34, 0,
    0, 0, 0, 0, 0, 0, 0, 0,
    0, 0, 0, 0, -7, 0, 0, -32,
    -18, -25, 0, 0, 0, 0, 0, 0,
    0, 0, 0, 0, 0, 0, -13, 0,
    0, 0, 0, 0, 0, 0, 0, 0,
    0, 0, 0, 0, -12, -6, -7, -7,
    -8, -8, -13, -12, -7, -9, -9, -10,
    -9, -12, 0, 7, 0, -9, 0, 0,
    0, 0, 0, 0, 0, 0, 0, 0,
    0, 0, 0, 0, 0, 0, 0, 0,
    0, 0, 0, 0, 0, 0, 0, 0,
    0, 0, 0, 0, 0, 0, 0, 0,
    0, 0, 0, 0, 0, 0, 0, 0,
    0, 0, 0, 0, 0, 0, 0, 0,
    0, 0, 0, -14, -6, 0, 0, 0,
    0, 0, 0, 0, 0, 0, 0, 0,
    0, 0, -5, 0, 0, 0, 0, 0,
    0, 0, 0, 0, 0, 0, 0, 0,
    0, -6, 0, 0, 0, 0, -5, -4,
    0, 0, 0, -3, 0, -6, 0, 9,
    0, -4, 0, 0, 0, 0, 0, 0,
    0, 0, 0, 0, 0, 0, 0, 0,
    0, 0, 0, 0, 0, 0, 0, 0,
    0, 0, 0, 0, 0, 0, 0, 0,
    0, 0, 0, 0, 0, 0, 0, 0,
    0, 0, 0, 0, 0, 0, 0, 0,
    0, 0, 0, 0, 0, -15, 0, -20,
    -9, 0, 0, 0, 0, 0, 0, 0,
    0, 0, 0, 0, 0, 0, -6, 0,
    0, 0, 0, 0, 0, 0, 0, 0,
    0, 0, 0, 0, 0, 0, 0, 0,
    0, 0, -6, -6, 0, -7, -7, -8,
    -7, -3, 0, 0, 0, 0, 0, -12,
    0, -12, 0, 0, 0, 0, 0, 0,
    0, 0, 0, 0, 0, 0, 0, 0,
    -5, 0, 0, 0, 0, 0, 0, 0,
    0, 0, 0, 0, 0, 0, 0, 0,
    0, -3, 0, 0, -5, -5, 0, -7,
    -9, -6, -7, -3, 0, 0, 0, 0,
    0, 0, 0, 0, -10, 0, 0, 0,
    0, 0, 0, 0, 0, 0, 0, 0,
    0, 0, -5, 0, 0, 0, 0, 0,
    0, 0, 0, 0, 0, 0, 0, 0,
    0, -6, 0, 0, 0, 0, -5, -7,
    0, -8, -6, -11, -8, 0, 0, 0,
    0, 0, 0, -15, 0, -28, -12, 0,
    0, 0, 0, 0, 0, 0, 0, 0,
    0, 0, -6, 0, -9, 0, 0, 0,
    0, 0, 0, 0, 0, 0, 0, 0,
    0, -4, -5, -3, -5, -6, -6, -5,
    -9, -7, 0, -7, -12, -12, -7, -9,
    -7, 0, 0, 0, 0, 0, 0, 0,
    -7, 9, 0, 0, 0, 0, 0, 0,
    0, 0, 0, 0, 0, 0, -4, 0,
    0, 0, 0, 0, 0, 0, 0, 0,
    0, 0, 0, 0, 0, -5, 0, 0,
    0, 0, -6, 0, 0, 0, 0, 0,
    0, 0, 0, 0, 0, 0, 0, 0,
    0, 0, 0, 0, 0, 0, 0, 0,
    0, 0, 0, 0, 0, 0, 0, 0,
    0, 0, 0, 0, 0, 0, 0, 0,
    0, 0, 0, 0, 0, 0, 0, 0,
    0, 0, 41, 0, 0, 0, 0, 0,
    0, 0, 0, 0, 0, 0, 0, 0,
    0, 0, 0, 0, 0, 0, 0, 0,
    0, 0, 0, 0, 0, 0, 0, 0,
    0, 0, -20, -41, 0, 0, -51, 0,
    12, 0, 0, 0, 0, 0, 0, 0,
    0, 9, 0, 0, 0, 0, -20, -15,
    0, 0, 0, 0, 0, 0, 0, 0,
    0, 0, 0, 0, 0, 0, 0, 0,
    0, 0, 0, 0, 0, 0, 0, 0,
    0, 0, 0, 0, -33, -56, 0, -12,
    -51, -13, 10, 0, 0, 0, -7, 0,
    0, 0, 0, -2, 0, 0, 0, -15,
    -33, -25, -17, -10, 0, 0, -10, -16,
    0, 0
};


/*Collect the kern class' data in one place*/
static const lv_font_fmt_txt_kern_classes_t kern_classes =
{
    .class_pair_values   = kern_class_values,
    .left_class_mapping  = kern_left_class_mapping,
    .right_class_mapping = kern_right_class_mapping,
    .left_class_cnt      = 61,
    .right_class_cnt     = 50,
};

/*--------------------
 *  ALL CUSTOM DATA
 *--------------------*/

#if LVGL_VERSION_MAJOR == 8
/*Store all the custom data of the font*/
static  lv_font_fmt_txt_glyph_cache_t cache;
#endif

#if LVGL_VERSION_MAJOR >= 8
static const lv_font_fmt_txt_dsc_t font_dsc = {
#else
static lv_font_fmt_txt_dsc_t font_dsc = {
#endif
    .glyph_bitmap = glyph_bitmap,
    .glyph_dsc = glyph_dsc,
    .cmaps = cmaps,
    .kern_dsc = &kern_classes,
    .kern_scale = 16,
    .cmap_num = 2,
    .bpp = 4,
    .kern_classes = 1,
    .bitmap_format = 0,
#if LVGL_VERSION_MAJOR == 8
    .cache = &cache
#endif
};



/*-----------------
 *  PUBLIC FONT
 *----------------*/

/*Initialize a public general font descriptor*/
#if LVGL_VERSION_MAJOR >= 8
const lv_font_t outfit_sb_26 = {
#else
lv_font_t outfit_sb_26 = {
#endif
    .get_glyph_dsc = lv_font_get_glyph_dsc_fmt_txt,    /*Function pointer to get glyph's data*/
    .get_glyph_bitmap = lv_font_get_bitmap_fmt_txt,    /*Function pointer to get glyph's bitmap*/
    .line_height = 30,          /*The maximum line height required by the font*/
    .base_line = 5,             /*Baseline measured from the bottom of the line*/
#if !(LVGL_VERSION_MAJOR == 6 && LVGL_VERSION_MINOR == 0)
    .subpx = LV_FONT_SUBPX_NONE,
#endif
#if LV_VERSION_CHECK(7, 4, 0) || LVGL_VERSION_MAJOR >= 8
    .underline_position = -3,
    .underline_thickness = 1,
#endif
    .dsc = &font_dsc,          /*The custom font data. Will be accessed by `get_glyph_bitmap/dsc` */
#if LV_VERSION_CHECK(8, 2, 0) || LVGL_VERSION_MAJOR >= 9
    .fallback = NULL,
#endif
    .user_data = NULL,
};



#endif /*#if OUTFIT_SB_26*/

