/*******************************************************************************
 * Size: 14 px
 * Bpp: 4
 * Opts: --no-compress --bpp 4 --size 14 --font /Volumes/SSD/projects/dune-weaver-pi/dune-weaver-touch/fonts/Outfit-Regular.ttf -r 0x20-0x7F,0xB0,0xB7,0x2013-0x2014,0x2018-0x2019,0x201C-0x201D,0x2022,0x2026 --font /Volumes/SSD/projects/dune-weaver-pi/dune-weaver-touch/fonts/MaterialIconsRound-Regular.otf -r 0xe145,0xe39e,0xe2ea,0xe3ab,0xe5ca,0xef4a,0xe5cd,0xe872,0xe5cf,0xe88a,0xe518,0xe0f0,0xe405,0xe034,0xe037,0xe1c4,0xe05f,0xe8ac,0xe03d,0xe836,0xe5d5,0xf053,0xe8b6,0xe043,0xe044,0xe047,0xe429,0xe63e,0xf0b0,0xebe4,0xebd6,0xebe1,0xe1ba --font managed_components/lvgl__lvgl/scripts/built_in_font/FontAwesome5-Solid+Brands+Regular.woff -r 61441,61448,61451,61452,61453,61457,61459,61461,61465,61468,61473,61478,61479,61480,61502,61507,61512,61515,61516,61517,61521,61522,61523,61524,61543,61544,61550,61552,61553,61556,61559,61560,61561,61563,61587,61589,61636,61637,61639,61641,61664,61671,61674,61683,61724,61732,61787,61931,62016,62017,62018,62019,62020,62087,62099,62212,62189,62810,63426,63650 --format lvgl -o src/ui/fonts/outfit_14.c
 ******************************************************************************/

#ifdef LV_LVGL_H_INCLUDE_SIMPLE
#include "lvgl.h"
#else
#include "lvgl/lvgl.h"
#endif

#ifndef OUTFIT_14
#define OUTFIT_14 1
#endif

#if OUTFIT_14

/*-----------------
 *    BITMAPS
 *----------------*/

/*Store the image of the glyphs*/
static LV_ATTRIBUTE_LARGE_CONST const uint8_t glyph_bitmap[] = {
    /* U+0020 " " */

    /* U+0021 "!" */
    0xd, 0x70, 0xd6, 0xd, 0x60, 0xc6, 0xc, 0x50,
    0xb5, 0xb, 0x40, 0x10, 0xc, 0x70, 0xe8,

    /* U+0022 "\"" */
    0xf, 0x5b, 0x90, 0xe3, 0xa8, 0xd, 0x28, 0x60,
    0x60, 0x33,

    /* U+0023 "#" */
    0x0, 0xe, 0x20, 0xf2, 0x0, 0x1, 0xf0, 0x1f,
    0x0, 0x0, 0x3d, 0x3, 0xd0, 0x0, 0xef, 0xff,
    0xff, 0xf4, 0x0, 0x99, 0x19, 0x91, 0x0, 0xa,
    0x60, 0xb6, 0x0, 0x4f, 0xff, 0xff, 0xfc, 0x0,
    0x2f, 0x32, 0xf3, 0x10, 0x1, 0xf0, 0x2f, 0x0,
    0x0, 0x4c, 0x4, 0xc0, 0x0,

    /* U+0024 "$" */
    0x0, 0x1, 0x60, 0x0, 0x0, 0x2, 0xc0, 0x0,
    0x0, 0x7e, 0xfc, 0x30, 0x6, 0xe7, 0xd9, 0xd0,
    0xa, 0x92, 0xc0, 0x10, 0x8, 0xe5, 0xc0, 0x0,
    0x1, 0xcf, 0xe5, 0x0, 0x0, 0x5, 0xff, 0xa0,
    0x0, 0x2, 0xc4, 0xf3, 0x3, 0x2, 0xc0, 0xf4,
    0xe, 0xb6, 0xda, 0xf1, 0x2, 0xbf, 0xfc, 0x30,
    0x0, 0x2, 0xc0, 0x0, 0x0, 0x1, 0x60, 0x0,

    /* U+0025 "%" */
    0x8, 0xec, 0x10, 0x3f, 0x13, 0xd0, 0x88, 0xd,
    0x70, 0x3e, 0x19, 0x97, 0xc0, 0x0, 0x9f, 0xd3,
    0xf3, 0x0, 0x0, 0x0, 0xb9, 0x0, 0x0, 0x0,
    0x5e, 0x0, 0x0, 0x0, 0xe, 0x58, 0xea, 0x0,
    0x9, 0xb4, 0xd2, 0xb7, 0x3, 0xf1, 0x5b, 0x9,
    0x70, 0xc7, 0x0, 0xae, 0xb0,

    /* U+0026 "&" */
    0x0, 0x3d, 0xfd, 0x30, 0x0, 0x0, 0xea, 0x49,
    0xd0, 0x0, 0x2, 0xf1, 0x0, 0x10, 0x0, 0x1,
    0xf4, 0x0, 0x0, 0x0, 0x0, 0xce, 0x20, 0x0,
    0x0, 0xa, 0xca, 0xd1, 0x0, 0x0, 0x1f, 0x30,
    0xbd, 0x10, 0x0, 0x2f, 0x20, 0xc, 0xc0, 0x0,
    0xd, 0xb2, 0x29, 0xfb, 0x0, 0x1, 0xaf, 0xfb,
    0x4d, 0x90,

    /* U+0027 "'" */
    0xf, 0x50, 0xe3, 0xd, 0x20, 0x60,

    /* U+0028 "(" */
    0x0, 0x24, 0x0, 0xd6, 0x7, 0xb0, 0xd, 0x30,
    0x2f, 0x0, 0x4c, 0x0, 0x5c, 0x0, 0x4c, 0x0,
    0x2f, 0x0, 0xd, 0x30, 0x7, 0xa0, 0x0, 0xd6,
    0x0, 0x24,

    /* U+0029 ")" */
    0x24, 0x0, 0x3e, 0x20, 0x7, 0xb0, 0x0, 0xf1,
    0x0, 0xb6, 0x0, 0x98, 0x0, 0x89, 0x0, 0x98,
    0x0, 0xb6, 0x0, 0xf2, 0x7, 0xb0, 0x2e, 0x30,
    0x25, 0x0,

    /* U+002A "*" */
    0x0, 0x0, 0x40, 0x0, 0xa6, 0x5c, 0x0, 0x2,
    0xcc, 0x30, 0x0, 0x6c, 0xed, 0xf0, 0x1c, 0x2d,
    0x1, 0x0, 0x0, 0xd3, 0x0, 0x0, 0x0, 0x0,
    0x0,

    /* U+002B "+" */
    0x0, 0xa, 0x50, 0x0, 0x0, 0xc6, 0x0, 0x0,
    0xc, 0x60, 0x2, 0xff, 0xff, 0xfc, 0x2, 0x2d,
    0x72, 0x20, 0x0, 0xc6, 0x0, 0x0, 0x8, 0x40,
    0x0,

    /* U+002C "," */
    0x99, 0xcd, 0x86, 0x90,

    /* U+002D "-" */
    0x0, 0x0, 0x0, 0x1f, 0xff, 0xf8, 0x3, 0x33,
    0x31,

    /* U+002E "." */
    0x9a, 0xbb,

    /* U+002F "/" */
    0x0, 0x1, 0xf1, 0x0, 0x7, 0xb0, 0x0, 0xc,
    0x60, 0x0, 0x2f, 0x10, 0x0, 0x7a, 0x0, 0x0,
    0xd5, 0x0, 0x3, 0xf0, 0x0, 0x8, 0x90, 0x0,
    0xe, 0x40, 0x0, 0x4e, 0x0, 0x0, 0x99, 0x0,
    0x0,

    /* U+0030 "0" */
    0x0, 0x4c, 0xfd, 0x60, 0x0, 0x4f, 0x94, 0x7f,
    0x70, 0xd, 0x80, 0x0, 0x6f, 0x13, 0xf2, 0x0,
    0x0, 0xf5, 0x5f, 0x0, 0x0, 0xd, 0x85, 0xf0,
    0x0, 0x0, 0xd8, 0x2f, 0x20, 0x0, 0xf, 0x50,
    0xd8, 0x0, 0x6, 0xf1, 0x4, 0xf9, 0x47, 0xf7,
    0x0, 0x4, 0xcf, 0xd6, 0x0,

    /* U+0031 "1" */
    0x9f, 0xfc, 0x13, 0xab, 0x0, 0x9b, 0x0, 0x9b,
    0x0, 0x9b, 0x0, 0x9b, 0x0, 0x9b, 0x0, 0x9b,
    0x0, 0x9b, 0x0, 0x9b,

    /* U+0032 "2" */
    0x3, 0xcf, 0xe8, 0x2, 0xfa, 0x57, 0xf7, 0x17,
    0x0, 0x9, 0xb0, 0x0, 0x0, 0xab, 0x0, 0x0,
    0x3f, 0x50, 0x0, 0x2e, 0xa0, 0x0, 0x2e, 0xb0,
    0x0, 0x1d, 0xb0, 0x0, 0x1d, 0xe4, 0x33, 0x38,
    0xff, 0xff, 0xff,

    /* U+0033 "3" */
    0x2f, 0xff, 0xff, 0xc0, 0x33, 0x38, 0xf3, 0x0,
    0x3, 0xf6, 0x0, 0x1, 0xe8, 0x0, 0x0, 0x9f,
    0xe9, 0x0, 0x0, 0x3, 0xe8, 0x0, 0x0, 0x7,
    0xd0, 0x10, 0x0, 0x9d, 0x5e, 0x74, 0x8f, 0x70,
    0x8e, 0xfd, 0x70,

    /* U+0034 "4" */
    0x0, 0x4, 0xf3, 0x0, 0x0, 0xd, 0xa0, 0x0,
    0x0, 0x6f, 0x10, 0x0, 0x0, 0xe7, 0xc, 0x80,
    0x8, 0xe0, 0xc, 0x80, 0x1f, 0x60, 0xc, 0x80,
    0x8f, 0xff, 0xff, 0xfe, 0x13, 0x33, 0x3d, 0x92,
    0x0, 0x0, 0xc, 0x80, 0x0, 0x0, 0xc, 0x80,

    /* U+0035 "5" */
    0xa, 0xff, 0xff, 0x80, 0xc8, 0x33, 0x31, 0xd,
    0x50, 0x0, 0x0, 0xfc, 0xee, 0x80, 0x8, 0x52,
    0x5f, 0x70, 0x0, 0x0, 0x8e, 0x0, 0x0, 0x5,
    0xf0, 0x20, 0x0, 0x9d, 0x6f, 0x74, 0x8f, 0x60,
    0x7e, 0xfd, 0x60,

    /* U+0036 "6" */
    0x0, 0x1, 0xe7, 0x0, 0x0, 0xb, 0xa0, 0x0,
    0x0, 0x7d, 0x0, 0x0, 0x3, 0xff, 0xfb, 0x10,
    0xd, 0xb2, 0x2c, 0xd0, 0x4f, 0x10, 0x2, 0xf3,
    0x6e, 0x0, 0x0, 0xf5, 0x5f, 0x20, 0x4, 0xf2,
    0xd, 0xd5, 0x5e, 0xb0, 0x1, 0xaf, 0xe9, 0x0,

    /* U+0037 "7" */
    0x9f, 0xff, 0xff, 0xe1, 0x33, 0x33, 0xca, 0x0,
    0x0, 0x1f, 0x40, 0x0, 0x7, 0xd0, 0x0, 0x0,
    0xd7, 0x0, 0x0, 0x4f, 0x10, 0x0, 0xa, 0xb0,
    0x0, 0x1, 0xf5, 0x0, 0x0, 0x7e, 0x0, 0x0,
    0xd, 0x80, 0x0,

    /* U+0038 "8" */
    0x1, 0xbf, 0xe8, 0x0, 0xb, 0xc3, 0x4e, 0x60,
    0xf, 0x40, 0x9, 0xa0, 0xb, 0xa0, 0x1d, 0x60,
    0x2, 0xff, 0xfd, 0x0, 0xd, 0xa2, 0x3d, 0x90,
    0x4e, 0x0, 0x3, 0xf0, 0x5f, 0x0, 0x4, 0xf1,
    0x1e, 0xb4, 0x5e, 0xb0, 0x3, 0xcf, 0xfa, 0x10,

    /* U+0039 "9" */
    0x1, 0xaf, 0xf9, 0x10, 0xd, 0xc5, 0x5d, 0xc0,
    0x5f, 0x10, 0x2, 0xf3, 0x6e, 0x0, 0x0, 0xf5,
    0x2f, 0x80, 0x9, 0xf2, 0x5, 0xef, 0xff, 0xb0,
    0x0, 0x1, 0xbf, 0x20, 0x0, 0x5, 0xf5, 0x0,
    0x0, 0x1e, 0xa0, 0x0, 0x0, 0x9e, 0x0, 0x0,

    /* U+003A ":" */
    0xd, 0x90, 0xb8, 0x0, 0x0, 0x0, 0xb, 0x80,
    0xd9,

    /* U+003B ";" */
    0xd, 0x90, 0xb8, 0x0, 0x0, 0x0, 0xa, 0x90,
    0xdc, 0x9, 0x50, 0x90,

    /* U+003C "<" */
    0x0, 0x0, 0x0, 0x0, 0x0, 0x0, 0x7a, 0x0,
    0x18, 0xfd, 0x50, 0x9f, 0xb4, 0x0, 0x1e, 0xd5,
    0x0, 0x0, 0x6, 0xde, 0x71, 0x0, 0x0, 0x5c,
    0xc0, 0x0, 0x0, 0x2,

    /* U+003D "=" */
    0x2f, 0xff, 0xff, 0xc0, 0x22, 0x22, 0x22, 0x0,
    0x0, 0x0, 0x2, 0xff, 0xff, 0xfc, 0x2, 0x22,
    0x22, 0x20,

    /* U+003E ">" */
    0x0, 0x0, 0x0, 0x2, 0xb4, 0x0, 0x0, 0x8,
    0xfd, 0x50, 0x0, 0x0, 0x7d, 0xe6, 0x0, 0x1,
    0x8f, 0x90, 0x3a, 0xfa, 0x30, 0x2f, 0x92, 0x0,
    0x0, 0x10, 0x0, 0x0,

    /* U+003F "?" */
    0x0, 0x0, 0x0, 0x0, 0x5d, 0xfd, 0x40, 0x3f,
    0x83, 0xaf, 0x10, 0x60, 0x0, 0xf5, 0x0, 0x0,
    0xf, 0x50, 0x0, 0x8, 0xf1, 0x0, 0xf, 0xe4,
    0x0, 0x0, 0xf3, 0x0, 0x0, 0xb, 0x20, 0x0,
    0x0, 0x0, 0x0, 0x0, 0x2d, 0x40, 0x0, 0x2,
    0xf5, 0x0,

    /* U+0040 "@" */
    0x0, 0x18, 0xde, 0xc7, 0x0, 0x1, 0xd9, 0x31,
    0x3a, 0xb0, 0xb, 0x73, 0xdd, 0xd2, 0xb6, 0x1f,
    0xd, 0x31, 0xe3, 0x5b, 0x4d, 0xd, 0x20, 0xe3,
    0x4b, 0x2e, 0x3, 0xcc, 0xdd, 0xe7, 0xd, 0x50,
    0x0, 0x0, 0x0, 0x3, 0xe5, 0x0, 0x2b, 0x10,
    0x0, 0x3b, 0xff, 0xe8, 0x0, 0x0, 0x0, 0x1,
    0x0, 0x0,

    /* U+0041 "A" */
    0x0, 0x0, 0xc8, 0x0, 0x0, 0x0, 0x3, 0xfe,
    0x0, 0x0, 0x0, 0x9, 0xdf, 0x50, 0x0, 0x0,
    0xf, 0x6a, 0xb0, 0x0, 0x0, 0x6f, 0x4, 0xf2,
    0x0, 0x0, 0xc9, 0x0, 0xd8, 0x0, 0x2, 0xf3,
    0x0, 0x7e, 0x0, 0x9, 0xff, 0xff, 0xff, 0x50,
    0xe, 0x83, 0x33, 0x3b, 0xb0, 0x5f, 0x10, 0x0,
    0x4, 0xf2,

    /* U+0042 "B" */
    0xdf, 0xff, 0xe8, 0x0, 0xd9, 0x22, 0x5f, 0x70,
    0xd7, 0x0, 0xa, 0xa0, 0xd7, 0x0, 0x2e, 0x60,
    0xdf, 0xff, 0xfd, 0x0, 0xd9, 0x33, 0x4d, 0x90,
    0xd7, 0x0, 0x5, 0xf0, 0xd7, 0x0, 0x5, 0xf0,
    0xd9, 0x33, 0x4d, 0xb0, 0xdf, 0xff, 0xfa, 0x10,

    /* U+0043 "C" */
    0x0, 0x18, 0xef, 0xe9, 0x10, 0x1, 0xde, 0x75,
    0x6d, 0xd0, 0xb, 0xd1, 0x0, 0x0, 0x20, 0x2f,
    0x40, 0x0, 0x0, 0x0, 0x5f, 0x0, 0x0, 0x0,
    0x0, 0x5f, 0x0, 0x0, 0x0, 0x0, 0x2f, 0x40,
    0x0, 0x0, 0x0, 0xb, 0xd1, 0x0, 0x0, 0x20,
    0x1, 0xde, 0x74, 0x6c, 0xe0, 0x0, 0x18, 0xef,
    0xea, 0x20,

    /* U+0044 "D" */
    0xdf, 0xff, 0xfb, 0x30, 0xd, 0x93, 0x35, 0xaf,
    0x50, 0xd7, 0x0, 0x0, 0x8f, 0x1d, 0x70, 0x0,
    0x0, 0xe7, 0xd7, 0x0, 0x0, 0xb, 0xad, 0x70,
    0x0, 0x0, 0xba, 0xd7, 0x0, 0x0, 0xe, 0x7d,
    0x70, 0x0, 0x8, 0xf1, 0xd9, 0x33, 0x5a, 0xf5,
    0xd, 0xff, 0xff, 0xb3, 0x0,

    /* U+0045 "E" */
    0xdf, 0xff, 0xff, 0x8d, 0x93, 0x33, 0x32, 0xd7,
    0x0, 0x0, 0xd, 0x70, 0x0, 0x0, 0xdf, 0xff,
    0xff, 0x2d, 0x92, 0x22, 0x20, 0xd7, 0x0, 0x0,
    0xd, 0x70, 0x0, 0x0, 0xd9, 0x33, 0x33, 0x2d,
    0xff, 0xff, 0xf9,

    /* U+0046 "F" */
    0xdf, 0xff, 0xff, 0x5d, 0x93, 0x33, 0x31, 0xd7,
    0x0, 0x0, 0xd, 0x70, 0x0, 0x0, 0xdf, 0xff,
    0xff, 0x1d, 0x93, 0x33, 0x30, 0xd7, 0x0, 0x0,
    0xd, 0x70, 0x0, 0x0, 0xd7, 0x0, 0x0, 0xd,
    0x70, 0x0, 0x0,

    /* U+0047 "G" */
    0x0, 0x8, 0xdf, 0xea, 0x20, 0x0, 0x1d, 0xe7,
    0x56, 0xcf, 0x20, 0xb, 0xd1, 0x0, 0x0, 0x80,
    0x1, 0xf4, 0x0, 0x0, 0x0, 0x0, 0x5f, 0x0,
    0x0, 0x0, 0x0, 0x5, 0xf0, 0x0, 0x8f, 0xff,
    0xf3, 0x1f, 0x40, 0x1, 0x33, 0x6f, 0x10, 0xbd,
    0x10, 0x0, 0xb, 0xc0, 0x1, 0xde, 0x75, 0x6c,
    0xf2, 0x0, 0x0, 0x8e, 0xfe, 0xa2, 0x0,

    /* U+0048 "H" */
    0xd7, 0x0, 0x0, 0x9b, 0xd7, 0x0, 0x0, 0x9b,
    0xd7, 0x0, 0x0, 0x9b, 0xd7, 0x0, 0x0, 0x9b,
    0xdf, 0xff, 0xff, 0xfb, 0xd9, 0x33, 0x33, 0xab,
    0xd7, 0x0, 0x0, 0x9b, 0xd7, 0x0, 0x0, 0x9b,
    0xd7, 0x0, 0x0, 0x9b, 0xd7, 0x0, 0x0, 0x9b,

    /* U+0049 "I" */
    0xd7, 0xd7, 0xd7, 0xd7, 0xd7, 0xd7, 0xd7, 0xd7,
    0xd7, 0xd7,

    /* U+004A "J" */
    0x0, 0x0, 0x6e, 0x0, 0x0, 0x6e, 0x0, 0x0,
    0x6e, 0x0, 0x0, 0x6e, 0x0, 0x0, 0x6e, 0x0,
    0x0, 0x6e, 0x0, 0x0, 0x6e, 0x0, 0x0, 0x8d,
    0x4d, 0x57, 0xf7, 0x1a, 0xfe, 0x80,

    /* U+004B "K" */
    0xd7, 0x0, 0x7, 0xf4, 0xd7, 0x0, 0x7f, 0x40,
    0xd7, 0x7, 0xf4, 0x0, 0xd7, 0x7f, 0x40, 0x0,
    0xdd, 0xf4, 0x0, 0x0, 0xda, 0xea, 0x0, 0x0,
    0xd7, 0x3f, 0x90, 0x0, 0xd7, 0x3, 0xf8, 0x0,
    0xd7, 0x0, 0x4f, 0x70, 0xd7, 0x0, 0x5, 0xf6,

    /* U+004C "L" */
    0xd7, 0x0, 0x0, 0xd, 0x70, 0x0, 0x0, 0xd7,
    0x0, 0x0, 0xd, 0x70, 0x0, 0x0, 0xd7, 0x0,
    0x0, 0xd, 0x70, 0x0, 0x0, 0xd7, 0x0, 0x0,
    0xd, 0x70, 0x0, 0x0, 0xd9, 0x33, 0x33, 0xd,
    0xff, 0xff, 0xf4,

    /* U+004D "M" */
    0xd6, 0x0, 0x0, 0x0, 0xa9, 0xde, 0x0, 0x0,
    0x3, 0xf9, 0xdf, 0x80, 0x0, 0xc, 0xf9, 0xdb,
    0xf2, 0x0, 0x6e, 0xc9, 0xd7, 0x9b, 0x1, 0xe6,
    0xb9, 0xd7, 0x1f, 0x59, 0xc0, 0xb9, 0xd7, 0x6,
    0xef, 0x30, 0xb9, 0xd7, 0x0, 0xc9, 0x0, 0xb9,
    0xd7, 0x0, 0x0, 0x0, 0xb9, 0xd7, 0x0, 0x0,
    0x0, 0xb9,

    /* U+004E "N" */
    0xd7, 0x0, 0x0, 0x8c, 0xdf, 0x30, 0x0, 0x8c,
    0xde, 0xd0, 0x0, 0x8c, 0xd8, 0xda, 0x0, 0x8c,
    0xd7, 0x2f, 0x50, 0x8c, 0xd7, 0x6, 0xf2, 0x8c,
    0xd7, 0x0, 0xac, 0x8c, 0xd7, 0x0, 0x1e, 0xfc,
    0xd7, 0x0, 0x3, 0xfc, 0xd7, 0x0, 0x0, 0x8c,

    /* U+004F "O" */
    0x0, 0x18, 0xef, 0xe9, 0x10, 0x0, 0x1d, 0xe7,
    0x56, 0xde, 0x20, 0xb, 0xd1, 0x0, 0x0, 0xcc,
    0x1, 0xf4, 0x0, 0x0, 0x3, 0xf3, 0x5f, 0x0,
    0x0, 0x0, 0xf, 0x64, 0xf0, 0x0, 0x0, 0x0,
    0xf6, 0x1f, 0x40, 0x0, 0x0, 0x3f, 0x30, 0xad,
    0x10, 0x0, 0xc, 0xc0, 0x1, 0xde, 0x75, 0x6d,
    0xe2, 0x0, 0x0, 0x8e, 0xfe, 0x91, 0x0,

    /* U+0050 "P" */
    0xdf, 0xff, 0xe8, 0xd, 0x92, 0x26, 0xf7, 0xd7,
    0x0, 0x8, 0xdd, 0x70, 0x0, 0x8d, 0xd7, 0x0,
    0x3e, 0x9d, 0xff, 0xff, 0xa0, 0xd9, 0x33, 0x10,
    0xd, 0x70, 0x0, 0x0, 0xd7, 0x0, 0x0, 0xd,
    0x70, 0x0, 0x0,

    /* U+0051 "Q" */
    0x0, 0x8, 0xef, 0xe9, 0x10, 0x0, 0x1, 0xde,
    0x75, 0x6d, 0xe2, 0x0, 0xb, 0xd1, 0x0, 0x0,
    0xcc, 0x0, 0x1f, 0x40, 0x0, 0x0, 0x3f, 0x30,
    0x5f, 0x0, 0x0, 0x0, 0xf, 0x60, 0x4f, 0x0,
    0x0, 0x91, 0xf, 0x60, 0x1f, 0x50, 0x0, 0xcc,
    0x4f, 0x30, 0xa, 0xd1, 0x0, 0xc, 0xfc, 0x0,
    0x1, 0xde, 0x75, 0x6d, 0xfd, 0x10, 0x0, 0x8,
    0xdf, 0xe9, 0x2c, 0xc0, 0x0, 0x0, 0x0, 0x0,
    0x0, 0x40,

    /* U+0052 "R" */
    0xdf, 0xff, 0xe8, 0x0, 0xd9, 0x22, 0x5e, 0x70,
    0xd7, 0x0, 0x9, 0xb0, 0xd7, 0x0, 0x2d, 0x90,
    0xdf, 0xff, 0xfb, 0x10, 0xd8, 0x8f, 0x40, 0x0,
    0xd7, 0xb, 0xd0, 0x0, 0xd7, 0x1, 0xe9, 0x0,
    0xd7, 0x0, 0x5f, 0x50, 0xd7, 0x0, 0x9, 0xe1,

    /* U+0053 "S" */
    0x1, 0xaf, 0xfb, 0x30, 0xa, 0xd5, 0x5b, 0xc0,
    0xe, 0x60, 0x0, 0x10, 0xc, 0xc1, 0x0, 0x0,
    0x3, 0xef, 0xa4, 0x0, 0x0, 0x5, 0xbf, 0x80,
    0x0, 0x0, 0x7, 0xf0, 0x4, 0x0, 0x3, 0xf1,
    0x4f, 0x94, 0x5c, 0xd0, 0x5, 0xcf, 0xfb, 0x20,

    /* U+0054 "T" */
    0x9f, 0xff, 0xff, 0xff, 0x52, 0x33, 0x7f, 0x43,
    0x31, 0x0, 0x4, 0xf0, 0x0, 0x0, 0x0, 0x4f,
    0x0, 0x0, 0x0, 0x4, 0xf0, 0x0, 0x0, 0x0,
    0x4f, 0x0, 0x0, 0x0, 0x4, 0xf0, 0x0, 0x0,
    0x0, 0x4f, 0x0, 0x0, 0x0, 0x4, 0xf0, 0x0,
    0x0, 0x0, 0x4f, 0x0, 0x0,

    /* U+0055 "U" */
    0xf5, 0x0, 0x0, 0xc8, 0xf5, 0x0, 0x0, 0xc8,
    0xf5, 0x0, 0x0, 0xc8, 0xf5, 0x0, 0x0, 0xc8,
    0xf5, 0x0, 0x0, 0xc8, 0xf5, 0x0, 0x0, 0xc8,
    0xf6, 0x0, 0x0, 0xd8, 0xcb, 0x0, 0x2, 0xf5,
    0x4f, 0xa5, 0x6e, 0xc0, 0x4, 0xcf, 0xe9, 0x10,

    /* U+0056 "V" */
    0x5f, 0x10, 0x0, 0x6, 0xf0, 0xf, 0x60, 0x0,
    0xc, 0x90, 0x9, 0xd0, 0x0, 0x2f, 0x30, 0x3,
    0xf3, 0x0, 0x9d, 0x0, 0x0, 0xd9, 0x0, 0xe7,
    0x0, 0x0, 0x6e, 0x5, 0xf1, 0x0, 0x0, 0x1f,
    0x5b, 0xa0, 0x0, 0x0, 0xa, 0xcf, 0x40, 0x0,
    0x0, 0x4, 0xfd, 0x0, 0x0, 0x0, 0x0, 0xd7,
    0x0, 0x0,

    /* U+0057 "W" */
    0x6e, 0x0, 0x0, 0xc7, 0x0, 0x2, 0xf1, 0x1f,
    0x30, 0x1, 0xfc, 0x0, 0x7, 0xc0, 0xc, 0x80,
    0x5, 0xef, 0x10, 0xc, 0x70, 0x6, 0xd0, 0xa,
    0x8d, 0x60, 0x1f, 0x20, 0x1, 0xf2, 0xf, 0x38,
    0xb0, 0x6d, 0x0, 0x0, 0xc7, 0x4e, 0x3, 0xf0,
    0xb8, 0x0, 0x0, 0x7c, 0x9a, 0x0, 0xe6, 0xf3,
    0x0, 0x0, 0x2f, 0xe5, 0x0, 0x9e, 0xe0, 0x0,
    0x0, 0xd, 0xf0, 0x0, 0x4f, 0x90, 0x0, 0x0,
    0x8, 0xb0, 0x0, 0xf, 0x40, 0x0,

    /* U+0058 "X" */
    0x1f, 0x80, 0x0, 0xb, 0xb0, 0x5, 0xf3, 0x0,
    0x6f, 0x10, 0x0, 0xad, 0x2, 0xf5, 0x0, 0x0,
    0xe, 0xac, 0xa0, 0x0, 0x0, 0x3, 0xfe, 0x10,
    0x0, 0x0, 0x6, 0xff, 0x30, 0x0, 0x0, 0x2f,
    0x5a, 0xd0, 0x0, 0x0, 0xca, 0x1, 0xe9, 0x0,
    0x8, 0xe1, 0x0, 0x4f, 0x30, 0x3f, 0x40, 0x0,
    0x9, 0xd0,

    /* U+0059 "Y" */
    0x4f, 0x40, 0x0, 0xd, 0x90, 0xad, 0x0, 0x8,
    0xe0, 0x1, 0xe8, 0x3, 0xf4, 0x0, 0x5, 0xf2,
    0xca, 0x0, 0x0, 0xb, 0xee, 0x10, 0x0, 0x0,
    0x1f, 0x60, 0x0, 0x0, 0x0, 0xf5, 0x0, 0x0,
    0x0, 0xf, 0x50, 0x0, 0x0, 0x0, 0xf5, 0x0,
    0x0, 0x0, 0xf, 0x50, 0x0,

    /* U+005A "Z" */
    0x2f, 0xff, 0xff, 0xf9, 0x3, 0x33, 0x39, 0xf3,
    0x0, 0x0, 0x1e, 0x80, 0x0, 0x0, 0xbd, 0x0,
    0x0, 0x6, 0xf3, 0x0, 0x0, 0x1f, 0x70, 0x0,
    0x0, 0xbc, 0x0, 0x0, 0x6, 0xf2, 0x0, 0x0,
    0x2f, 0xa3, 0x33, 0x31, 0x7f, 0xff, 0xff, 0xf7,

    /* U+005B "[" */
    0xef, 0xf3, 0xe3, 0x0, 0xe2, 0x0, 0xe2, 0x0,
    0xe2, 0x0, 0xe2, 0x0, 0xe2, 0x0, 0xe2, 0x0,
    0xe2, 0x0, 0xe2, 0x0, 0xe2, 0x0, 0xef, 0xe3,
    0x22, 0x10,

    /* U+005C "\\" */
    0x99, 0x0, 0x0, 0x4e, 0x0, 0x0, 0xe, 0x40,
    0x0, 0x8, 0x90, 0x0, 0x3, 0xf0, 0x0, 0x0,
    0xd5, 0x0, 0x0, 0x7a, 0x0, 0x0, 0x2f, 0x10,
    0x0, 0xc, 0x60, 0x0, 0x7, 0xb0, 0x0, 0x1,
    0xf1,

    /* U+005D "]" */
    0x8f, 0xfa, 0x0, 0x7a, 0x0, 0x7a, 0x0, 0x7a,
    0x0, 0x7a, 0x0, 0x7a, 0x0, 0x7a, 0x0, 0x7a,
    0x0, 0x7a, 0x0, 0x7a, 0x0, 0x7a, 0x7e, 0xfa,
    0x1, 0x21,

    /* U+005E "^" */
    0x0, 0x35, 0x0, 0x0, 0xcd, 0x20, 0x6, 0xa4,
    0xb0, 0xe, 0x10, 0xb4,

    /* U+005F "_" */
    0xbf, 0xff, 0xff, 0xc1, 0x22, 0x22, 0x22,

    /* U+0060 "`" */
    0x6, 0x0, 0x2f, 0x70, 0x3, 0xe2, 0x0, 0x10,

    /* U+0061 "a" */
    0x2, 0xbf, 0xe6, 0xf3, 0xd, 0xc4, 0x5d, 0xf3,
    0x5f, 0x10, 0x2, 0xf3, 0x7d, 0x0, 0x0, 0xf3,
    0x5f, 0x10, 0x2, 0xf3, 0xe, 0xc4, 0x4d, 0xf3,
    0x2, 0xbf, 0xe6, 0xf3,

    /* U+0062 "b" */
    0x1f, 0x30, 0x0, 0x0, 0x1f, 0x30, 0x0, 0x0,
    0x1f, 0x30, 0x0, 0x0, 0x1f, 0x7d, 0xfc, 0x30,
    0x1f, 0xe6, 0x4a, 0xf1, 0x1f, 0x50, 0x0, 0xd8,
    0x1f, 0x20, 0x0, 0xaa, 0x1f, 0x50, 0x0, 0xd8,
    0x1f, 0xe5, 0x4a, 0xf2, 0x1f, 0x7d, 0xfc, 0x30,

    /* U+0063 "c" */
    0x1, 0xaf, 0xfa, 0x10, 0xdc, 0x55, 0xc3, 0x5f,
    0x10, 0x0, 0x8, 0xd0, 0x0, 0x0, 0x5f, 0x10,
    0x0, 0x0, 0xdc, 0x55, 0xb3, 0x1, 0xaf, 0xf9,
    0x10,

    /* U+0064 "d" */
    0x0, 0x0, 0x0, 0xf3, 0x0, 0x0, 0x0, 0xf3,
    0x0, 0x0, 0x0, 0xf3, 0x2, 0xbf, 0xe6, 0xf3,
    0xd, 0xc4, 0x5d, 0xf3, 0x5f, 0x10, 0x2, 0xf3,
    0x7d, 0x0, 0x0, 0xf3, 0x5f, 0x10, 0x2, 0xf3,
    0xe, 0xc4, 0x5d, 0xf3, 0x2, 0xbf, 0xe6, 0xf3,

    /* U+0065 "e" */
    0x1, 0xaf, 0xe9, 0x0, 0xd, 0xb4, 0x5e, 0x80,
    0x5e, 0x0, 0x5, 0xf0, 0x8f, 0xff, 0xff, 0xf0,
    0x5f, 0x22, 0x22, 0x20, 0xd, 0xc4, 0x4a, 0x40,
    0x1, 0xaf, 0xfa, 0x10,

    /* U+0066 "f" */
    0x0, 0x3d, 0xfb, 0x0, 0xe, 0x93, 0x40, 0x1,
    0xf2, 0x0, 0xc, 0xff, 0xff, 0x40, 0x24, 0xf4,
    0x20, 0x0, 0x2f, 0x20, 0x0, 0x2, 0xf2, 0x0,
    0x0, 0x2f, 0x20, 0x0, 0x2, 0xf2, 0x0, 0x0,
    0x2f, 0x20, 0x0,

    /* U+0067 "g" */
    0x2, 0xbf, 0xe6, 0xf3, 0xe, 0xa2, 0x2c, 0xf3,
    0x6e, 0x0, 0x2, 0xf3, 0x8d, 0x0, 0x0, 0xf3,
    0x6f, 0x10, 0x3, 0xf3, 0xe, 0xc4, 0x5d, 0xf3,
    0x2, 0xcf, 0xe6, 0xf2, 0x1, 0x0, 0x3, 0xf1,
    0x2f, 0x74, 0x5d, 0xa0, 0x6, 0xdf, 0xe8, 0x0,

    /* U+0068 "h" */
    0x1f, 0x30, 0x0, 0x1, 0xf3, 0x0, 0x0, 0x1f,
    0x30, 0x0, 0x1, 0xf7, 0xdf, 0xb1, 0x1f, 0xd4,
    0x5e, 0x91, 0xf4, 0x0, 0x7d, 0x1f, 0x30, 0x6,
    0xe1, 0xf3, 0x0, 0x6e, 0x1f, 0x30, 0x6, 0xe1,
    0xf3, 0x0, 0x6e,

    /* U+0069 "i" */
    0x2f, 0x30, 0x91, 0x0, 0x1, 0xf3, 0x1f, 0x31,
    0xf3, 0x1f, 0x31, 0xf3, 0x1f, 0x31, 0xf3,

    /* U+006A "j" */
    0x0, 0xe, 0x50, 0x0, 0x92, 0x0, 0x0, 0x0,
    0x0, 0xf4, 0x0, 0xf, 0x40, 0x0, 0xf4, 0x0,
    0xf, 0x40, 0x0, 0xf4, 0x0, 0xf, 0x40, 0x0,
    0xf4, 0x0, 0xf, 0x43, 0x56, 0xf2, 0x6e, 0xf7,
    0x0,

    /* U+006B "k" */
    0x1f, 0x30, 0x0, 0x1, 0xf3, 0x0, 0x0, 0x1f,
    0x30, 0x0, 0x1, 0xf3, 0x4, 0xf4, 0x1f, 0x33,
    0xf5, 0x1, 0xf5, 0xe6, 0x0, 0x1f, 0xed, 0x0,
    0x1, 0xf4, 0xe9, 0x0, 0x1f, 0x32, 0xf7, 0x1,
    0xf3, 0x4, 0xf5,

    /* U+006C "l" */
    0x1f, 0x31, 0xf3, 0x1f, 0x31, 0xf3, 0x1f, 0x31,
    0xf3, 0x1f, 0x31, 0xf3, 0x1f, 0x31, 0xf3,

    /* U+006D "m" */
    0x1f, 0x8e, 0xf9, 0x2b, 0xfd, 0x40, 0x1f, 0xb2,
    0x3e, 0xf5, 0x19, 0xe0, 0x1f, 0x30, 0x9, 0xb0,
    0x2, 0xf2, 0x1f, 0x30, 0x9, 0xa0, 0x1, 0xf3,
    0x1f, 0x30, 0x9, 0xa0, 0x1, 0xf3, 0x1f, 0x30,
    0x9, 0xa0, 0x1, 0xf3, 0x1f, 0x30, 0x9, 0xa0,
    0x1, 0xf3,

    /* U+006E "n" */
    0x1f, 0x7d, 0xfa, 0x1, 0xfd, 0x45, 0xe9, 0x1f,
    0x40, 0x7, 0xd1, 0xf3, 0x0, 0x6e, 0x1f, 0x30,
    0x6, 0xe1, 0xf3, 0x0, 0x6e, 0x1f, 0x30, 0x6,
    0xe0,

    /* U+006F "o" */
    0x1, 0xaf, 0xfa, 0x10, 0xd, 0xc5, 0x5d, 0xc0,
    0x5f, 0x10, 0x2, 0xf4, 0x8d, 0x0, 0x0, 0xe6,
    0x5f, 0x10, 0x1, 0xf4, 0xd, 0xc5, 0x5d, 0xc0,
    0x1, 0xaf, 0xfa, 0x10,

    /* U+0070 "p" */
    0x1f, 0x7d, 0xfc, 0x30, 0x1f, 0xe6, 0x4a, 0xf1,
    0x1f, 0x50, 0x0, 0xd8, 0x1f, 0x20, 0x0, 0xaa,
    0x1f, 0x50, 0x0, 0xd8, 0x1f, 0xe5, 0x4a, 0xf2,
    0x1f, 0x7d, 0xfc, 0x30, 0x1f, 0x30, 0x0, 0x0,
    0x1f, 0x30, 0x0, 0x0, 0x1f, 0x30, 0x0, 0x0,

    /* U+0071 "q" */
    0x2, 0xbf, 0xe6, 0xf3, 0xd, 0xc4, 0x5d, 0xf3,
    0x5f, 0x10, 0x2, 0xf3, 0x7d, 0x0, 0x0, 0xf3,
    0x5f, 0x10, 0x2, 0xf3, 0xe, 0xc4, 0x4d, 0xf3,
    0x2, 0xbf, 0xe6, 0xf3, 0x0, 0x0, 0x0, 0xf3,
    0x0, 0x0, 0x0, 0xf3, 0x0, 0x0, 0x0, 0xf3,

    /* U+0072 "r" */
    0x1f, 0x9e, 0xe5, 0x1f, 0xb2, 0x40, 0x1f, 0x40,
    0x0, 0x1f, 0x30, 0x0, 0x1f, 0x30, 0x0, 0x1f,
    0x30, 0x0, 0x1f, 0x30, 0x0,

    /* U+0073 "s" */
    0x8, 0xef, 0xa1, 0x3f, 0x44, 0xa2, 0x3f, 0x61,
    0x0, 0x6, 0xdf, 0xa0, 0x0, 0x3, 0xe6, 0x5b,
    0x43, 0xe6, 0x1a, 0xff, 0xa0,

    /* U+0074 "t" */
    0x0, 0xf3, 0x0, 0xf, 0x30, 0x0, 0xf3, 0xb,
    0xff, 0xfd, 0x13, 0xf5, 0x20, 0xf, 0x30, 0x0,
    0xf3, 0x0, 0xf, 0x30, 0x0, 0xf3, 0x0, 0xf,
    0x30,

    /* U+0075 "u" */
    0x4f, 0x0, 0xd, 0x74, 0xf0, 0x0, 0xd7, 0x4f,
    0x0, 0xd, 0x74, 0xf0, 0x0, 0xd7, 0x3f, 0x10,
    0xe, 0x60, 0xdb, 0x48, 0xf2, 0x2, 0xcf, 0xd4,
    0x0,

    /* U+0076 "v" */
    0xac, 0x0, 0x8, 0xc3, 0xf2, 0x0, 0xe5, 0xc,
    0x90, 0x6e, 0x0, 0x5f, 0xc, 0x70, 0x0, 0xda,
    0xf1, 0x0, 0x7, 0xf9, 0x0, 0x0, 0xf, 0x20,
    0x0,

    /* U+0077 "w" */
    0x9b, 0x0, 0x4c, 0x0, 0x3f, 0x13, 0xf1, 0xa,
    0xf2, 0x8, 0xb0, 0xd, 0x60, 0xfd, 0x70, 0xe5,
    0x0, 0x7b, 0x5d, 0x5d, 0x3f, 0x0, 0x1, 0xfc,
    0x70, 0xfc, 0x90, 0x0, 0xb, 0xf1, 0x9, 0xf4,
    0x0, 0x0, 0x5b, 0x0, 0x3d, 0x0, 0x0,

    /* U+0078 "x" */
    0x4f, 0x40, 0x2f, 0x50, 0x9e, 0x1c, 0xa0, 0x0,
    0xde, 0xd0, 0x0, 0x6, 0xf8, 0x0, 0x1, 0xeb,
    0xf2, 0x0, 0xbb, 0xb, 0xc0, 0x6f, 0x10, 0x1f,
    0x70,

    /* U+0079 "y" */
    0x9d, 0x0, 0xa, 0xb2, 0xf3, 0x1, 0xf4, 0xc,
    0x90, 0x7d, 0x0, 0x5f, 0xd, 0x60, 0x0, 0xea,
    0xe0, 0x0, 0x8, 0xf8, 0x0, 0x0, 0x4f, 0x10,
    0x0, 0xa, 0xa0, 0x0, 0x2, 0xf3, 0x0, 0x0,
    0x9d, 0x0, 0x0,

    /* U+007A "z" */
    0x6f, 0xff, 0xfc, 0x12, 0x26, 0xf4, 0x0, 0xd,
    0x80, 0x0, 0xad, 0x0, 0x5, 0xf2, 0x0, 0x1e,
    0x93, 0x32, 0x9f, 0xff, 0xfb,

    /* U+007B "{" */
    0x3, 0xdf, 0x0, 0xa8, 0x0, 0xb, 0x50, 0x0,
    0x97, 0x0, 0x9, 0x70, 0x9, 0xf1, 0x0, 0x9,
    0x60, 0x0, 0x97, 0x0, 0xa, 0x60, 0x0, 0xb5,
    0x0, 0xa, 0x80, 0x0, 0x3e, 0xe0, 0x0, 0x1,
    0x0,

    /* U+007C "|" */
    0x87, 0xa8, 0xa8, 0xa8, 0xa8, 0xa8, 0xa8, 0xa8,
    0xa8, 0xa8, 0xa8, 0xa8, 0xa8,

    /* U+007D "}" */
    0x8f, 0xa0, 0x0, 0x1e, 0x30, 0x0, 0xd3, 0x0,
    0xf, 0x10, 0x0, 0xe2, 0x0, 0x9, 0xf1, 0x0,
    0xe2, 0x0, 0xf, 0x10, 0x0, 0xe2, 0x0, 0xd,
    0x30, 0x0, 0xe2, 0x7, 0xfa, 0x0, 0x1, 0x0,
    0x0,

    /* U+007E "~" */
    0x0, 0x0, 0x0, 0x0, 0xaf, 0xc2, 0x36, 0x1b,
    0x48, 0xff, 0x70, 0x0, 0x1, 0x20,

    /* U+00B0 "°" */
    0x8, 0xec, 0x34, 0xd2, 0x7d, 0x5c, 0x4, 0xe0,
    0xbf, 0xf5, 0x0, 0x10, 0x0,

    /* U+00B7 "·" */
    0xb8, 0xda,

    /* U+2013 "–" */
    0x1f, 0xff, 0xff, 0xb0, 0x22, 0x22, 0x21,

    /* U+2014 "—" */
    0x1f, 0xff, 0xff, 0xff, 0xff, 0xe0, 0x22, 0x22,
    0x22, 0x22, 0x21,

    /* U+2018 "‘" */
    0x2, 0x50, 0xb4, 0x2f, 0x52, 0xe6,

    /* U+2019 "’" */
    0xd, 0x90, 0xda, 0xc, 0x30, 0x70,

    /* U+201C "“" */
    0x2, 0x50, 0x61, 0xb, 0x42, 0xc0, 0x2f, 0x59,
    0xd0, 0x2e, 0x68, 0xe0,

    /* U+201D "”" */
    0xd, 0x95, 0xf2, 0xd, 0xa4, 0xf3, 0xc, 0x33,
    0xc0, 0x7, 0x4, 0x30,

    /* U+2022 "•" */
    0xa, 0xf4, 0xf, 0xfa, 0x8, 0xc3,

    /* U+2026 "…" */
    0x9a, 0x6, 0xc0, 0x3d, 0x3b, 0xb0, 0x7e, 0x14,
    0xf3,

    /* U+E034 "" */
    0x0, 0x0, 0x0, 0x0, 0x2e, 0x90, 0x9, 0xe2,
    0x6f, 0xe0, 0xe, 0xf6, 0x6f, 0xe0, 0xe, 0xf6,
    0x6f, 0xe0, 0xe, 0xf6, 0x6f, 0xe0, 0xe, 0xf6,
    0x6f, 0xe0, 0xe, 0xf6, 0x6f, 0xe0, 0xe, 0xf6,
    0x2e, 0x90, 0x9, 0xe2, 0x0, 0x0, 0x0, 0x0,

    /* U+E037 "" */
    0x7, 0x10, 0x0, 0x1, 0xff, 0x60, 0x0, 0x1f,
    0xff, 0xc2, 0x1, 0xff, 0xff, 0xf6, 0x1f, 0xff,
    0xff, 0x61, 0xff, 0xfc, 0x20, 0x1f, 0xf6, 0x0,
    0x0, 0x71, 0x0, 0x0,

    /* U+E03D "" */
    0x4, 0x44, 0x44, 0x42, 0x1, 0x42, 0x1d, 0xee,
    0xee, 0xe8, 0xe, 0xea, 0x2, 0x22, 0x22, 0x21,
    0xf, 0x10, 0x1f, 0xff, 0xff, 0xfa, 0xf, 0x10,
    0x0, 0x0, 0x0, 0x0, 0xf, 0x10, 0x1e, 0xff,
    0xf4, 0xa, 0xef, 0x10, 0x2, 0x33, 0x30, 0x5f,
    0xff, 0x10, 0x0, 0x0, 0x0, 0x2f, 0xfd, 0x0,
    0x0, 0x0, 0x0, 0x3, 0x72, 0x0,

    /* U+E043 "" */
    0x1, 0x0, 0x0, 0x5, 0x75, 0x1f, 0x50, 0x0,
    0x7, 0xfe, 0x5, 0xf5, 0x0, 0x1c, 0xde, 0x0,
    0x5f, 0x21, 0xcb, 0x2, 0x0, 0x2, 0x1c, 0xb0,
    0x0, 0x0, 0x1, 0xdb, 0x0, 0x0, 0x0, 0x1d,
    0xb0, 0x95, 0x0, 0x1, 0xdb, 0x0, 0x5f, 0x6a,
    0xd, 0xb0, 0x0, 0x6, 0xfe, 0x18, 0x0, 0x0,
    0xa, 0xeb,

    /* U+E044 "" */
    0x0, 0x0, 0x0, 0x20, 0x6b, 0x10, 0x0, 0xe3,
    0x8f, 0xf5, 0x0, 0xe3, 0x8f, 0xff, 0x90, 0xe3,
    0x8f, 0xff, 0x90, 0xe3, 0x8f, 0xf5, 0x0, 0xe3,
    0x6b, 0x10, 0x0, 0xe3, 0x0, 0x0, 0x0, 0x81,

    /* U+E047 "" */
    0x3, 0x44, 0x44, 0x20, 0x8f, 0xff, 0xff, 0xf2,
    0xbf, 0xff, 0xff, 0xf4, 0xbf, 0xff, 0xff, 0xf4,
    0xbf, 0xff, 0xff, 0xf4, 0xbf, 0xff, 0xff, 0xf4,
    0xaf, 0xff, 0xff, 0xf3, 0x3a, 0xbb, 0xbb, 0x80,

    /* U+E05F "" */
    0x24, 0x44, 0x44, 0x40, 0x8, 0xee, 0xee, 0xed,
    0x10, 0x12, 0x22, 0x22, 0x20, 0xa, 0xff, 0xff,
    0xff, 0x10, 0x0, 0x0, 0x0, 0x0, 0x9, 0xff,
    0xfc, 0x6, 0x10, 0x13, 0x33, 0x20, 0xde, 0x50,
    0x0, 0x0, 0xd, 0xd3, 0x0, 0x0, 0x0, 0x40,
    0x0,

    /* U+E0F0 "" */
    0x0, 0x19, 0xde, 0xa2, 0x0, 0x1, 0xef, 0xff,
    0xff, 0x50, 0xb, 0xff, 0xff, 0xff, 0xe1, 0xf,
    0xff, 0xff, 0xff, 0xf5, 0x3f, 0xff, 0xff, 0xff,
    0xf7, 0xf, 0xff, 0xff, 0xff, 0xf5, 0xa, 0xff,
    0xff, 0xff, 0xe0, 0x1, 0xdf, 0xff, 0xff, 0x30,
    0x0, 0x4, 0x55, 0x51, 0x0, 0x0, 0x1f, 0xff,
    0xf5, 0x0, 0x0, 0x1, 0x55, 0x30, 0x0, 0x0,
    0x0, 0x9c, 0x0, 0x0,

    /* U+E145 "" */
    0x0, 0x0, 0x0, 0x0, 0x0, 0x0, 0x0, 0x88,
    0x0, 0x0, 0x0, 0x0, 0x99, 0x0, 0x0, 0x0,
    0x0, 0x99, 0x0, 0x0, 0x8, 0x99, 0xdd, 0x99,
    0x80, 0x8, 0x99, 0xdd, 0x99, 0x80, 0x0, 0x0,
    0x99, 0x0, 0x0, 0x0, 0x0, 0x99, 0x0, 0x0,
    0x0, 0x0, 0x88, 0x0, 0x0, 0x0, 0x0, 0x0,
    0x0, 0x0,

    /* U+E1BA "" */
    0x0, 0x2, 0x7b, 0xcc, 0xb7, 0x20, 0x0, 0x2,
    0xbf, 0xb7, 0x55, 0x7b, 0xfb, 0x20, 0x4f, 0xc3,
    0x1, 0x33, 0x10, 0x3c, 0xf4, 0x8e, 0x15, 0xdf,
    0xff, 0xfd, 0x51, 0xe8, 0x9, 0xff, 0xff, 0xff,
    0xff, 0xff, 0x90, 0x0, 0xaf, 0xff, 0xff, 0xff,
    0xfa, 0x0, 0x0, 0xa, 0xff, 0xff, 0xff, 0xa0,
    0x0, 0x0, 0x0, 0xaf, 0xff, 0xfa, 0x0, 0x0,
    0x0, 0x0, 0xb, 0xff, 0xb0, 0x0, 0x0, 0x0,
    0x0, 0x0, 0xbb, 0x0, 0x0, 0x0, 0x0, 0x0,
    0x0, 0x0, 0x0, 0x0, 0x0,

    /* U+E1C4 "" */
    0x0, 0x3, 0x8b, 0xa7, 0x20, 0x0, 0x0, 0x9f,
    0xff, 0xff, 0xf7, 0x0, 0x9, 0xff, 0xff, 0xff,
    0xff, 0x60, 0x4f, 0xff, 0xff, 0xff, 0xff, 0xf2,
    0x9f, 0xff, 0x81, 0xbf, 0xff, 0xf6, 0xdf, 0xff,
    0x70, 0x5, 0xff, 0xf9, 0xdf, 0xff, 0x70, 0x5,
    0xff, 0xfa, 0xaf, 0xff, 0x81, 0xbf, 0xff, 0xf6,
    0x4f, 0xff, 0xff, 0xff, 0xff, 0xf2, 0xa, 0xff,
    0xff, 0xff, 0xff, 0x70, 0x0, 0xaf, 0xff, 0xff,
    0xf8, 0x0, 0x0, 0x4, 0x9c, 0xb8, 0x30, 0x0,

    /* U+E2EA "" */
    0x0, 0x0, 0x0, 0x30, 0x0, 0x0, 0xc, 0xf0,
    0x0, 0x0, 0xcf, 0x40, 0x0, 0xb, 0xf4, 0x0,
    0x0, 0xbf, 0x40, 0x0, 0xb, 0xf5, 0x0, 0x0,
    0x1f, 0xd0, 0x0, 0x0, 0x4, 0xfc, 0x0, 0x0,
    0x0, 0x4f, 0xc0, 0x0, 0x0, 0x4, 0xfc, 0x0,
    0x0, 0x0, 0x4f, 0xc0, 0x0, 0x0, 0x3, 0x90,

    /* U+E39E "" */
    0x0, 0x3, 0x8c, 0xc8, 0x30, 0x0, 0x0, 0x9f,
    0x96, 0x69, 0xf9, 0x0, 0x8, 0xd2, 0x0, 0x0,
    0x2d, 0x80, 0x3f, 0x20, 0x0, 0x0, 0x2, 0xf3,
    0x8a, 0x0, 0x1a, 0xa1, 0x0, 0xa8, 0xb6, 0x0,
    0xaf, 0xf9, 0x0, 0x6b, 0xb6, 0x0, 0xaf, 0xf9,
    0x0, 0x6b, 0x8a, 0x0, 0x1a, 0xa1, 0x0, 0xa8,
    0x3f, 0x20, 0x0, 0x0, 0x2, 0xf3, 0x8, 0xd2,
    0x0, 0x0, 0x2d, 0x80, 0x0, 0x9f, 0x96, 0x69,
    0xf9, 0x0, 0x0, 0x3, 0x8c, 0xc8, 0x30, 0x0,

    /* U+E3AB "" */
    0x0, 0x0, 0x0, 0x43, 0x0, 0x0, 0x0, 0x0,
    0x0, 0x5, 0xff, 0x40, 0x0, 0x0, 0x0, 0x8e,
    0xef, 0xff, 0xfe, 0xe8, 0x0, 0x0, 0xaf, 0xff,
    0xfa, 0xef, 0xfa, 0x0, 0x0, 0xaf, 0xff, 0xf0,
    0xb, 0xfa, 0x0, 0x5, 0xff, 0xff, 0xf0, 0x1,
    0xff, 0x40, 0x2f, 0xff, 0xff, 0xf0, 0x0, 0xcf,
    0xf1, 0xc, 0xff, 0xff, 0xf0, 0x0, 0xcf, 0xb0,
    0x1, 0xdf, 0xff, 0xf0, 0x1, 0xfd, 0x0, 0x0,
    0xaf, 0xff, 0xf0, 0xb, 0xfa, 0x0, 0x0, 0xaf,
    0xff, 0xfa, 0xef, 0xfa, 0x0, 0x0, 0x37, 0x7d,
    0xff, 0xc7, 0x73, 0x0, 0x0, 0x0, 0x1, 0xdb,
    0x0, 0x0, 0x0, 0x0, 0x0, 0x0, 0x0, 0x0,
    0x0, 0x0,

    /* U+E405 "" */
    0x0, 0x0, 0x3, 0x20, 0x0, 0x0, 0xdf, 0xf5,
    0x0, 0x0, 0xff, 0xf3, 0x0, 0x0, 0xf3, 0x0,
    0x0, 0x0, 0xf2, 0x0, 0x0, 0x0, 0xf2, 0x0,
    0x0, 0x54, 0xf2, 0x0, 0xd, 0xff, 0xf2, 0x0,
    0x6f, 0xff, 0xf2, 0x0, 0x5f, 0xff, 0xf0, 0x0,
    0xb, 0xff, 0x70, 0x0, 0x0, 0x21, 0x0, 0x0,

    /* U+E429 "" */
    0x0, 0x0, 0x0, 0x0, 0x20, 0x0, 0x0, 0x11,
    0x11, 0x10, 0xe4, 0x10, 0xf, 0xff, 0xff, 0xe0,
    0xef, 0xf7, 0x0, 0x11, 0x11, 0x10, 0xe4, 0x10,
    0x0, 0x4, 0x20, 0x0, 0x20, 0x0, 0x4, 0x5d,
    0x61, 0x55, 0x55, 0x51, 0xb, 0xcf, 0x62, 0xcc,
    0xcc, 0xc5, 0x0, 0x9, 0x50, 0x20, 0x0, 0x0,
    0x0, 0x11, 0x3, 0xe1, 0x11, 0x10, 0xf, 0xff,
    0x63, 0xff, 0xff, 0xf7, 0x0, 0x11, 0x3, 0xe1,
    0x11, 0x10, 0x0, 0x0, 0x0, 0x20, 0x0, 0x0,

    /* U+E518 "" */
    0x0, 0x0, 0x0, 0x22, 0x0, 0x0, 0x0, 0x0,
    0x0, 0x0, 0x99, 0x0, 0x0, 0x0, 0x0, 0x24,
    0x0, 0x66, 0x0, 0x42, 0x0, 0x0, 0x4f, 0x20,
    0x0, 0x2, 0xf4, 0x0, 0x0, 0x2, 0x7, 0xdd,
    0x60, 0x20, 0x0, 0x0, 0x0, 0x7f, 0xff, 0xf6,
    0x0, 0x0, 0x29, 0x60, 0xdf, 0xff, 0xfd, 0x6,
    0x92, 0x29, 0x60, 0xdf, 0xff, 0xfd, 0x6, 0x92,
    0x0, 0x0, 0x7f, 0xff, 0xf7, 0x0, 0x0, 0x0,
    0x2, 0x7, 0xdd, 0x70, 0x20, 0x0, 0x0, 0x4f,
    0x20, 0x0, 0x2, 0xf4, 0x0, 0x0, 0x24, 0x0,
    0x66, 0x0, 0x42, 0x0, 0x0, 0x0, 0x0, 0x99,
    0x0, 0x0, 0x0, 0x0, 0x0, 0x0, 0x22, 0x0,
    0x0, 0x0,

    /* U+E5CA "" */
    0x0, 0x0, 0x0, 0x0, 0x6, 0x0, 0x0, 0x0,
    0x0, 0xc, 0xc0, 0x0, 0x0, 0x0, 0xc, 0xc0,
    0x0, 0x0, 0x0, 0xc, 0xc0, 0x0, 0x75, 0x0,
    0xc, 0xc0, 0x0, 0x5, 0xf5, 0xc, 0xc0, 0x0,
    0x0, 0x5, 0xfd, 0xc0, 0x0, 0x0, 0x0, 0x5,
    0xa0, 0x0, 0x0, 0x0,

    /* U+E5CD "" */
    0x95, 0x0, 0x0, 0x59, 0x5f, 0x50, 0x5, 0xf5,
    0x5, 0xf5, 0x5f, 0x50, 0x0, 0x5f, 0xf5, 0x0,
    0x0, 0x5f, 0xf5, 0x0, 0x5, 0xf5, 0x5f, 0x50,
    0x5f, 0x50, 0x5, 0xf5, 0x95, 0x0, 0x0, 0x59,

    /* U+E5CF "" */
    0x1a, 0x10, 0x0, 0x92, 0xb, 0xd1, 0xb, 0xd1,
    0x0, 0xbd, 0xbd, 0x10, 0x0, 0xb, 0xc1, 0x0,
    0x0, 0x0, 0x0, 0x0,

    /* U+E5D5 "" */
    0x0, 0x5, 0x98, 0x50, 0x0, 0x2, 0xde, 0x99,
    0xec, 0x86, 0xd, 0xa0, 0x0, 0xd, 0xfa, 0x5e,
    0x0, 0x0, 0x5f, 0xfa, 0x99, 0x0, 0x0, 0x26,
    0x62, 0x89, 0x0, 0x0, 0x0, 0x0, 0x5d, 0x0,
    0x0, 0x0, 0xa1, 0xd, 0x90, 0x0, 0x9, 0xd0,
    0x2, 0xce, 0x99, 0xdd, 0x20, 0x0, 0x5, 0x99,
    0x60, 0x0,

    /* U+E63E "" */
    0x0, 0x0, 0x0, 0x0, 0x0, 0x0, 0x0, 0x0,
    0x0, 0x4, 0x55, 0x20, 0x0, 0x0, 0x0, 0x3a,
    0xff, 0xff, 0xff, 0xa2, 0x0, 0x7, 0xff, 0xb8,
    0x55, 0x7b, 0xff, 0x80, 0xe, 0xc4, 0x0, 0x22,
    0x0, 0x3b, 0xd0, 0x0, 0x1, 0x9f, 0xff, 0xf8,
    0x10, 0x0, 0x0, 0x9, 0xfc, 0x78, 0xcf, 0x90,
    0x0, 0x0, 0x2, 0x40, 0x0, 0x4, 0x20, 0x0,
    0x0, 0x0, 0x2, 0xba, 0x20, 0x0, 0x0, 0x0,
    0x0, 0x2, 0xff, 0x20, 0x0, 0x0, 0x0, 0x0,
    0x0, 0x22, 0x0, 0x0, 0x0,

    /* U+E836 "" */
    0x0, 0x3, 0x8c, 0xc8, 0x30, 0x0, 0x0, 0x9f,
    0x96, 0x69, 0xf9, 0x0, 0x8, 0xd2, 0x0, 0x0,
    0x2d, 0x80, 0x3f, 0x20, 0x0, 0x0, 0x2, 0xf3,
    0x8a, 0x0, 0x0, 0x0, 0x0, 0xa8, 0xb6, 0x0,
    0x0, 0x0, 0x0, 0x6b, 0xb6, 0x0, 0x0, 0x0,
    0x0, 0x6b, 0x8a, 0x0, 0x0, 0x0, 0x0, 0xa8,
    0x3f, 0x20, 0x0, 0x0, 0x2, 0xf3, 0x8, 0xd2,
    0x0, 0x0, 0x2d, 0x80, 0x0, 0x9f, 0x96, 0x69,
    0xf9, 0x0, 0x0, 0x3, 0x8c, 0xc8, 0x30, 0x0,

    /* U+E872 "" */
    0x0, 0x2, 0x33, 0x20, 0x0, 0xa, 0xbf, 0xff,
    0xfb, 0xa0, 0x6, 0x77, 0x77, 0x77, 0x60, 0x2,
    0xdf, 0xff, 0xfd, 0x20, 0x7, 0xff, 0xff, 0xff,
    0x70, 0x7, 0xff, 0xff, 0xff, 0x70, 0x7, 0xff,
    0xff, 0xff, 0x70, 0x7, 0xff, 0xff, 0xff, 0x70,
    0x7, 0xff, 0xff, 0xff, 0x70, 0x7, 0xff, 0xff,
    0xff, 0x70, 0x4, 0xff, 0xff, 0xff, 0x40, 0x0,
    0x23, 0x33, 0x32, 0x0,

    /* U+E88A "" */
    0x0, 0x0, 0x0, 0x0, 0x0, 0x0, 0x0, 0x0,
    0xb, 0xc1, 0x0, 0x0, 0x0, 0x1, 0xdf, 0xfd,
    0x10, 0x0, 0x0, 0x2e, 0xff, 0xff, 0xe2, 0x0,
    0x3, 0xef, 0xff, 0xff, 0xfe, 0x30, 0x2f, 0xff,
    0xff, 0xff, 0xff, 0xf2, 0x1, 0xff, 0xff, 0xff,
    0xff, 0x10, 0x1, 0xff, 0xd2, 0x2d, 0xff, 0x10,
    0x1, 0xff, 0xd0, 0xd, 0xff, 0x10, 0x1, 0xff,
    0xd0, 0xd, 0xff, 0x10, 0x0, 0x9a, 0x70, 0x7,
    0xa9, 0x0,

    /* U+E8AC "" */
    0x0, 0x0, 0x0, 0x0, 0x0, 0x0, 0x0, 0x0,
    0xc, 0x50, 0x0, 0x0, 0x0, 0xa0, 0xc, 0x50,
    0xa, 0x0, 0x8, 0xc0, 0xc, 0x50, 0xd, 0x80,
    0xf, 0x30, 0xc, 0x50, 0x4, 0xf0, 0x2f, 0x0,
    0xc, 0x50, 0x0, 0xf2, 0x2f, 0x0, 0x7, 0x20,
    0x0, 0xf2, 0xf, 0x40, 0x0, 0x0, 0x4, 0xe0,
    0x7, 0xd0, 0x0, 0x0, 0xd, 0x80, 0x0, 0xcd,
    0x40, 0x4, 0xdc, 0x0, 0x0, 0x8, 0xef, 0xff,
    0x80, 0x0, 0x0, 0x0, 0x2, 0x20, 0x0, 0x0,

    /* U+E8B6 "" */
    0x0, 0x0, 0x21, 0x0, 0x0, 0x0, 0x8, 0xff,
    0xfa, 0x0, 0x0, 0x8, 0xd3, 0x2, 0xca, 0x0,
    0x0, 0xf3, 0x0, 0x1, 0xf1, 0x0, 0x2f, 0x0,
    0x0, 0xe, 0x30, 0x1, 0xf2, 0x0, 0x1, 0xf2,
    0x0, 0xa, 0xc1, 0x1, 0xba, 0x0, 0x0, 0xa,
    0xfe, 0xfb, 0xd6, 0x0, 0x0, 0x2, 0x32, 0x6,
    0xf5, 0x0, 0x0, 0x0, 0x0, 0x6, 0xf5, 0x0,
    0x0, 0x0, 0x0, 0x5, 0x50,

    /* U+EBD6 "" */
    0x0, 0x2, 0x7b, 0xcc, 0xb7, 0x20, 0x0, 0x2,
    0xbf, 0xc9, 0x66, 0x9b, 0xfb, 0x20, 0x4f, 0xc3,
    0x0, 0x0, 0x0, 0x2b, 0xf4, 0x8e, 0x10, 0x0,
    0x0, 0x0, 0x1, 0xe8, 0x9, 0xd1, 0x0, 0x0,
    0x0, 0x1d, 0x90, 0x0, 0xad, 0x5b, 0xee, 0xb5,
    0xda, 0x0, 0x0, 0xa, 0xff, 0xff, 0xff, 0xa0,
    0x0, 0x0, 0x0, 0xaf, 0xff, 0xfa, 0x0, 0x0,
    0x0, 0x0, 0xb, 0xff, 0xb0, 0x0, 0x0, 0x0,
    0x0, 0x0, 0xbb, 0x0, 0x0, 0x0, 0x0, 0x0,
    0x0, 0x0, 0x0, 0x0, 0x0,

    /* U+EBE1 "" */
    0x0, 0x2, 0x7b, 0xcc, 0xb7, 0x20, 0x0, 0x2,
    0xbf, 0xb9, 0x66, 0x9c, 0xfb, 0x20, 0x4f, 0xb3,
    0x0, 0x0, 0x0, 0x3c, 0xf4, 0x8e, 0x10, 0x0,
    0x11, 0x0, 0x1, 0xe8, 0x9, 0xd3, 0x9f, 0xff,
    0xf9, 0x3d, 0x90, 0x0, 0xaf, 0xff, 0xff, 0xff,
    0xfa, 0x0, 0x0, 0xa, 0xff, 0xff, 0xff, 0xa0,
    0x0, 0x0, 0x0, 0xaf, 0xff, 0xfa, 0x0, 0x0,
    0x0, 0x0, 0xb, 0xff, 0xb0, 0x0, 0x0, 0x0,
    0x0, 0x0, 0xbb, 0x0, 0x0, 0x0, 0x0, 0x0,
    0x0, 0x0, 0x0, 0x0, 0x0,

    /* U+EBE4 "" */
    0x0, 0x2, 0x7b, 0xcc, 0xb7, 0x20, 0x0, 0x2,
    0xbf, 0xb8, 0x66, 0x8b, 0xfb, 0x20, 0x5f, 0xa2,
    0x0, 0x0, 0x0, 0x2a, 0xf5, 0x8e, 0x20, 0x0,
    0x0, 0x0, 0x2, 0xe8, 0x9, 0xe2, 0x0, 0x0,
    0x0, 0x2e, 0x80, 0x0, 0x9e, 0x20, 0x0, 0x2,
    0xe8, 0x0, 0x0, 0x9, 0xea, 0xee, 0xae, 0x80,
    0x0, 0x0, 0x0, 0x9f, 0xff, 0xf8, 0x0, 0x0,
    0x0, 0x0, 0x9, 0xff, 0x80, 0x0, 0x0, 0x0,
    0x0, 0x0, 0x98, 0x0, 0x0, 0x0, 0x0, 0x0,
    0x0, 0x0, 0x0, 0x0, 0x0,

    /* U+EF4A "" */
    0x0, 0x2, 0x7b, 0xb7, 0x20, 0x0, 0x0, 0x8f,
    0xff, 0xff, 0xf8, 0x0, 0x8, 0xff, 0xff, 0xff,
    0xff, 0x80, 0x3f, 0xff, 0xff, 0xff, 0xff, 0xf3,
    0x8f, 0xff, 0xff, 0xff, 0xff, 0xf8, 0xbf, 0xff,
    0xff, 0xff, 0xff, 0xfb, 0xbf, 0xff, 0xff, 0xff,
    0xff, 0xfb, 0x8f, 0xff, 0xff, 0xff, 0xff, 0xf8,
    0x3f, 0xff, 0xff, 0xff, 0xff, 0xf3, 0x9, 0xff,
    0xff, 0xff, 0xff, 0x80, 0x0, 0x9f, 0xff, 0xff,
    0xf9, 0x0, 0x0, 0x3, 0x8c, 0xc8, 0x30, 0x0,

    /* U+F001 "" */
    0x0, 0x0, 0x0, 0x0, 0x0, 0x0, 0x0, 0x0,
    0x0, 0x0, 0x0, 0x0, 0x2, 0x7b, 0xfb, 0x0,
    0x0, 0x0, 0x4, 0x9d, 0xff, 0xff, 0xd0, 0x0,
    0x3, 0xaf, 0xff, 0xff, 0xff, 0xfd, 0x0, 0x0,
    0xaf, 0xff, 0xff, 0xff, 0xdf, 0xd0, 0x0, 0xa,
    0xff, 0xff, 0xb6, 0x10, 0xed, 0x0, 0x0, 0xaf,
    0x94, 0x0, 0x0, 0xe, 0xd0, 0x0, 0xa, 0xf1,
    0x0, 0x0, 0x0, 0xed, 0x0, 0x0, 0xaf, 0x10,
    0x0, 0x0, 0xe, 0xd0, 0x0, 0xa, 0xf1, 0x0,
    0x0, 0x45, 0xfd, 0x0, 0x0, 0xaf, 0x10, 0x1,
    0xef, 0xff, 0xd0, 0x17, 0x9d, 0xf1, 0x0, 0x5f,
    0xff, 0xfc, 0xe, 0xff, 0xff, 0x10, 0x0, 0xaf,
    0xfd, 0x31, 0xff, 0xff, 0xe0, 0x0, 0x0, 0x1,
    0x0, 0x3, 0xbd, 0xa3, 0x0, 0x0, 0x0, 0x0,
    0x0,

    /* U+F008 "" */
    0x50, 0x18, 0x88, 0x88, 0x88, 0x84, 0x5, 0xfa,
    0xbf, 0xdd, 0xdd, 0xdd, 0xfd, 0xaf, 0xe4, 0x7f,
    0x10, 0x0, 0x0, 0xca, 0x4e, 0xe0, 0x4f, 0x10,
    0x0, 0x0, 0xc8, 0xe, 0xfe, 0xef, 0x10, 0x0,
    0x0, 0xcf, 0xef, 0xe0, 0x3f, 0xee, 0xee, 0xee,
    0xf8, 0xe, 0xf6, 0x8f, 0x76, 0x66, 0x66, 0xeb,
    0x6f, 0xf8, 0xaf, 0x10, 0x0, 0x0, 0xcc, 0x8f,
    0xe0, 0x3f, 0x10, 0x0, 0x0, 0xc8, 0xe, 0xfc,
    0xdf, 0x65, 0x55, 0x55, 0xee, 0xcf, 0xc2, 0x5f,
    0xff, 0xff, 0xff, 0xf9, 0x2c,

    /* U+F00B "" */
    0x57, 0x75, 0x5, 0x77, 0x77, 0x77, 0x75, 0xff,
    0xff, 0x1f, 0xff, 0xff, 0xff, 0xff, 0xff, 0xff,
    0x2f, 0xff, 0xff, 0xff, 0xff, 0xef, 0xff, 0xe,
    0xff, 0xff, 0xff, 0xfe, 0x1, 0x10, 0x0, 0x11,
    0x11, 0x11, 0x10, 0xef, 0xfe, 0xe, 0xff, 0xff,
    0xff, 0xfe, 0xff, 0xff, 0x2f, 0xff, 0xff, 0xff,
    0xff, 0xff, 0xff, 0x1f, 0xff, 0xff, 0xff, 0xff,
    0x68, 0x87, 0x7, 0x88, 0x88, 0x88, 0x86, 0x68,
    0x87, 0x7, 0x88, 0x88, 0x88, 0x86, 0xff, 0xff,
    0x1f, 0xff, 0xff, 0xff, 0xff, 0xff, 0xff, 0x2f,
    0xff, 0xff, 0xff, 0xff, 0xdf, 0xfd, 0xd, 0xff,
    0xff, 0xff, 0xfd,

    /* U+F00C "" */
    0x0, 0x0, 0x0, 0x0, 0x0, 0x1, 0x50, 0x0,
    0x0, 0x0, 0x0, 0x0, 0x1d, 0xf8, 0x0, 0x0,
    0x0, 0x0, 0x1, 0xdf, 0xfd, 0x0, 0x0, 0x0,
    0x0, 0x1d, 0xff, 0xe2, 0x2d, 0x60, 0x0, 0x1,
    0xdf, 0xfe, 0x20, 0xdf, 0xf6, 0x0, 0x1d, 0xff,
    0xe2, 0x0, 0x8f, 0xff, 0x61, 0xdf, 0xfe, 0x20,
    0x0, 0x8, 0xff, 0xfe, 0xff, 0xe2, 0x0, 0x0,
    0x0, 0x8f, 0xff, 0xfe, 0x20, 0x0, 0x0, 0x0,
    0x8, 0xff, 0xe2, 0x0, 0x0, 0x0, 0x0, 0x0,
    0x7d, 0x20, 0x0, 0x0, 0x0,

    /* U+F00D "" */
    0x0, 0x0, 0x0, 0x0, 0x0, 0x7f, 0x60, 0x0,
    0xb, 0xe2, 0xef, 0xf6, 0x0, 0xbf, 0xf8, 0x4f,
    0xff, 0x6b, 0xff, 0xd1, 0x4, 0xff, 0xff, 0xfd,
    0x10, 0x0, 0x5f, 0xff, 0xe1, 0x0, 0x0, 0xbf,
    0xff, 0xf6, 0x0, 0xb, 0xff, 0xdf, 0xff, 0x60,
    0xbf, 0xfd, 0x14, 0xff, 0xf5, 0xcf, 0xd1, 0x0,
    0x4f, 0xf6, 0x17, 0x10, 0x0, 0x3, 0x60,

    /* U+F011 "" */
    0x0, 0x0, 0x0, 0x11, 0x0, 0x0, 0x0, 0x0,
    0x0, 0x0, 0xff, 0x0, 0x0, 0x0, 0x0, 0x6f,
    0x21, 0xff, 0x12, 0xf7, 0x0, 0x6, 0xff, 0x61,
    0xff, 0x16, 0xff, 0x60, 0x1f, 0xf9, 0x1, 0xff,
    0x10, 0x9f, 0xf1, 0x6f, 0xe0, 0x1, 0xff, 0x10,
    0xe, 0xf6, 0xaf, 0x80, 0x1, 0xff, 0x10, 0x8,
    0xfa, 0xcf, 0x60, 0x1, 0xff, 0x10, 0x6, 0xfc,
    0xaf, 0x80, 0x0, 0xaa, 0x0, 0x8, 0xfb, 0x7f,
    0xd0, 0x0, 0x0, 0x0, 0xd, 0xf7, 0x1f, 0xf8,
    0x0, 0x0, 0x0, 0x8f, 0xf1, 0x7, 0xff, 0x91,
    0x0, 0x2a, 0xff, 0x70, 0x0, 0x9f, 0xff, 0xee,
    0xff, 0xf9, 0x0, 0x0, 0x5, 0xcf, 0xff, 0xfd,
    0x50, 0x0, 0x0, 0x0, 0x2, 0x44, 0x20, 0x0,
    0x0,

    /* U+F013 "" */
    0x0, 0x0, 0x0, 0x0, 0x0, 0x0, 0x0, 0x0,
    0x0, 0xa, 0xff, 0xa0, 0x0, 0x0, 0x0, 0x0,
    0xc, 0xff, 0xc0, 0x0, 0x0, 0x3, 0xd6, 0xdf,
    0xff, 0xfd, 0x6d, 0x30, 0xe, 0xff, 0xff, 0xff,
    0xff, 0xff, 0xe0, 0x5f, 0xff, 0xff, 0xaa, 0xff,
    0xff, 0xf5, 0x1a, 0xff, 0xf4, 0x0, 0x4f, 0xff,
    0xa1, 0x3, 0xff, 0xd0, 0x0, 0xd, 0xff, 0x30,
    0x4, 0xff, 0xf0, 0x0, 0xf, 0xff, 0x40, 0x4f,
    0xff, 0xfb, 0x22, 0xbf, 0xff, 0xf4, 0x2f, 0xff,
    0xff, 0xff, 0xff, 0xff, 0xf2, 0x9, 0xfe, 0xff,
    0xff, 0xff, 0xef, 0x90, 0x0, 0x50, 0x5e, 0xff,
    0xe5, 0x5, 0x0, 0x0, 0x0, 0xc, 0xff, 0xc0,
    0x0, 0x0, 0x0, 0x0, 0x4, 0x77, 0x40, 0x0,
    0x0,

    /* U+F015 "" */
    0x0, 0x0, 0x0, 0x3, 0x10, 0x3, 0x41, 0x0,
    0x0, 0x0, 0x0, 0x9f, 0xf5, 0xd, 0xf5, 0x0,
    0x0, 0x0, 0x1b, 0xfd, 0xff, 0x8d, 0xf5, 0x0,
    0x0, 0x2, 0xdf, 0xb1, 0x2d, 0xff, 0xf5, 0x0,
    0x0, 0x4f, 0xf8, 0x3e, 0xc2, 0xbf, 0xf5, 0x0,
    0x7, 0xff, 0x55, 0xff, 0xfe, 0x39, 0xfe, 0x40,
    0x9f, 0xe3, 0x8f, 0xff, 0xff, 0xf5, 0x6f, 0xf6,
    0xac, 0x2a, 0xff, 0xff, 0xff, 0xff, 0x73, 0xe6,
    0x0, 0x5f, 0xff, 0xff, 0xff, 0xff, 0xf1, 0x0,
    0x0, 0x6f, 0xff, 0xd7, 0x7f, 0xff, 0xf2, 0x0,
    0x0, 0x6f, 0xff, 0x90, 0xd, 0xff, 0xf2, 0x0,
    0x0, 0x6f, 0xff, 0x90, 0xd, 0xff, 0xf2, 0x0,
    0x0, 0x4f, 0xff, 0x70, 0xb, 0xff, 0xe1, 0x0,

    /* U+F019 "" */
    0x0, 0x0, 0x0, 0x33, 0x0, 0x0, 0x0, 0x0,
    0x0, 0xb, 0xff, 0xb0, 0x0, 0x0, 0x0, 0x0,
    0xc, 0xff, 0xc0, 0x0, 0x0, 0x0, 0x0, 0xc,
    0xff, 0xc0, 0x0, 0x0, 0x0, 0x0, 0xc, 0xff,
    0xc0, 0x0, 0x0, 0x0, 0x0, 0xc, 0xff, 0xc0,
    0x0, 0x0, 0x0, 0x8f, 0xff, 0xff, 0xff, 0xf8,
    0x0, 0x0, 0x2e, 0xff, 0xff, 0xff, 0xe2, 0x0,
    0x0, 0x2, 0xef, 0xff, 0xfe, 0x20, 0x0, 0x0,
    0x0, 0x2d, 0xff, 0xe2, 0x0, 0x0, 0x79, 0x99,
    0x82, 0xde, 0x28, 0x99, 0x97, 0xff, 0xff, 0xfb,
    0x22, 0xbf, 0xff, 0xff, 0xff, 0xff, 0xff, 0xff,
    0xff, 0xff, 0xff, 0xff, 0xff, 0xff, 0xff, 0xfa,
    0xb3, 0xcf, 0xac, 0xcc, 0xcc, 0xcc, 0xcc, 0xcc,
    0xca,

    /* U+F01C "" */
    0x0, 0x6, 0xbb, 0xbb, 0xbb, 0xba, 0x30, 0x0,
    0x0, 0x4f, 0xff, 0xff, 0xff, 0xff, 0xe1, 0x0,
    0x0, 0xef, 0x30, 0x0, 0x0, 0x6, 0xfb, 0x0,
    0x9, 0xf8, 0x0, 0x0, 0x0, 0x0, 0xcf, 0x50,
    0x4f, 0xd0, 0x0, 0x0, 0x0, 0x0, 0x2f, 0xe1,
    0xdf, 0x84, 0x42, 0x0, 0x0, 0x34, 0x4b, 0xf9,
    0xff, 0xff, 0xfd, 0x0, 0x1, 0xff, 0xff, 0xfb,
    0xff, 0xff, 0xff, 0x98, 0x8b, 0xff, 0xff, 0xfc,
    0xff, 0xff, 0xff, 0xff, 0xff, 0xff, 0xff, 0xfc,
    0xff, 0xff, 0xff, 0xff, 0xff, 0xff, 0xff, 0xfb,
    0x9f, 0xff, 0xff, 0xff, 0xff, 0xff, 0xff, 0xf6,

    /* U+F021 "" */
    0x0, 0x0, 0x0, 0x0, 0x0, 0x0, 0x33, 0x0,
    0x1, 0x8d, 0xff, 0xc6, 0x0, 0xef, 0x0, 0x4e,
    0xff, 0xff, 0xff, 0xe4, 0xdf, 0x4, 0xff, 0xb3,
    0x0, 0x4c, 0xff, 0xff, 0xe, 0xf9, 0x0, 0x0,
    0x0, 0x8f, 0xff, 0x6f, 0xc0, 0x0, 0x1, 0xff,
    0xff, 0xff, 0x8e, 0x50, 0x0, 0x1, 0xde, 0xee,
    0xed, 0x0, 0x0, 0x0, 0x0, 0x0, 0x0, 0x0,
    0x22, 0x22, 0x22, 0x0, 0x0, 0x0, 0x21, 0xff,
    0xff, 0xff, 0x10, 0x0, 0x8, 0xf8, 0xff, 0xfb,
    0xbc, 0x10, 0x0, 0x1e, 0xf4, 0xff, 0xfc, 0x10,
    0x0, 0x1, 0xdf, 0xc0, 0xfe, 0xef, 0xe8, 0x44,
    0x8e, 0xfe, 0x10, 0xfe, 0x1a, 0xff, 0xff, 0xff,
    0xc1, 0x0, 0xfd, 0x0, 0x28, 0xbb, 0x94, 0x0,
    0x0,

    /* U+F026 "" */
    0x0, 0x0, 0x2, 0x70, 0x0, 0x2, 0xef, 0x0,
    0x2, 0xef, 0xfd, 0xff, 0xff, 0xff, 0xff, 0xff,
    0xff, 0xff, 0xff, 0xff, 0xff, 0xff, 0xff, 0xff,
    0xff, 0xff, 0xff, 0xff, 0x34, 0x47, 0xff, 0xf0,
    0x0, 0x5, 0xff, 0x0, 0x0, 0x5, 0xc0, 0x0,
    0x0, 0x0,

    /* U+F027 "" */
    0x0, 0x0, 0x2, 0x70, 0x0, 0x0, 0x0, 0x2,
    0xef, 0x0, 0x0, 0x0, 0x2, 0xef, 0xf0, 0x0,
    0xd, 0xff, 0xff, 0xff, 0x2, 0x20, 0xff, 0xff,
    0xff, 0xf0, 0x8e, 0x1f, 0xff, 0xff, 0xff, 0x0,
    0xe7, 0xff, 0xff, 0xff, 0xf0, 0x3f, 0x5f, 0xff,
    0xff, 0xff, 0x8, 0x90, 0x34, 0x47, 0xff, 0xf0,
    0x0, 0x0, 0x0, 0x5, 0xff, 0x0, 0x0, 0x0,
    0x0, 0x5, 0xc0, 0x0, 0x0, 0x0, 0x0, 0x0,
    0x0, 0x0,

    /* U+F028 "" */
    0x0, 0x0, 0x0, 0x0, 0x0, 0x7, 0x70, 0x0,
    0x0, 0x0, 0x2, 0x70, 0x0, 0x5, 0xfa, 0x0,
    0x0, 0x0, 0x2e, 0xf0, 0x0, 0x81, 0x4f, 0x60,
    0x0, 0x2, 0xef, 0xf0, 0x1, 0xdd, 0x7, 0xf0,
    0xdf, 0xff, 0xff, 0xf0, 0x32, 0x1e, 0x80, 0xf6,
    0xff, 0xff, 0xff, 0xf0, 0x8e, 0x27, 0xe0, 0xb9,
    0xff, 0xff, 0xff, 0xf0, 0xe, 0x73, 0xf1, 0x9b,
    0xff, 0xff, 0xff, 0xf0, 0x3f, 0x54, 0xf0, 0x9a,
    0xff, 0xff, 0xff, 0xf0, 0x89, 0xa, 0xc0, 0xd8,
    0x34, 0x47, 0xff, 0xf0, 0x0, 0x7f, 0x43, 0xf3,
    0x0, 0x0, 0x5f, 0xf0, 0x2, 0xf6, 0xc, 0xb0,
    0x0, 0x0, 0x5, 0xc0, 0x0, 0x0, 0xbf, 0x10,
    0x0, 0x0, 0x0, 0x0, 0x0, 0x9, 0xe3, 0x0,
    0x0, 0x0, 0x0, 0x0, 0x0, 0x2, 0x10, 0x0,

    /* U+F03E "" */
    0x37, 0x88, 0x88, 0x88, 0x88, 0x88, 0x73, 0xef,
    0xff, 0xff, 0xff, 0xff, 0xff, 0xfe, 0xfe, 0x32,
    0xdf, 0xff, 0xff, 0xff, 0xff, 0xf9, 0x0, 0x7f,
    0xff, 0xfd, 0xff, 0xff, 0xfd, 0x10, 0xcf, 0xff,
    0xa0, 0x7f, 0xff, 0xff, 0xff, 0xff, 0xfa, 0x0,
    0x7, 0xff, 0xff, 0xf3, 0x5f, 0xa0, 0x0, 0x0,
    0xcf, 0xff, 0x30, 0x3, 0x0, 0x0, 0x0, 0xcf,
    0xfc, 0x0, 0x0, 0x0, 0x0, 0x0, 0xcf, 0xff,
    0xcc, 0xcc, 0xcc, 0xcc, 0xcc, 0xff, 0xaf, 0xff,
    0xff, 0xff, 0xff, 0xff, 0xf9,

    /* U+F043 "" */
    0x0, 0x0, 0x20, 0x0, 0x0, 0x0, 0x1, 0xfa,
    0x0, 0x0, 0x0, 0x6, 0xff, 0x10, 0x0, 0x0,
    0xd, 0xff, 0x70, 0x0, 0x0, 0x6f, 0xff, 0xf1,
    0x0, 0x1, 0xef, 0xff, 0xfa, 0x0, 0xb, 0xff,
    0xff, 0xff, 0x60, 0x5f, 0xff, 0xff, 0xff, 0xe0,
    0xcf, 0xff, 0xff, 0xff, 0xf6, 0xfe, 0xbf, 0xff,
    0xff, 0xf9, 0xfd, 0x4f, 0xff, 0xff, 0xf9, 0xbf,
    0x49, 0xff, 0xff, 0xf5, 0x3f, 0xe5, 0x2e, 0xff,
    0xd0, 0x6, 0xff, 0xff, 0xfd, 0x20, 0x0, 0x28,
    0xba, 0x60, 0x0,

    /* U+F048 "" */
    0x4, 0x30, 0x0, 0x0, 0x31, 0x1f, 0xe0, 0x0,
    0x6, 0xf9, 0x1f, 0xe0, 0x0, 0x7f, 0xfa, 0x1f,
    0xe0, 0x9, 0xff, 0xfa, 0x1f, 0xe0, 0xaf, 0xff,
    0xfa, 0x1f, 0xeb, 0xff, 0xff, 0xfa, 0x1f, 0xff,
    0xff, 0xff, 0xfa, 0x1f, 0xff, 0xff, 0xff, 0xfa,
    0x1f, 0xe6, 0xff, 0xff, 0xfa, 0x1f, 0xe0, 0x5f,
    0xff, 0xfa, 0x1f, 0xe0, 0x4, 0xff, 0xfa, 0x1f,
    0xe0, 0x0, 0x3e, 0xfa, 0xf, 0xd0, 0x0, 0x2,
    0xd7, 0x0, 0x0, 0x0, 0x0, 0x0,

    /* U+F04B "" */
    0x2, 0x0, 0x0, 0x0, 0x0, 0x0, 0xc, 0xfb,
    0x20, 0x0, 0x0, 0x0, 0x0, 0xff, 0xff, 0x90,
    0x0, 0x0, 0x0, 0xf, 0xff, 0xff, 0xe6, 0x0,
    0x0, 0x0, 0xff, 0xff, 0xff, 0xfc, 0x30, 0x0,
    0xf, 0xff, 0xff, 0xff, 0xff, 0x91, 0x0, 0xff,
    0xff, 0xff, 0xff, 0xff, 0xe6, 0xf, 0xff, 0xff,
    0xff, 0xff, 0xff, 0xf2, 0xff, 0xff, 0xff, 0xff,
    0xff, 0xfd, 0xf, 0xff, 0xff, 0xff, 0xff, 0xf8,
    0x0, 0xff, 0xff, 0xff, 0xff, 0xb2, 0x0, 0xf,
    0xff, 0xff, 0xfd, 0x40, 0x0, 0x0, 0xff, 0xff,
    0xf7, 0x0, 0x0, 0x0, 0xf, 0xff, 0xa1, 0x0,
    0x0, 0x0, 0x0, 0x6a, 0x40, 0x0, 0x0, 0x0,
    0x0, 0x0,

    /* U+F04C "" */
    0x14, 0x44, 0x20, 0x1, 0x44, 0x42, 0xd, 0xff,
    0xff, 0x10, 0xdf, 0xff, 0xf1, 0xff, 0xff, 0xf3,
    0xf, 0xff, 0xff, 0x3f, 0xff, 0xff, 0x40, 0xff,
    0xff, 0xf4, 0xff, 0xff, 0xf4, 0xf, 0xff, 0xff,
    0x4f, 0xff, 0xff, 0x40, 0xff, 0xff, 0xf4, 0xff,
    0xff, 0xf4, 0xf, 0xff, 0xff, 0x4f, 0xff, 0xff,
    0x40, 0xff, 0xff, 0xf4, 0xff, 0xff, 0xf4, 0xf,
    0xff, 0xff, 0x4f, 0xff, 0xff, 0x40, 0xff, 0xff,
    0xf4, 0xff, 0xff, 0xf4, 0xf, 0xff, 0xff, 0x4f,
    0xff, 0xff, 0x30, 0xff, 0xff, 0xf3, 0x9f, 0xff,
    0xc0, 0x9, 0xff, 0xfc, 0x0,

    /* U+F04D "" */
    0x14, 0x44, 0x44, 0x44, 0x44, 0x42, 0xd, 0xff,
    0xff, 0xff, 0xff, 0xff, 0xf1, 0xff, 0xff, 0xff,
    0xff, 0xff, 0xff, 0x3f, 0xff, 0xff, 0xff, 0xff,
    0xff, 0xf4, 0xff, 0xff, 0xff, 0xff, 0xff, 0xff,
    0x4f, 0xff, 0xff, 0xff, 0xff, 0xff, 0xf4, 0xff,
    0xff, 0xff, 0xff, 0xff, 0xff, 0x4f, 0xff, 0xff,
    0xff, 0xff, 0xff, 0xf4, 0xff, 0xff, 0xff, 0xff,
    0xff, 0xff, 0x4f, 0xff, 0xff, 0xff, 0xff, 0xff,
    0xf4, 0xff, 0xff, 0xff, 0xff, 0xff, 0xff, 0x4f,
    0xff, 0xff, 0xff, 0xff, 0xff, 0xf3, 0x9f, 0xff,
    0xff, 0xff, 0xff, 0xfc, 0x0,

    /* U+F051 "" */
    0x2, 0x10, 0x0, 0x0, 0x42, 0xf, 0xe2, 0x0,
    0x3, 0xfb, 0xf, 0xfe, 0x30, 0x4, 0xfb, 0xf,
    0xff, 0xf4, 0x4, 0xfb, 0xf, 0xff, 0xff, 0x54,
    0xfb, 0xf, 0xff, 0xff, 0xfa, 0xfb, 0xf, 0xff,
    0xff, 0xff, 0xfb, 0xf, 0xff, 0xff, 0xff, 0xfb,
    0xf, 0xff, 0xff, 0xd6, 0xfb, 0xf, 0xff, 0xfd,
    0x14, 0xfb, 0xf, 0xff, 0xc1, 0x4, 0xfb, 0xf,
    0xfb, 0x0, 0x4, 0xfb, 0xc, 0xa0, 0x0, 0x3,
    0xfa, 0x0, 0x0, 0x0, 0x0, 0x0,

    /* U+F052 "" */
    0x0, 0x0, 0x0, 0x12, 0x0, 0x0, 0x0, 0x0,
    0x0, 0x3, 0xff, 0x60, 0x0, 0x0, 0x0, 0x0,
    0x2e, 0xff, 0xf5, 0x0, 0x0, 0x0, 0x1, 0xef,
    0xff, 0xff, 0x40, 0x0, 0x0, 0x1d, 0xff, 0xff,
    0xff, 0xf3, 0x0, 0x0, 0xcf, 0xff, 0xff, 0xff,
    0xfe, 0x20, 0xa, 0xff, 0xff, 0xff, 0xff, 0xff,
    0xe0, 0xe, 0xff, 0xff, 0xff, 0xff, 0xff, 0xf2,
    0x3, 0x99, 0x99, 0x99, 0x99, 0x99, 0x50, 0x5,
    0x88, 0x88, 0x88, 0x88, 0x88, 0x70, 0xf, 0xff,
    0xff, 0xff, 0xff, 0xff, 0xf3, 0xf, 0xff, 0xff,
    0xff, 0xff, 0xff, 0xf4, 0xb, 0xff, 0xff, 0xff,
    0xff, 0xff, 0xd1,

    /* U+F053 "" */
    0x0, 0x0, 0x0, 0x0, 0x0, 0x0, 0x0, 0x3f,
    0x90, 0x0, 0x0, 0x3f, 0xfc, 0x0, 0x0, 0x3f,
    0xfd, 0x10, 0x0, 0x3f, 0xfd, 0x10, 0x0, 0x3f,
    0xfd, 0x10, 0x0, 0x1f, 0xfd, 0x10, 0x0, 0x0,
    0xcf, 0xf4, 0x0, 0x0, 0x0, 0xcf, 0xf4, 0x0,
    0x0, 0x0, 0xcf, 0xf4, 0x0, 0x0, 0x0, 0xcf,
    0xf4, 0x0, 0x0, 0x0, 0xcf, 0xe0, 0x0, 0x0,
    0x0, 0xa4, 0x0,

    /* U+F054 "" */
    0x0, 0x0, 0x0, 0x0, 0x0, 0xcd, 0x10, 0x0,
    0x0, 0x1f, 0xfd, 0x10, 0x0, 0x0, 0x3f, 0xfd,
    0x10, 0x0, 0x0, 0x3f, 0xfd, 0x10, 0x0, 0x0,
    0x3f, 0xfd, 0x10, 0x0, 0x0, 0x3f, 0xfd, 0x0,
    0x0, 0x7, 0xff, 0x90, 0x0, 0x7, 0xff, 0x90,
    0x0, 0x7, 0xff, 0x90, 0x0, 0x7, 0xff, 0x90,
    0x0, 0x2, 0xff, 0x90, 0x0, 0x0, 0x7, 0x80,
    0x0, 0x0, 0x0,

    /* U+F067 "" */
    0x0, 0x0, 0x4, 0x50, 0x0, 0x0, 0x0, 0x0,
    0x2, 0xff, 0x60, 0x0, 0x0, 0x0, 0x0, 0x3f,
    0xf7, 0x0, 0x0, 0x0, 0x0, 0x3, 0xff, 0x70,
    0x0, 0x0, 0x0, 0x0, 0x3f, 0xf7, 0x0, 0x0,
    0x6, 0x99, 0x9a, 0xff, 0xc9, 0x99, 0x80, 0xff,
    0xff, 0xff, 0xff, 0xff, 0xff, 0x3d, 0xff, 0xff,
    0xff, 0xff, 0xff, 0xf2, 0x1, 0x11, 0x3f, 0xf7,
    0x11, 0x10, 0x0, 0x0, 0x3, 0xff, 0x70, 0x0,
    0x0, 0x0, 0x0, 0x3f, 0xf7, 0x0, 0x0, 0x0,
    0x0, 0x3, 0xff, 0x70, 0x0, 0x0, 0x0, 0x0,
    0xc, 0xd3, 0x0, 0x0, 0x0,

    /* U+F068 "" */
    0x69, 0x99, 0x99, 0x99, 0x99, 0x98, 0xf, 0xff,
    0xff, 0xff, 0xff, 0xff, 0xf3, 0xdf, 0xff, 0xff,
    0xff, 0xff, 0xff, 0x20, 0x0, 0x0, 0x0, 0x0,
    0x0, 0x0,

    /* U+F06E "" */
    0x0, 0x0, 0x1, 0x56, 0x64, 0x0, 0x0, 0x0,
    0x0, 0x3, 0xbf, 0xfe, 0xef, 0xf9, 0x10, 0x0,
    0x0, 0x7f, 0xfa, 0x10, 0x3, 0xdf, 0xe4, 0x0,
    0x8, 0xff, 0xa0, 0x9, 0xb4, 0x1e, 0xff, 0x50,
    0x4f, 0xff, 0x20, 0xb, 0xff, 0x26, 0xff, 0xe1,
    0xef, 0xff, 0x9, 0xcf, 0xff, 0x63, 0xff, 0xfa,
    0xbf, 0xff, 0x9, 0xff, 0xff, 0x54, 0xff, 0xf6,
    0x1e, 0xff, 0x51, 0xdf, 0xfb, 0x9, 0xff, 0xb0,
    0x3, 0xef, 0xe2, 0x4, 0x30, 0x5f, 0xfc, 0x10,
    0x0, 0x2c, 0xff, 0x95, 0x6a, 0xff, 0x90, 0x0,
    0x0, 0x0, 0x49, 0xdf, 0xfd, 0x92, 0x0, 0x0,

    /* U+F070 "" */
    0x0, 0x0, 0x0, 0x0, 0x0, 0x0, 0x0, 0x0,
    0x0, 0xcd, 0x20, 0x0, 0x0, 0x0, 0x0, 0x0,
    0x0, 0x0, 0x8f, 0xf5, 0x0, 0x14, 0x66, 0x40,
    0x0, 0x0, 0x0, 0x4, 0xef, 0xac, 0xff, 0xef,
    0xff, 0x91, 0x0, 0x0, 0x0, 0x1c, 0xff, 0xa1,
    0x0, 0x4d, 0xfe, 0x30, 0x0, 0x0, 0x0, 0x9f,
    0xf5, 0xab, 0x31, 0xef, 0xf4, 0x0, 0x7, 0xb1,
    0x5, 0xff, 0xff, 0xe1, 0x7f, 0xfe, 0x10, 0xf,
    0xfe, 0x30, 0x2d, 0xff, 0xf5, 0x4f, 0xff, 0x90,
    0xc, 0xff, 0xe0, 0x0, 0xaf, 0xf6, 0x5f, 0xff,
    0x60, 0x2, 0xff, 0xf4, 0x0, 0x6, 0xff, 0xef,
    0xfb, 0x0, 0x0, 0x4f, 0xfd, 0x10, 0x0, 0x3e,
    0xff, 0xc0, 0x0, 0x0, 0x2, 0xdf, 0xe8, 0x54,
    0x1, 0xbf, 0xe3, 0x0, 0x0, 0x0, 0x5, 0xae,
    0xff, 0x60, 0x7, 0xff, 0x60, 0x0, 0x0, 0x0,
    0x0, 0x0, 0x0, 0x0, 0x4e, 0xf6, 0x0, 0x0,
    0x0, 0x0, 0x0, 0x0, 0x0, 0x1, 0xa1,

    /* U+F071 "" */
    0x0, 0x0, 0x0, 0x0, 0x0, 0x0, 0x0, 0x0,
    0x0, 0x0, 0x0, 0x0, 0x3e, 0xd0, 0x0, 0x0,
    0x0, 0x0, 0x0, 0x0, 0xc, 0xff, 0x80, 0x0,
    0x0, 0x0, 0x0, 0x0, 0x6, 0xff, 0xff, 0x20,
    0x0, 0x0, 0x0, 0x0, 0x0, 0xef, 0xff, 0xfb,
    0x0, 0x0, 0x0, 0x0, 0x0, 0x8f, 0xfc, 0xcf,
    0xf4, 0x0, 0x0, 0x0, 0x0, 0x2f, 0xfb, 0x0,
    0xff, 0xd0, 0x0, 0x0, 0x0, 0xb, 0xff, 0xc0,
    0xf, 0xff, 0x70, 0x0, 0x0, 0x4, 0xff, 0xfd,
    0x1, 0xff, 0xff, 0x10, 0x0, 0x0, 0xdf, 0xff,
    0xe0, 0x2f, 0xff, 0xfa, 0x0, 0x0, 0x7f, 0xff,
    0xff, 0x9b, 0xff, 0xff, 0xf3, 0x0, 0x1f, 0xff,
    0xff, 0xb0, 0xe, 0xff, 0xff, 0xc0, 0xa, 0xff,
    0xff, 0xfe, 0x24, 0xff, 0xff, 0xff, 0x60, 0xff,
    0xff, 0xff, 0xff, 0xff, 0xff, 0xff, 0xfa, 0x6,
    0xcc, 0xcc, 0xcc, 0xcc, 0xcc, 0xcc, 0xcb, 0x30,

    /* U+F074 "" */
    0x0, 0x0, 0x0, 0x0, 0x0, 0x36, 0x0, 0x0,
    0x0, 0x0, 0x0, 0x0, 0x7f, 0x80, 0xdd, 0xdb,
    0x0, 0x0, 0x8d, 0xef, 0xf8, 0xff, 0xff, 0xb0,
    0x7, 0xff, 0xff, 0xfd, 0x55, 0x6f, 0xf4, 0x6f,
    0xf8, 0xaf, 0xe2, 0x0, 0x5, 0x74, 0xff, 0x90,
    0x7e, 0x20, 0x0, 0x0, 0x3f, 0xfa, 0x0, 0x0,
    0x0, 0x0, 0x2, 0xef, 0xc2, 0x50, 0x4a, 0x0,
    0x1, 0x2e, 0xfd, 0x1d, 0xf4, 0x8f, 0xb0, 0xff,
    0xff, 0xe1, 0xb, 0xff, 0xff, 0xfb, 0xff, 0xfe,
    0x20, 0x0, 0xcf, 0xff, 0xfb, 0x12, 0x21, 0x0,
    0x0, 0x2, 0x9f, 0xc0, 0x0, 0x0, 0x0, 0x0,
    0x0, 0x5b, 0x0,

    /* U+F077 "" */
    0x0, 0x0, 0x7, 0xa0, 0x0, 0x0, 0x0, 0x0,
    0x8, 0xff, 0xb0, 0x0, 0x0, 0x0, 0x8, 0xff,
    0xff, 0xb0, 0x0, 0x0, 0x8, 0xff, 0x95, 0xff,
    0xb0, 0x0, 0x8, 0xff, 0x90, 0x5, 0xff, 0xb0,
    0x7, 0xff, 0x90, 0x0, 0x5, 0xff, 0xb0, 0x9f,
    0x90, 0x0, 0x0, 0x5, 0xfd, 0x0, 0x40, 0x0,
    0x0, 0x0, 0x3, 0x10,

    /* U+F078 "" */
    0x4c, 0x20, 0x0, 0x0, 0x0, 0xb6, 0xb, 0xfe,
    0x20, 0x0, 0x0, 0xcf, 0xf0, 0x2e, 0xfe, 0x20,
    0x0, 0xcf, 0xf4, 0x0, 0x2e, 0xfe, 0x20, 0xcf,
    0xf4, 0x0, 0x0, 0x2e, 0xfe, 0xcf, 0xf4, 0x0,
    0x0, 0x0, 0x2e, 0xff, 0xf4, 0x0, 0x0, 0x0,
    0x0, 0x2e, 0xf4, 0x0, 0x0, 0x0, 0x0, 0x0,
    0x13, 0x0, 0x0, 0x0,

    /* U+F079 "" */
    0x0, 0x8, 0x30, 0x0, 0x0, 0x0, 0x0, 0x0,
    0x0, 0x0, 0xbf, 0xf3, 0x8, 0xbb, 0xbb, 0xbb,
    0x90, 0x0, 0xb, 0xff, 0xff, 0x39, 0xff, 0xff,
    0xff, 0xf1, 0x0, 0x8f, 0xcf, 0xcf, 0xf0, 0x0,
    0x0, 0xa, 0xf1, 0x0, 0x38, 0x2f, 0x94, 0x80,
    0x0, 0x0, 0xa, 0xf1, 0x0, 0x0, 0x2f, 0x90,
    0x0, 0x0, 0x0, 0xa, 0xf1, 0x0, 0x0, 0x2f,
    0x90, 0x0, 0x0, 0x3, 0xa, 0xf1, 0x30, 0x0,
    0x2f, 0x90, 0x0, 0x0, 0x1f, 0xcb, 0xf8, 0xf8,
    0x0, 0x2f, 0xeb, 0xbb, 0xbb, 0x39, 0xff, 0xff,
    0xe2, 0x0, 0x1f, 0xff, 0xff, 0xff, 0xb0, 0x9f,
    0xfd, 0x20, 0x0, 0x0, 0x0, 0x0, 0x0, 0x0,
    0x8, 0xd1, 0x0,

    /* U+F07B "" */
    0x37, 0x88, 0x87, 0x0, 0x0, 0x0, 0x0, 0xef,
    0xff, 0xff, 0xa0, 0x0, 0x0, 0x0, 0xff, 0xff,
    0xff, 0xfd, 0xcc, 0xcc, 0xb6, 0xff, 0xff, 0xff,
    0xff, 0xff, 0xff, 0xff, 0xff, 0xff, 0xff, 0xff,
    0xff, 0xff, 0xff, 0xff, 0xff, 0xff, 0xff, 0xff,
    0xff, 0xff, 0xff, 0xff, 0xff, 0xff, 0xff, 0xff,
    0xff, 0xff, 0xff, 0xff, 0xff, 0xff, 0xff, 0xff,
    0xff, 0xff, 0xff, 0xff, 0xff, 0xff, 0xff, 0xff,
    0xff, 0xff, 0xff, 0xff, 0xff, 0xff, 0xaf, 0xff,
    0xff, 0xff, 0xff, 0xff, 0xf9,

    /* U+F093 "" */
    0x0, 0x0, 0x0, 0x0, 0x0, 0x0, 0x0, 0x0,
    0x0, 0x1, 0xdd, 0x10, 0x0, 0x0, 0x0, 0x0,
    0x1d, 0xff, 0xd1, 0x0, 0x0, 0x0, 0x1, 0xdf,
    0xff, 0xfd, 0x10, 0x0, 0x0, 0x1d, 0xff, 0xff,
    0xff, 0xd1, 0x0, 0x0, 0x9f, 0xff, 0xff, 0xff,
    0xf9, 0x0, 0x0, 0x1, 0x1c, 0xff, 0xc1, 0x10,
    0x0, 0x0, 0x0, 0xc, 0xff, 0xc0, 0x0, 0x0,
    0x0, 0x0, 0xc, 0xff, 0xc0, 0x0, 0x0, 0x0,
    0x0, 0xc, 0xff, 0xc0, 0x0, 0x0, 0x79, 0x99,
    0x3b, 0xff, 0xb3, 0x99, 0x97, 0xff, 0xff, 0xb2,
    0x44, 0x2b, 0xff, 0xff, 0xff, 0xff, 0xfe, 0xdd,
    0xef, 0xff, 0xff, 0xff, 0xff, 0xff, 0xff, 0xfa,
    0xb3, 0xcf, 0xac, 0xcc, 0xcc, 0xcc, 0xcc, 0xcc,
    0xca,

    /* U+F095 "" */
    0x0, 0x0, 0x0, 0x0, 0x0, 0x2, 0x0, 0x0,
    0x0, 0x0, 0x0, 0x0, 0x4, 0xff, 0xc7, 0x0,
    0x0, 0x0, 0x0, 0x0, 0xaf, 0xff, 0xf0, 0x0,
    0x0, 0x0, 0x0, 0x1f, 0xff, 0xfd, 0x0, 0x0,
    0x0, 0x0, 0x6, 0xff, 0xff, 0xc0, 0x0, 0x0,
    0x0, 0x0, 0x8, 0xff, 0xf7, 0x0, 0x0, 0x0,
    0x0, 0x0, 0xc, 0xff, 0x30, 0x0, 0x0, 0x0,
    0x0, 0x4, 0xff, 0xc0, 0x0, 0x0, 0x0, 0x0,
    0x1, 0xef, 0xf3, 0x0, 0x0, 0x4a, 0x30, 0x2,
    0xdf, 0xf8, 0x0, 0x5, 0xdf, 0xfe, 0x15, 0xef,
    0xfb, 0x0, 0x0, 0xef, 0xff, 0xff, 0xff, 0xfa,
    0x0, 0x0, 0xb, 0xff, 0xff, 0xff, 0xf7, 0x0,
    0x0, 0x0, 0x7f, 0xff, 0xff, 0xa2, 0x0, 0x0,
    0x0, 0x2, 0xba, 0x85, 0x0, 0x0, 0x0, 0x0,
    0x0,

    /* U+F0B0 "" */
    0x0, 0x3, 0x7b, 0xcc, 0xb7, 0x30, 0x0, 0x2,
    0xbf, 0xb8, 0x66, 0x8b, 0xfb, 0x20, 0x5f, 0xa2,
    0x0, 0x0, 0x0, 0x2a, 0xf5, 0x7e, 0x20, 0x0,
    0x0, 0x0, 0x2, 0xe7, 0x8, 0xe2, 0x0, 0x0,
    0x0, 0x2e, 0x80, 0x0, 0x8e, 0x20, 0x0, 0x2,
    0xe8, 0x0, 0x0, 0x8, 0xe2, 0x0, 0x2e, 0x80,
    0x0, 0x0, 0x0, 0x8e, 0x22, 0xe8, 0x0, 0x0,
    0x0, 0x0, 0x8, 0xee, 0x80, 0x0, 0x0, 0x0,
    0x0, 0x0, 0x88, 0x0, 0x0, 0x0,

    /* U+F0C4 "" */
    0x4, 0x86, 0x0, 0x0, 0x0, 0x10, 0x6, 0xff,
    0xfa, 0x0, 0x2, 0xdf, 0xd1, 0xef, 0x3c, 0xf1,
    0x1, 0xdf, 0xfa, 0xe, 0xe0, 0xaf, 0x21, 0xdf,
    0xfa, 0x0, 0x9f, 0xef, 0xf6, 0xdf, 0xfa, 0x0,
    0x0, 0x8d, 0xff, 0xff, 0xfb, 0x0, 0x0, 0x0,
    0x6, 0xff, 0xfd, 0x0, 0x0, 0x0, 0x48, 0xef,
    0xff, 0xf6, 0x0, 0x0, 0x6f, 0xff, 0xfb, 0xff,
    0xf6, 0x0, 0xe, 0xf3, 0xcf, 0x23, 0xff, 0xf6,
    0x0, 0xee, 0xa, 0xf2, 0x4, 0xff, 0xf6, 0x9,
    0xfe, 0xfc, 0x0, 0x4, 0xff, 0xf1, 0x8, 0xda,
    0x10, 0x0, 0x2, 0x62, 0x0,

    /* U+F0C5 "" */
    0x0, 0x0, 0x0, 0x0, 0x0, 0x0, 0x0, 0x0,
    0x6f, 0xff, 0xf9, 0x86, 0x0, 0x0, 0x8, 0xff,
    0xff, 0x98, 0xf6, 0x8, 0xa6, 0x8f, 0xff, 0xf9,
    0x59, 0x90, 0xff, 0xa8, 0xff, 0xff, 0xfc, 0xcc,
    0xf, 0xfa, 0x8f, 0xff, 0xff, 0xff, 0xf1, 0xff,
    0xa8, 0xff, 0xff, 0xff, 0xff, 0x1f, 0xfa, 0x8f,
    0xff, 0xff, 0xff, 0xf1, 0xff, 0xa8, 0xff, 0xff,
    0xff, 0xff, 0x1f, 0xfa, 0x8f, 0xff, 0xff, 0xff,
    0xf1, 0xff, 0xa8, 0xff, 0xff, 0xff, 0xff, 0x1f,
    0xfa, 0x7f, 0xff, 0xff, 0xff, 0xf0, 0xff, 0xe3,
    0x12, 0x22, 0x22, 0x21, 0xf, 0xff, 0xff, 0xff,
    0xf9, 0x0, 0x0, 0xac, 0xcc, 0xcc, 0xcb, 0x50,
    0x0, 0x0,

    /* U+F0C7 "" */
    0x49, 0x99, 0x99, 0x99, 0x95, 0x0, 0xe, 0xff,
    0xff, 0xff, 0xff, 0xf6, 0x0, 0xfd, 0x22, 0x22,
    0x22, 0x4f, 0xf6, 0xf, 0xc0, 0x0, 0x0, 0x1,
    0xff, 0xf3, 0xfc, 0x0, 0x0, 0x0, 0x1f, 0xff,
    0x6f, 0xc0, 0x0, 0x0, 0x2, 0xff, 0xf6, 0xff,
    0xff, 0xff, 0xff, 0xff, 0xff, 0x6f, 0xff, 0xff,
    0xdc, 0xff, 0xff, 0xf6, 0xff, 0xff, 0xb0, 0x5,
    0xff, 0xff, 0x6f, 0xff, 0xf6, 0x0, 0xf, 0xff,
    0xf6, 0xff, 0xff, 0xc0, 0x6, 0xff, 0xff, 0x6f,
    0xff, 0xff, 0xed, 0xff, 0xff, 0xf6, 0x9f, 0xff,
    0xff, 0xff, 0xff, 0xfd, 0x10,

    /* U+F0C9 "" */
    0xcd, 0xdd, 0xdd, 0xdd, 0xdd, 0xdd, 0x2f, 0xff,
    0xff, 0xff, 0xff, 0xff, 0xf3, 0x12, 0x22, 0x22,
    0x22, 0x22, 0x22, 0x0, 0x0, 0x0, 0x0, 0x0,
    0x0, 0x0, 0x0, 0x0, 0x0, 0x0, 0x0, 0x0,
    0xf, 0xff, 0xff, 0xff, 0xff, 0xff, 0xf3, 0xde,
    0xee, 0xee, 0xee, 0xee, 0xee, 0x20, 0x0, 0x0,
    0x0, 0x0, 0x0, 0x0, 0x0, 0x0, 0x0, 0x0,
    0x0, 0x0, 0xd, 0xee, 0xee, 0xee, 0xee, 0xee,
    0xe2, 0xff, 0xff, 0xff, 0xff, 0xff, 0xff, 0x30,
    0x0, 0x0, 0x0, 0x0, 0x0, 0x0,

    /* U+F0E0 "" */
    0x37, 0x88, 0x88, 0x88, 0x88, 0x88, 0x73, 0xef,
    0xff, 0xff, 0xff, 0xff, 0xff, 0xfe, 0xef, 0xff,
    0xff, 0xff, 0xff, 0xff, 0xfe, 0x1c, 0xff, 0xff,
    0xff, 0xff, 0xff, 0xc1, 0xd2, 0x8f, 0xff, 0xff,
    0xff, 0xf8, 0x2d, 0xff, 0x64, 0xef, 0xff, 0xfe,
    0x45, 0xff, 0xff, 0xfa, 0x2b, 0xff, 0xb2, 0xaf,
    0xff, 0xff, 0xff, 0xd3, 0x55, 0x3d, 0xff, 0xff,
    0xff, 0xff, 0xff, 0xbb, 0xff, 0xff, 0xff, 0xff,
    0xff, 0xff, 0xff, 0xff, 0xff, 0xff, 0xaf, 0xff,
    0xff, 0xff, 0xff, 0xff, 0xf9,

    /* U+F0E7 "" */
    0x0, 0x0, 0x0, 0x0, 0x0, 0x1, 0xff, 0xff,
    0xf0, 0x0, 0x4, 0xff, 0xff, 0xd0, 0x0, 0x6,
    0xff, 0xff, 0x80, 0x0, 0x8, 0xff, 0xff, 0x30,
    0x0, 0xa, 0xff, 0xff, 0xaa, 0xa6, 0xc, 0xff,
    0xff, 0xff, 0xf8, 0xe, 0xff, 0xff, 0xff, 0xe1,
    0xb, 0xdd, 0xdf, 0xff, 0x60, 0x0, 0x0, 0x4f,
    0xfd, 0x0, 0x0, 0x0, 0x7f, 0xf3, 0x0, 0x0,
    0x0, 0xbf, 0xa0, 0x0, 0x0, 0x0, 0xff, 0x10,
    0x0, 0x0, 0x3, 0xf8, 0x0, 0x0, 0x0, 0x3,
    0xc0, 0x0, 0x0,

    /* U+F0EA "" */
    0x0, 0x0, 0x20, 0x0, 0x0, 0x0, 0x4, 0x55,
    0xef, 0xb5, 0x52, 0x0, 0x0, 0xff, 0xfd, 0x1f,
    0xff, 0xb0, 0x0, 0xf, 0xff, 0xff, 0xff, 0xfc,
    0x0, 0x0, 0xff, 0xff, 0x53, 0x33, 0x20, 0x0,
    0xf, 0xff, 0x97, 0xff, 0xfb, 0x57, 0x0, 0xff,
    0xf8, 0xaf, 0xff, 0xc6, 0xf8, 0xf, 0xff, 0x8a,
    0xff, 0xfc, 0x4a, 0xa1, 0xff, 0xf8, 0xaf, 0xff,
    0xe3, 0x22, 0xf, 0xff, 0x8a, 0xff, 0xff, 0xff,
    0xf4, 0xff, 0xf8, 0xaf, 0xff, 0xff, 0xff, 0x4f,
    0xff, 0x8a, 0xff, 0xff, 0xff, 0xf4, 0x35, 0x52,
    0xaf, 0xff, 0xff, 0xff, 0x40, 0x0, 0xa, 0xff,
    0xff, 0xff, 0xf4, 0x0, 0x0, 0x7f, 0xff, 0xff,
    0xfe, 0x20,

    /* U+F0F3 "" */
    0x0, 0x0, 0x1, 0x10, 0x0, 0x0, 0x0, 0x0,
    0x0, 0xaf, 0x0, 0x0, 0x0, 0x0, 0x1, 0x8f,
    0xfa, 0x30, 0x0, 0x0, 0x2, 0xef, 0xff, 0xff,
    0x50, 0x0, 0x0, 0xbf, 0xff, 0xff, 0xff, 0x10,
    0x0, 0x1f, 0xff, 0xff, 0xff, 0xf5, 0x0, 0x3,
    0xff, 0xff, 0xff, 0xff, 0x70, 0x0, 0x5f, 0xff,
    0xff, 0xff, 0xf9, 0x0, 0x8, 0xff, 0xff, 0xff,
    0xff, 0xc0, 0x0, 0xdf, 0xff, 0xff, 0xff, 0xff,
    0x20, 0x9f, 0xff, 0xff, 0xff, 0xff, 0xfd, 0xe,
    0xff, 0xff, 0xff, 0xff, 0xff, 0xf2, 0x2, 0x22,
    0x22, 0x22, 0x22, 0x21, 0x0, 0x0, 0x8, 0xff,
    0xc0, 0x0, 0x0, 0x0, 0x0, 0x9, 0xa2, 0x0,
    0x0, 0x0,

    /* U+F11C "" */
    0x5b, 0xbb, 0xbb, 0xbb, 0xbb, 0xbb, 0xbb, 0xa3,
    0xff, 0xff, 0xff, 0xff, 0xff, 0xff, 0xff, 0xfb,
    0xfc, 0xc, 0x30, 0xe1, 0x1d, 0xd, 0x11, 0xfc,
    0xfc, 0xb, 0x30, 0xe0, 0x1d, 0xd, 0x10, 0xfc,
    0xff, 0xfe, 0xff, 0xef, 0xfe, 0xfe, 0xef, 0xfc,
    0xff, 0xf1, 0x5a, 0x8, 0x70, 0xa0, 0x5f, 0xfc,
    0xff, 0xf3, 0x7b, 0x29, 0x92, 0xc2, 0x7f, 0xfc,
    0xff, 0xbf, 0xcb, 0xbb, 0xbb, 0xbf, 0xcb, 0xfc,
    0xfc, 0xb, 0x20, 0x0, 0x0, 0xd, 0x0, 0xfc,
    0xff, 0xcf, 0xcc, 0xcc, 0xcc, 0xcf, 0xcc, 0xfb,
    0x9f, 0xff, 0xff, 0xff, 0xff, 0xff, 0xff, 0xf6,

    /* U+F124 "" */
    0x0, 0x0, 0x0, 0x0, 0x0, 0x0, 0x2, 0x0,
    0x0, 0x0, 0x0, 0x0, 0x0, 0x5, 0xdf, 0xb0,
    0x0, 0x0, 0x0, 0x0, 0x7, 0xef, 0xff, 0xd0,
    0x0, 0x0, 0x0, 0x18, 0xff, 0xff, 0xff, 0x70,
    0x0, 0x0, 0x29, 0xff, 0xff, 0xff, 0xff, 0x0,
    0x0, 0x3b, 0xff, 0xff, 0xff, 0xff, 0xf8, 0x0,
    0xa, 0xff, 0xff, 0xff, 0xff, 0xff, 0xf1, 0x0,
    0xf, 0xff, 0xff, 0xff, 0xff, 0xff, 0xa0, 0x0,
    0x4, 0x9a, 0xaa, 0xaf, 0xff, 0xff, 0x20, 0x0,
    0x0, 0x0, 0x0, 0xe, 0xff, 0xfb, 0x0, 0x0,
    0x0, 0x0, 0x0, 0xe, 0xff, 0xf4, 0x0, 0x0,
    0x0, 0x0, 0x0, 0xe, 0xff, 0xc0, 0x0, 0x0,
    0x0, 0x0, 0x0, 0xe, 0xff, 0x50, 0x0, 0x0,
    0x0, 0x0, 0x0, 0xd, 0xfd, 0x0, 0x0, 0x0,
    0x0, 0x0, 0x0, 0x4, 0xb3, 0x0, 0x0, 0x0,

    /* U+F15B "" */
    0x35, 0x55, 0x55, 0x2, 0x0, 0xf, 0xff, 0xff,
    0xf2, 0xf4, 0x0, 0xff, 0xff, 0xff, 0x2f, 0xf4,
    0xf, 0xff, 0xff, 0xf2, 0xff, 0xf3, 0xff, 0xff,
    0xff, 0x32, 0x22, 0x1f, 0xff, 0xff, 0xff, 0xff,
    0xf7, 0xff, 0xff, 0xff, 0xff, 0xff, 0x8f, 0xff,
    0xff, 0xff, 0xff, 0xf8, 0xff, 0xff, 0xff, 0xff,
    0xff, 0x8f, 0xff, 0xff, 0xff, 0xff, 0xf8, 0xff,
    0xff, 0xff, 0xff, 0xff, 0x8f, 0xff, 0xff, 0xff,
    0xff, 0xf8, 0xff, 0xff, 0xff, 0xff, 0xff, 0x8f,
    0xff, 0xff, 0xff, 0xff, 0xf8, 0x8a, 0xaa, 0xaa,
    0xaa, 0xaa, 0x30,

    /* U+F1EB "" */
    0x0, 0x0, 0x0, 0x24, 0x55, 0x31, 0x0, 0x0,
    0x0, 0x0, 0x3, 0xaf, 0xff, 0xff, 0xff, 0xc7,
    0x0, 0x0, 0x2, 0xbf, 0xff, 0xfe, 0xde, 0xff,
    0xff, 0xf6, 0x0, 0x5f, 0xff, 0xb5, 0x10, 0x0,
    0x3, 0x8e, 0xff, 0xb0, 0xdf, 0xd3, 0x0, 0x0,
    0x0, 0x0, 0x0, 0x8f, 0xf5, 0x18, 0x0, 0x5,
    0xae, 0xfe, 0xc8, 0x10, 0x4, 0x60, 0x0, 0x2,
    0xdf, 0xff, 0xff, 0xff, 0xf8, 0x0, 0x0, 0x0,
    0xc, 0xff, 0x95, 0x34, 0x7d, 0xff, 0x40, 0x0,
    0x0, 0x2, 0xa2, 0x0, 0x0, 0x0, 0x77, 0x0,
    0x0, 0x0, 0x0, 0x0, 0x2, 0x96, 0x0, 0x0,
    0x0, 0x0, 0x0, 0x0, 0x0, 0xd, 0xff, 0x50,
    0x0, 0x0, 0x0, 0x0, 0x0, 0x0, 0xe, 0xff,
    0x60, 0x0, 0x0, 0x0, 0x0, 0x0, 0x0, 0x5,
    0xda, 0x0, 0x0, 0x0, 0x0,

    /* U+F240 "" */
    0x5b, 0xbb, 0xbb, 0xbb, 0xbb, 0xbb, 0xbb, 0xba,
    0x20, 0xff, 0xff, 0xff, 0xff, 0xff, 0xff, 0xff,
    0xff, 0x90, 0xfc, 0x12, 0x22, 0x22, 0x22, 0x22,
    0x22, 0xf, 0xf7, 0xfc, 0x5f, 0xff, 0xff, 0xff,
    0xff, 0xff, 0x2c, 0xfa, 0xfc, 0x5f, 0xff, 0xff,
    0xff, 0xff, 0xff, 0x21, 0xfa, 0xfc, 0x5f, 0xff,
    0xff, 0xff, 0xff, 0xff, 0x27, 0xfa, 0xfc, 0x26,
    0x66, 0x66, 0x66, 0x66, 0x66, 0x1f, 0xfa, 0xfe,
    0xbb, 0xbb, 0xbb, 0xbb, 0xbb, 0xbb, 0xbf, 0xb1,
    0xaf, 0xff, 0xff, 0xff, 0xff, 0xff, 0xff, 0xff,
    0x50, 0x0, 0x0, 0x0, 0x0, 0x0, 0x0, 0x0,
    0x0, 0x0,

    /* U+F241 "" */
    0x5b, 0xbb, 0xbb, 0xbb, 0xbb, 0xbb, 0xbb, 0xba,
    0x20, 0xff, 0xff, 0xff, 0xff, 0xff, 0xff, 0xff,
    0xff, 0x90, 0xfc, 0x12, 0x22, 0x22, 0x22, 0x21,
    0x0, 0xf, 0xf7, 0xfc, 0x5f, 0xff, 0xff, 0xff,
    0xf8, 0x0, 0xc, 0xfa, 0xfc, 0x5f, 0xff, 0xff,
    0xff, 0xf8, 0x0, 0x1, 0xfa, 0xfc, 0x5f, 0xff,
    0xff, 0xff, 0xf8, 0x0, 0x7, 0xfa, 0xfc, 0x26,
    0x66, 0x66, 0x66, 0x63, 0x0, 0xf, 0xfa, 0xfe,
    0xbb, 0xbb, 0xbb, 0xbb, 0xbb, 0xbb, 0xbf, 0xb1,
    0xaf, 0xff, 0xff, 0xff, 0xff, 0xff, 0xff, 0xff,
    0x50, 0x0, 0x0, 0x0, 0x0, 0x0, 0x0, 0x0,
    0x0, 0x0,

    /* U+F242 "" */
    0x5b, 0xbb, 0xbb, 0xbb, 0xbb, 0xbb, 0xbb, 0xba,
    0x20, 0xff, 0xff, 0xff, 0xff, 0xff, 0xff, 0xff,
    0xff, 0x90, 0xfc, 0x12, 0x22, 0x22, 0x10, 0x0,
    0x0, 0xf, 0xf7, 0xfc, 0x5f, 0xff, 0xff, 0xd0,
    0x0, 0x0, 0xc, 0xfa, 0xfc, 0x5f, 0xff, 0xff,
    0xd0, 0x0, 0x0, 0x1, 0xfa, 0xfc, 0x5f, 0xff,
    0xff, 0xd0, 0x0, 0x0, 0x7, 0xfa, 0xfc, 0x26,
    0x66, 0x66, 0x50, 0x0, 0x0, 0xf, 0xfa, 0xfe,
    0xbb, 0xbb, 0xbb, 0xbb, 0xbb, 0xbb, 0xbf, 0xb1,
    0xaf, 0xff, 0xff, 0xff, 0xff, 0xff, 0xff, 0xff,
    0x50, 0x0, 0x0, 0x0, 0x0, 0x0, 0x0, 0x0,
    0x0, 0x0,

    /* U+F243 "" */
    0x5b, 0xbb, 0xbb, 0xbb, 0xbb, 0xbb, 0xbb, 0xba,
    0x20, 0xff, 0xff, 0xff, 0xff, 0xff, 0xff, 0xff,
    0xff, 0x90, 0xfc, 0x12, 0x22, 0x0, 0x0, 0x0,
    0x0, 0xf, 0xf7, 0xfc, 0x5f, 0xff, 0x30, 0x0,
    0x0, 0x0, 0xc, 0xfa, 0xfc, 0x5f, 0xff, 0x30,
    0x0, 0x0, 0x0, 0x1, 0xfa, 0xfc, 0x5f, 0xff,
    0x30, 0x0, 0x0, 0x0, 0x7, 0xfa, 0xfc, 0x26,
    0x66, 0x10, 0x0, 0x0, 0x0, 0xf, 0xfa, 0xfe,
    0xbb, 0xbb, 0xbb, 0xbb, 0xbb, 0xbb, 0xbf, 0xb1,
    0xaf, 0xff, 0xff, 0xff, 0xff, 0xff, 0xff, 0xff,
    0x50, 0x0, 0x0, 0x0, 0x0, 0x0, 0x0, 0x0,
    0x0, 0x0,

    /* U+F244 "" */
    0x5b, 0xbb, 0xbb, 0xbb, 0xbb, 0xbb, 0xbb, 0xba,
    0x20, 0xff, 0xff, 0xff, 0xff, 0xff, 0xff, 0xff,
    0xff, 0x90, 0xfc, 0x0, 0x0, 0x0, 0x0, 0x0,
    0x0, 0xf, 0xf7, 0xfc, 0x0, 0x0, 0x0, 0x0,
    0x0, 0x0, 0xc, 0xfa, 0xfc, 0x0, 0x0, 0x0,
    0x0, 0x0, 0x0, 0x1, 0xfa, 0xfc, 0x0, 0x0,
    0x0, 0x0, 0x0, 0x0, 0x7, 0xfa, 0xfc, 0x0,
    0x0, 0x0, 0x0, 0x0, 0x0, 0xf, 0xfa, 0xfe,
    0xbb, 0xbb, 0xbb, 0xbb, 0xbb, 0xbb, 0xbf, 0xb1,
    0xaf, 0xff, 0xff, 0xff, 0xff, 0xff, 0xff, 0xff,
    0x50, 0x0, 0x0, 0x0, 0x0, 0x0, 0x0, 0x0,
    0x0, 0x0,

    /* U+F287 "" */
    0x0, 0x0, 0x0, 0x0, 0x7, 0xb2, 0x0, 0x0,
    0x0, 0x0, 0x0, 0x0, 0xa, 0xdf, 0xfa, 0x0,
    0x0, 0x0, 0x0, 0x0, 0x0, 0xa9, 0x3d, 0xf5,
    0x0, 0x0, 0x0, 0x4, 0x40, 0x2, 0xe0, 0x0,
    0x10, 0x0, 0x0, 0x0, 0xaf, 0xf8, 0xb, 0x60,
    0x0, 0x0, 0x0, 0x6c, 0x30, 0xff, 0xff, 0xff,
    0xff, 0xff, 0xff, 0xff, 0xff, 0xf4, 0xaf, 0xf9,
    0x0, 0xc, 0x50, 0x0, 0x0, 0x6d, 0x40, 0x5,
    0x50, 0x0, 0x4, 0xc0, 0x0, 0x0, 0x10, 0x0,
    0x0, 0x0, 0x0, 0x0, 0xc4, 0x3e, 0xe8, 0x0,
    0x0, 0x0, 0x0, 0x0, 0x0, 0x2e, 0xef, 0xfa,
    0x0, 0x0, 0x0, 0x0, 0x0, 0x0, 0x0, 0x4f,
    0xfa, 0x0, 0x0, 0x0, 0x0, 0x0, 0x0, 0x0,
    0x0, 0x0, 0x0, 0x0,

    /* U+F293 "" */
    0x0, 0x0, 0x1, 0x10, 0x0, 0x0, 0x0, 0x7,
    0xef, 0xff, 0xb3, 0x0, 0x0, 0xaf, 0xfd, 0x8f,
    0xff, 0x20, 0x4, 0xff, 0xfd, 0x9, 0xff, 0xb0,
    0xa, 0xfe, 0xfd, 0x12, 0xaf, 0xf0, 0xe, 0xf5,
    0x5d, 0x2c, 0xe, 0xf3, 0xf, 0xff, 0x33, 0x12,
    0x9f, 0xf5, 0xf, 0xff, 0xf3, 0x7, 0xff, 0xf6,
    0xf, 0xff, 0xe2, 0x6, 0xff, 0xf6, 0xf, 0xfe,
    0x24, 0x13, 0x7f, 0xf5, 0xd, 0xf5, 0x7d, 0x2c,
    0xd, 0xf3, 0xa, 0xff, 0xfd, 0x11, 0xbf, 0xf0,
    0x3, 0xff, 0xfe, 0xb, 0xff, 0xa0, 0x0, 0x7f,
    0xfe, 0xbf, 0xfe, 0x10, 0x0, 0x3, 0xac, 0xdc,
    0x81, 0x0,

    /* U+F2ED "" */
    0x0, 0x0, 0x34, 0x43, 0x0, 0x0, 0x5, 0x66,
    0x7f, 0xff, 0xf9, 0x66, 0x50, 0xff, 0xff, 0xff,
    0xff, 0xff, 0xff, 0x35, 0x66, 0x66, 0x66, 0x66,
    0x66, 0x50, 0x1c, 0xcc, 0xcc, 0xcc, 0xcc, 0xc4,
    0x2, 0xff, 0xff, 0xff, 0xff, 0xff, 0x60, 0x2f,
    0xf3, 0xfb, 0x7f, 0x6d, 0xf6, 0x2, 0xff, 0x2f,
    0xb7, 0xf5, 0xdf, 0x60, 0x2f, 0xf2, 0xfb, 0x7f,
    0x5d, 0xf6, 0x2, 0xff, 0x2f, 0xb7, 0xf5, 0xdf,
    0x60, 0x2f, 0xf2, 0xfb, 0x7f, 0x5d, 0xf6, 0x2,
    0xff, 0x2f, 0xb7, 0xf5, 0xdf, 0x60, 0x2f, 0xf3,
    0xfb, 0x7f, 0x6d, 0xf6, 0x1, 0xff, 0xff, 0xff,
    0xff, 0xff, 0x50, 0x7, 0xbc, 0xcc, 0xcc, 0xcc,
    0x90, 0x0,

    /* U+F304 "" */
    0x0, 0x0, 0x0, 0x0, 0x0, 0x1, 0x20, 0x0,
    0x0, 0x0, 0x0, 0x0, 0x4, 0xff, 0x50, 0x0,
    0x0, 0x0, 0x0, 0x2, 0xff, 0xff, 0x50, 0x0,
    0x0, 0x0, 0x4, 0x39, 0xff, 0xfe, 0x0, 0x0,
    0x0, 0x4, 0xff, 0x39, 0xff, 0xa0, 0x0, 0x0,
    0x4, 0xff, 0xff, 0x39, 0xb0, 0x0, 0x0, 0x4,
    0xff, 0xff, 0xff, 0x20, 0x0, 0x0, 0x4, 0xff,
    0xff, 0xff, 0xb0, 0x0, 0x0, 0x4, 0xff, 0xff,
    0xff, 0xb0, 0x0, 0x0, 0x4, 0xff, 0xff, 0xff,
    0xb0, 0x0, 0x0, 0x4, 0xff, 0xff, 0xff, 0xb0,
    0x0, 0x0, 0x0, 0xbf, 0xff, 0xff, 0xb0, 0x0,
    0x0, 0x0, 0xd, 0xff, 0xff, 0xb0, 0x0, 0x0,
    0x0, 0x0, 0xff, 0xff, 0xb0, 0x0, 0x0, 0x0,
    0x0, 0x9, 0xa8, 0x60, 0x0, 0x0, 0x0, 0x0,
    0x0,

    /* U+F55A "" */
    0x0, 0x0, 0x17, 0x88, 0x88, 0x88, 0x88, 0x87,
    0x40, 0x0, 0x2, 0xef, 0xff, 0xff, 0xff, 0xff,
    0xff, 0xf4, 0x0, 0x3e, 0xff, 0xff, 0xcf, 0xff,
    0xcf, 0xff, 0xf7, 0x3, 0xef, 0xff, 0xf9, 0x8,
    0xf8, 0x9, 0xff, 0xf8, 0x3e, 0xff, 0xff, 0xfe,
    0x20, 0x40, 0x2e, 0xff, 0xf8, 0xdf, 0xff, 0xff,
    0xff, 0xe1, 0x1, 0xef, 0xff, 0xf8, 0x9f, 0xff,
    0xff, 0xff, 0x80, 0x0, 0x8f, 0xff, 0xf8, 0x9,
    0xff, 0xff, 0xf9, 0x2, 0xc2, 0x9, 0xff, 0xf8,
    0x0, 0x9f, 0xff, 0xfe, 0x4e, 0xfe, 0x4e, 0xff,
    0xf8, 0x0, 0x9, 0xff, 0xff, 0xff, 0xff, 0xff,
    0xff, 0xf7, 0x0, 0x0, 0x8f, 0xff, 0xff, 0xff,
    0xff, 0xff, 0xc1,

    /* U+F7C2 "" */
    0x0, 0x0, 0x0, 0x0, 0x0, 0x0, 0x3, 0xef,
    0xff, 0xff, 0xe2, 0x3, 0xfb, 0xfb, 0xce, 0xbf,
    0xa4, 0xff, 0x1d, 0x3, 0xa1, 0xfa, 0xff, 0xf1,
    0xd0, 0x3a, 0x1f, 0xaf, 0xff, 0xff, 0xff, 0xff,
    0xfa, 0xff, 0xff, 0xff, 0xff, 0xff, 0xaf, 0xff,
    0xff, 0xff, 0xff, 0xfa, 0xff, 0xff, 0xff, 0xff,
    0xff, 0xaf, 0xff, 0xff, 0xff, 0xff, 0xfa, 0xff,
    0xff, 0xff, 0xff, 0xff, 0xaf, 0xff, 0xff, 0xff,
    0xff, 0xfa, 0xff, 0xff, 0xff, 0xff, 0xff, 0xad,
    0xff, 0xff, 0xff, 0xff, 0xf8, 0x29, 0xaa, 0xaa,
    0xaa, 0xa8, 0x0,

    /* U+F8A2 "" */
    0x0, 0x0, 0x0, 0x0, 0x0, 0x0, 0x3, 0x0,
    0x0, 0x0, 0x0, 0x0, 0x0, 0x4, 0xf1, 0x0,
    0x8, 0x20, 0x0, 0x0, 0x1, 0xff, 0x10, 0xb,
    0xf7, 0x0, 0x0, 0x0, 0x2f, 0xf1, 0xc, 0xff,
    0x94, 0x44, 0x44, 0x45, 0xff, 0x1b, 0xff, 0xff,
    0xff, 0xff, 0xff, 0xff, 0xf1, 0x8f, 0xff, 0xff,
    0xff, 0xff, 0xff, 0xfd, 0x0, 0x7f, 0xf7, 0x0,
    0x0, 0x0, 0x0, 0x0, 0x0, 0x6f, 0x60, 0x0,
    0x0, 0x0, 0x0, 0x0, 0x0, 0x30, 0x0, 0x0,
    0x0, 0x0, 0x0
};


/*---------------------
 *  GLYPH DESCRIPTION
 *--------------------*/

static const lv_font_fmt_txt_glyph_dsc_t glyph_dsc[] = {
    {.bitmap_index = 0, .adv_w = 0, .box_w = 0, .box_h = 0, .ofs_x = 0, .ofs_y = 0} /* id = 0 reserved */,
    {.bitmap_index = 0, .adv_w = 47, .box_w = 0, .box_h = 0, .ofs_x = 0, .ofs_y = 0},
    {.bitmap_index = 0, .adv_w = 58, .box_w = 3, .box_h = 10, .ofs_x = 0, .ofs_y = 0},
    {.bitmap_index = 15, .adv_w = 90, .box_w = 5, .box_h = 4, .ofs_x = 0, .ofs_y = 6},
    {.bitmap_index = 25, .adv_w = 143, .box_w = 9, .box_h = 10, .ofs_x = 0, .ofs_y = 0},
    {.bitmap_index = 70, .adv_w = 132, .box_w = 8, .box_h = 14, .ofs_x = 0, .ofs_y = -2},
    {.bitmap_index = 126, .adv_w = 148, .box_w = 9, .box_h = 10, .ofs_x = 0, .ofs_y = 0},
    {.bitmap_index = 171, .adv_w = 148, .box_w = 10, .box_h = 10, .ofs_x = 0, .ofs_y = 0},
    {.bitmap_index = 221, .adv_w = 53, .box_w = 3, .box_h = 4, .ofs_x = 0, .ofs_y = 6},
    {.bitmap_index = 227, .adv_w = 68, .box_w = 4, .box_h = 13, .ofs_x = 0, .ofs_y = -2},
    {.bitmap_index = 253, .adv_w = 68, .box_w = 4, .box_h = 13, .ofs_x = 0, .ofs_y = -2},
    {.bitmap_index = 279, .adv_w = 110, .box_w = 7, .box_h = 7, .ofs_x = 0, .ofs_y = 4},
    {.bitmap_index = 304, .adv_w = 121, .box_w = 7, .box_h = 7, .ofs_x = 0, .ofs_y = 1},
    {.bitmap_index = 329, .adv_w = 62, .box_w = 2, .box_h = 4, .ofs_x = 1, .ofs_y = -2},
    {.bitmap_index = 333, .adv_w = 103, .box_w = 6, .box_h = 3, .ofs_x = 0, .ofs_y = 2},
    {.bitmap_index = 342, .adv_w = 65, .box_w = 2, .box_h = 2, .ofs_x = 1, .ofs_y = 0},
    {.bitmap_index = 344, .adv_w = 87, .box_w = 6, .box_h = 11, .ofs_x = 0, .ofs_y = -1},
    {.bitmap_index = 377, .adv_w = 147, .box_w = 9, .box_h = 10, .ofs_x = 0, .ofs_y = 0},
    {.bitmap_index = 422, .adv_w = 78, .box_w = 4, .box_h = 10, .ofs_x = 0, .ofs_y = 0},
    {.bitmap_index = 442, .adv_w = 121, .box_w = 7, .box_h = 10, .ofs_x = 0, .ofs_y = 0},
    {.bitmap_index = 477, .adv_w = 121, .box_w = 7, .box_h = 10, .ofs_x = 0, .ofs_y = 0},
    {.bitmap_index = 512, .adv_w = 134, .box_w = 8, .box_h = 10, .ofs_x = 0, .ofs_y = 0},
    {.bitmap_index = 552, .adv_w = 121, .box_w = 7, .box_h = 10, .ofs_x = 0, .ofs_y = 0},
    {.bitmap_index = 587, .adv_w = 126, .box_w = 8, .box_h = 10, .ofs_x = 0, .ofs_y = 0},
    {.bitmap_index = 627, .adv_w = 118, .box_w = 7, .box_h = 10, .ofs_x = 0, .ofs_y = 0},
    {.bitmap_index = 662, .adv_w = 123, .box_w = 8, .box_h = 10, .ofs_x = 0, .ofs_y = 0},
    {.bitmap_index = 702, .adv_w = 126, .box_w = 8, .box_h = 10, .ofs_x = 0, .ofs_y = 0},
    {.bitmap_index = 742, .adv_w = 61, .box_w = 3, .box_h = 6, .ofs_x = 0, .ofs_y = 0},
    {.bitmap_index = 751, .adv_w = 60, .box_w = 3, .box_h = 8, .ofs_x = 0, .ofs_y = -2},
    {.bitmap_index = 763, .adv_w = 121, .box_w = 7, .box_h = 8, .ofs_x = 0, .ofs_y = 1},
    {.bitmap_index = 791, .adv_w = 121, .box_w = 7, .box_h = 5, .ofs_x = 0, .ofs_y = 2},
    {.bitmap_index = 809, .adv_w = 121, .box_w = 7, .box_h = 8, .ofs_x = 0, .ofs_y = 1},
    {.bitmap_index = 837, .adv_w = 113, .box_w = 7, .box_h = 12, .ofs_x = 0, .ofs_y = 0},
    {.bitmap_index = 879, .adv_w = 168, .box_w = 10, .box_h = 10, .ofs_x = 0, .ofs_y = -2},
    {.bitmap_index = 929, .adv_w = 156, .box_w = 10, .box_h = 10, .ofs_x = 0, .ofs_y = 0},
    {.bitmap_index = 979, .adv_w = 140, .box_w = 8, .box_h = 10, .ofs_x = 1, .ofs_y = 0},
    {.bitmap_index = 1019, .adv_w = 154, .box_w = 10, .box_h = 10, .ofs_x = 0, .ofs_y = 0},
    {.bitmap_index = 1069, .adv_w = 166, .box_w = 9, .box_h = 10, .ofs_x = 1, .ofs_y = 0},
    {.bitmap_index = 1114, .adv_w = 132, .box_w = 7, .box_h = 10, .ofs_x = 1, .ofs_y = 0},
    {.bitmap_index = 1149, .adv_w = 127, .box_w = 7, .box_h = 10, .ofs_x = 1, .ofs_y = 0},
    {.bitmap_index = 1184, .adv_w = 173, .box_w = 11, .box_h = 10, .ofs_x = 0, .ofs_y = 0},
    {.bitmap_index = 1239, .adv_w = 158, .box_w = 8, .box_h = 10, .ofs_x = 1, .ofs_y = 0},
    {.bitmap_index = 1279, .adv_w = 58, .box_w = 2, .box_h = 10, .ofs_x = 1, .ofs_y = 0},
    {.bitmap_index = 1289, .adv_w = 111, .box_w = 6, .box_h = 10, .ofs_x = 0, .ofs_y = 0},
    {.bitmap_index = 1319, .adv_w = 149, .box_w = 8, .box_h = 10, .ofs_x = 1, .ofs_y = 0},
    {.bitmap_index = 1359, .adv_w = 124, .box_w = 7, .box_h = 10, .ofs_x = 1, .ofs_y = 0},
    {.bitmap_index = 1394, .adv_w = 188, .box_w = 10, .box_h = 10, .ofs_x = 1, .ofs_y = 0},
    {.bitmap_index = 1444, .adv_w = 159, .box_w = 8, .box_h = 10, .ofs_x = 1, .ofs_y = 0},
    {.bitmap_index = 1484, .adv_w = 178, .box_w = 11, .box_h = 10, .ofs_x = 0, .ofs_y = 0},
    {.bitmap_index = 1539, .adv_w = 136, .box_w = 7, .box_h = 10, .ofs_x = 1, .ofs_y = 0},
    {.bitmap_index = 1574, .adv_w = 183, .box_w = 12, .box_h = 11, .ofs_x = 0, .ofs_y = -1},
    {.bitmap_index = 1640, .adv_w = 141, .box_w = 8, .box_h = 10, .ofs_x = 1, .ofs_y = 0},
    {.bitmap_index = 1680, .adv_w = 124, .box_w = 8, .box_h = 10, .ofs_x = 0, .ofs_y = 0},
    {.bitmap_index = 1720, .adv_w = 140, .box_w = 9, .box_h = 10, .ofs_x = 0, .ofs_y = 0},
    {.bitmap_index = 1765, .adv_w = 153, .box_w = 8, .box_h = 10, .ofs_x = 1, .ofs_y = 0},
    {.bitmap_index = 1805, .adv_w = 154, .box_w = 10, .box_h = 10, .ofs_x = 0, .ofs_y = 0},
    {.bitmap_index = 1855, .adv_w = 220, .box_w = 14, .box_h = 10, .ofs_x = 0, .ofs_y = 0},
    {.bitmap_index = 1925, .adv_w = 155, .box_w = 10, .box_h = 10, .ofs_x = 0, .ofs_y = 0},
    {.bitmap_index = 1975, .adv_w = 149, .box_w = 9, .box_h = 10, .ofs_x = 0, .ofs_y = 0},
    {.bitmap_index = 2020, .adv_w = 131, .box_w = 8, .box_h = 10, .ofs_x = 0, .ofs_y = 0},
    {.bitmap_index = 2060, .adv_w = 76, .box_w = 4, .box_h = 13, .ofs_x = 1, .ofs_y = -3},
    {.bitmap_index = 2086, .adv_w = 87, .box_w = 6, .box_h = 11, .ofs_x = 0, .ofs_y = -1},
    {.bitmap_index = 2119, .adv_w = 76, .box_w = 4, .box_h = 13, .ofs_x = 0, .ofs_y = -3},
    {.bitmap_index = 2145, .adv_w = 101, .box_w = 6, .box_h = 4, .ofs_x = 0, .ofs_y = 7},
    {.bitmap_index = 2157, .adv_w = 113, .box_w = 7, .box_h = 2, .ofs_x = 0, .ofs_y = -3},
    {.bitmap_index = 2164, .adv_w = 63, .box_w = 4, .box_h = 4, .ofs_x = 0, .ofs_y = 7},
    {.bitmap_index = 2172, .adv_w = 130, .box_w = 8, .box_h = 7, .ofs_x = 0, .ofs_y = 0},
    {.bitmap_index = 2200, .adv_w = 130, .box_w = 8, .box_h = 10, .ofs_x = 0, .ofs_y = 0},
    {.bitmap_index = 2240, .adv_w = 110, .box_w = 7, .box_h = 7, .ofs_x = 0, .ofs_y = 0},
    {.bitmap_index = 2265, .adv_w = 130, .box_w = 8, .box_h = 10, .ofs_x = 0, .ofs_y = 0},
    {.bitmap_index = 2305, .adv_w = 120, .box_w = 8, .box_h = 7, .ofs_x = 0, .ofs_y = 0},
    {.bitmap_index = 2333, .adv_w = 89, .box_w = 7, .box_h = 10, .ofs_x = 0, .ofs_y = 0},
    {.bitmap_index = 2368, .adv_w = 130, .box_w = 8, .box_h = 10, .ofs_x = 0, .ofs_y = -3},
    {.bitmap_index = 2408, .adv_w = 123, .box_w = 7, .box_h = 10, .ofs_x = 0, .ofs_y = 0},
    {.bitmap_index = 2443, .adv_w = 50, .box_w = 3, .box_h = 10, .ofs_x = 0, .ofs_y = 0},
    {.bitmap_index = 2458, .adv_w = 52, .box_w = 5, .box_h = 13, .ofs_x = -2, .ofs_y = -3},
    {.bitmap_index = 2491, .adv_w = 112, .box_w = 7, .box_h = 10, .ofs_x = 0, .ofs_y = 0},
    {.bitmap_index = 2526, .adv_w = 50, .box_w = 3, .box_h = 10, .ofs_x = 0, .ofs_y = 0},
    {.bitmap_index = 2541, .adv_w = 192, .box_w = 12, .box_h = 7, .ofs_x = 0, .ofs_y = 0},
    {.bitmap_index = 2583, .adv_w = 123, .box_w = 7, .box_h = 7, .ofs_x = 0, .ofs_y = 0},
    {.bitmap_index = 2608, .adv_w = 127, .box_w = 8, .box_h = 7, .ofs_x = 0, .ofs_y = 0},
    {.bitmap_index = 2636, .adv_w = 130, .box_w = 8, .box_h = 10, .ofs_x = 0, .ofs_y = -3},
    {.bitmap_index = 2676, .adv_w = 131, .box_w = 8, .box_h = 10, .ofs_x = 0, .ofs_y = -3},
    {.bitmap_index = 2716, .adv_w = 94, .box_w = 6, .box_h = 7, .ofs_x = 0, .ofs_y = 0},
    {.bitmap_index = 2737, .adv_w = 96, .box_w = 6, .box_h = 7, .ofs_x = 0, .ofs_y = 0},
    {.bitmap_index = 2758, .adv_w = 82, .box_w = 5, .box_h = 10, .ofs_x = 0, .ofs_y = 0},
    {.bitmap_index = 2783, .adv_w = 116, .box_w = 7, .box_h = 7, .ofs_x = 0, .ofs_y = 0},
    {.bitmap_index = 2808, .adv_w = 114, .box_w = 7, .box_h = 7, .ofs_x = 0, .ofs_y = 0},
    {.bitmap_index = 2833, .adv_w = 168, .box_w = 11, .box_h = 7, .ofs_x = 0, .ofs_y = 0},
    {.bitmap_index = 2872, .adv_w = 113, .box_w = 7, .box_h = 7, .ofs_x = 0, .ofs_y = 0},
    {.bitmap_index = 2897, .adv_w = 115, .box_w = 7, .box_h = 10, .ofs_x = 0, .ofs_y = -3},
    {.bitmap_index = 2932, .adv_w = 100, .box_w = 6, .box_h = 7, .ofs_x = 0, .ofs_y = 0},
    {.bitmap_index = 2953, .adv_w = 72, .box_w = 5, .box_h = 13, .ofs_x = 0, .ofs_y = -3},
    {.bitmap_index = 2986, .adv_w = 62, .box_w = 2, .box_h = 13, .ofs_x = 1, .ofs_y = -2},
    {.bitmap_index = 2999, .adv_w = 72, .box_w = 5, .box_h = 13, .ofs_x = 0, .ofs_y = -3},
    {.bitmap_index = 3032, .adv_w = 121, .box_w = 7, .box_h = 4, .ofs_x = 0, .ofs_y = 3},
    {.bitmap_index = 3046, .adv_w = 88, .box_w = 5, .box_h = 5, .ofs_x = 0, .ofs_y = 5},
    {.bitmap_index = 3059, .adv_w = 29, .box_w = 2, .box_h = 2, .ofs_x = 0, .ofs_y = 4},
    {.bitmap_index = 3061, .adv_w = 123, .box_w = 7, .box_h = 2, .ofs_x = 0, .ofs_y = 2},
    {.bitmap_index = 3068, .adv_w = 191, .box_w = 11, .box_h = 2, .ofs_x = 0, .ofs_y = 2},
    {.bitmap_index = 3079, .adv_w = 56, .box_w = 3, .box_h = 4, .ofs_x = 0, .ofs_y = 7},
    {.bitmap_index = 3085, .adv_w = 56, .box_w = 3, .box_h = 4, .ofs_x = 0, .ofs_y = 6},
    {.bitmap_index = 3091, .adv_w = 97, .box_w = 6, .box_h = 4, .ofs_x = 0, .ofs_y = 7},
    {.bitmap_index = 3103, .adv_w = 97, .box_w = 6, .box_h = 4, .ofs_x = 0, .ofs_y = 6},
    {.bitmap_index = 3115, .adv_w = 74, .box_w = 4, .box_h = 3, .ofs_x = 0, .ofs_y = 4},
    {.bitmap_index = 3121, .adv_w = 168, .box_w = 9, .box_h = 2, .ofs_x = 1, .ofs_y = 0},
    {.bitmap_index = 3130, .adv_w = 224, .box_w = 8, .box_h = 10, .ofs_x = 3, .ofs_y = 2},
    {.bitmap_index = 3170, .adv_w = 224, .box_w = 7, .box_h = 8, .ofs_x = 4, .ofs_y = 3},
    {.bitmap_index = 3198, .adv_w = 224, .box_w = 12, .box_h = 9, .ofs_x = 1, .ofs_y = 2},
    {.bitmap_index = 3252, .adv_w = 224, .box_w = 10, .box_h = 10, .ofs_x = 2, .ofs_y = 2},
    {.bitmap_index = 3302, .adv_w = 224, .box_w = 8, .box_h = 8, .ofs_x = 3, .ofs_y = 3},
    {.bitmap_index = 3334, .adv_w = 224, .box_w = 8, .box_h = 8, .ofs_x = 3, .ofs_y = 3},
    {.bitmap_index = 3366, .adv_w = 224, .box_w = 9, .box_h = 9, .ofs_x = 2, .ofs_y = 2},
    {.bitmap_index = 3407, .adv_w = 224, .box_w = 10, .box_h = 12, .ofs_x = 2, .ofs_y = 1},
    {.bitmap_index = 3467, .adv_w = 224, .box_w = 10, .box_h = 10, .ofs_x = 2, .ofs_y = 2},
    {.bitmap_index = 3517, .adv_w = 224, .box_w = 14, .box_h = 11, .ofs_x = 0, .ofs_y = 1},
    {.bitmap_index = 3594, .adv_w = 224, .box_w = 12, .box_h = 12, .ofs_x = 1, .ofs_y = 1},
    {.bitmap_index = 3666, .adv_w = 224, .box_w = 8, .box_h = 12, .ofs_x = 3, .ofs_y = 1},
    {.bitmap_index = 3714, .adv_w = 224, .box_w = 12, .box_h = 12, .ofs_x = 1, .ofs_y = 1},
    {.bitmap_index = 3786, .adv_w = 224, .box_w = 14, .box_h = 14, .ofs_x = 0, .ofs_y = 0},
    {.bitmap_index = 3884, .adv_w = 224, .box_w = 8, .box_h = 12, .ofs_x = 3, .ofs_y = 1},
    {.bitmap_index = 3932, .adv_w = 224, .box_w = 12, .box_h = 12, .ofs_x = 1, .ofs_y = 1},
    {.bitmap_index = 4004, .adv_w = 224, .box_w = 14, .box_h = 14, .ofs_x = 0, .ofs_y = 0},
    {.bitmap_index = 4102, .adv_w = 224, .box_w = 11, .box_h = 8, .ofs_x = 2, .ofs_y = 3},
    {.bitmap_index = 4146, .adv_w = 224, .box_w = 8, .box_h = 8, .ofs_x = 3, .ofs_y = 3},
    {.bitmap_index = 4178, .adv_w = 224, .box_w = 8, .box_h = 5, .ofs_x = 3, .ofs_y = 4},
    {.bitmap_index = 4198, .adv_w = 224, .box_w = 10, .box_h = 10, .ofs_x = 2, .ofs_y = 2},
    {.bitmap_index = 4248, .adv_w = 224, .box_w = 14, .box_h = 11, .ofs_x = 0, .ofs_y = 2},
    {.bitmap_index = 4325, .adv_w = 224, .box_w = 12, .box_h = 12, .ofs_x = 1, .ofs_y = 1},
    {.bitmap_index = 4397, .adv_w = 224, .box_w = 10, .box_h = 12, .ofs_x = 2, .ofs_y = 1},
    {.bitmap_index = 4457, .adv_w = 224, .box_w = 12, .box_h = 11, .ofs_x = 1, .ofs_y = 2},
    {.bitmap_index = 4523, .adv_w = 224, .box_w = 12, .box_h = 12, .ofs_x = 1, .ofs_y = 1},
    {.bitmap_index = 4595, .adv_w = 224, .box_w = 11, .box_h = 11, .ofs_x = 1, .ofs_y = 2},
    {.bitmap_index = 4656, .adv_w = 224, .box_w = 14, .box_h = 11, .ofs_x = 0, .ofs_y = 1},
    {.bitmap_index = 4733, .adv_w = 224, .box_w = 14, .box_h = 11, .ofs_x = 0, .ofs_y = 1},
    {.bitmap_index = 4810, .adv_w = 224, .box_w = 14, .box_h = 11, .ofs_x = 0, .ofs_y = 1},
    {.bitmap_index = 4887, .adv_w = 224, .box_w = 12, .box_h = 12, .ofs_x = 1, .ofs_y = 1},
    {.bitmap_index = 4959, .adv_w = 224, .box_w = 15, .box_h = 15, .ofs_x = -1, .ofs_y = -2},
    {.bitmap_index = 5072, .adv_w = 224, .box_w = 14, .box_h = 11, .ofs_x = 0, .ofs_y = 0},
    {.bitmap_index = 5149, .adv_w = 224, .box_w = 14, .box_h = 13, .ofs_x = 0, .ofs_y = -1},
    {.bitmap_index = 5240, .adv_w = 224, .box_w = 14, .box_h = 11, .ofs_x = 0, .ofs_y = 0},
    {.bitmap_index = 5317, .adv_w = 154, .box_w = 10, .box_h = 11, .ofs_x = 0, .ofs_y = 0},
    {.bitmap_index = 5372, .adv_w = 224, .box_w = 14, .box_h = 15, .ofs_x = 0, .ofs_y = -2},
    {.bitmap_index = 5477, .adv_w = 224, .box_w = 14, .box_h = 15, .ofs_x = 0, .ofs_y = -2},
    {.bitmap_index = 5582, .adv_w = 252, .box_w = 16, .box_h = 13, .ofs_x = 0, .ofs_y = -1},
    {.bitmap_index = 5686, .adv_w = 224, .box_w = 14, .box_h = 15, .ofs_x = 0, .ofs_y = -2},
    {.bitmap_index = 5791, .adv_w = 252, .box_w = 16, .box_h = 11, .ofs_x = 0, .ofs_y = 0},
    {.bitmap_index = 5879, .adv_w = 224, .box_w = 14, .box_h = 15, .ofs_x = 0, .ofs_y = -2},
    {.bitmap_index = 5984, .adv_w = 112, .box_w = 7, .box_h = 12, .ofs_x = 0, .ofs_y = -1},
    {.bitmap_index = 6026, .adv_w = 168, .box_w = 11, .box_h = 12, .ofs_x = 0, .ofs_y = -1},
    {.bitmap_index = 6092, .adv_w = 252, .box_w = 16, .box_h = 14, .ofs_x = 0, .ofs_y = -2},
    {.bitmap_index = 6204, .adv_w = 224, .box_w = 14, .box_h = 11, .ofs_x = 0, .ofs_y = 0},
    {.bitmap_index = 6281, .adv_w = 154, .box_w = 10, .box_h = 15, .ofs_x = 0, .ofs_y = -2},
    {.bitmap_index = 6356, .adv_w = 196, .box_w = 10, .box_h = 14, .ofs_x = 1, .ofs_y = -2},
    {.bitmap_index = 6426, .adv_w = 196, .box_w = 13, .box_h = 15, .ofs_x = 0, .ofs_y = -2},
    {.bitmap_index = 6524, .adv_w = 196, .box_w = 13, .box_h = 13, .ofs_x = 0, .ofs_y = -1},
    {.bitmap_index = 6609, .adv_w = 196, .box_w = 13, .box_h = 13, .ofs_x = 0, .ofs_y = -1},
    {.bitmap_index = 6694, .adv_w = 196, .box_w = 10, .box_h = 14, .ofs_x = 1, .ofs_y = -2},
    {.bitmap_index = 6764, .adv_w = 196, .box_w = 14, .box_h = 13, .ofs_x = -1, .ofs_y = -1},
    {.bitmap_index = 6855, .adv_w = 140, .box_w = 9, .box_h = 13, .ofs_x = 0, .ofs_y = -1},
    {.bitmap_index = 6914, .adv_w = 140, .box_w = 9, .box_h = 13, .ofs_x = 0, .ofs_y = -1},
    {.bitmap_index = 6973, .adv_w = 196, .box_w = 13, .box_h = 13, .ofs_x = 0, .ofs_y = -1},
    {.bitmap_index = 7058, .adv_w = 196, .box_w = 13, .box_h = 4, .ofs_x = 0, .ofs_y = 3},
    {.bitmap_index = 7084, .adv_w = 252, .box_w = 16, .box_h = 11, .ofs_x = 0, .ofs_y = 0},
    {.bitmap_index = 7172, .adv_w = 280, .box_w = 18, .box_h = 15, .ofs_x = 0, .ofs_y = -2},
    {.bitmap_index = 7307, .adv_w = 252, .box_w = 17, .box_h = 15, .ofs_x = -1, .ofs_y = -2},
    {.bitmap_index = 7435, .adv_w = 224, .box_w = 14, .box_h = 13, .ofs_x = 0, .ofs_y = -1},
    {.bitmap_index = 7526, .adv_w = 196, .box_w = 13, .box_h = 8, .ofs_x = 0, .ofs_y = 1},
    {.bitmap_index = 7578, .adv_w = 196, .box_w = 13, .box_h = 8, .ofs_x = 0, .ofs_y = 1},
    {.bitmap_index = 7630, .adv_w = 280, .box_w = 18, .box_h = 11, .ofs_x = 0, .ofs_y = 0},
    {.bitmap_index = 7729, .adv_w = 224, .box_w = 14, .box_h = 11, .ofs_x = 0, .ofs_y = 0},
    {.bitmap_index = 7806, .adv_w = 224, .box_w = 14, .box_h = 15, .ofs_x = 0, .ofs_y = -2},
    {.bitmap_index = 7911, .adv_w = 224, .box_w = 15, .box_h = 15, .ofs_x = -1, .ofs_y = -2},
    {.bitmap_index = 8024, .adv_w = 224, .box_w = 14, .box_h = 10, .ofs_x = 0, .ofs_y = 2},
    {.bitmap_index = 8094, .adv_w = 196, .box_w = 13, .box_h = 13, .ofs_x = 0, .ofs_y = -1},
    {.bitmap_index = 8179, .adv_w = 196, .box_w = 13, .box_h = 15, .ofs_x = 0, .ofs_y = -2},
    {.bitmap_index = 8277, .adv_w = 196, .box_w = 13, .box_h = 13, .ofs_x = 0, .ofs_y = -1},
    {.bitmap_index = 8362, .adv_w = 196, .box_w = 13, .box_h = 12, .ofs_x = 0, .ofs_y = -1},
    {.bitmap_index = 8440, .adv_w = 224, .box_w = 14, .box_h = 11, .ofs_x = 0, .ofs_y = 0},
    {.bitmap_index = 8517, .adv_w = 140, .box_w = 10, .box_h = 15, .ofs_x = -1, .ofs_y = -2},
    {.bitmap_index = 8592, .adv_w = 196, .box_w = 13, .box_h = 15, .ofs_x = 0, .ofs_y = -2},
    {.bitmap_index = 8690, .adv_w = 196, .box_w = 13, .box_h = 15, .ofs_x = 0, .ofs_y = -2},
    {.bitmap_index = 8788, .adv_w = 252, .box_w = 16, .box_h = 11, .ofs_x = 0, .ofs_y = 0},
    {.bitmap_index = 8876, .adv_w = 224, .box_w = 16, .box_h = 15, .ofs_x = -1, .ofs_y = -2},
    {.bitmap_index = 8996, .adv_w = 168, .box_w = 11, .box_h = 15, .ofs_x = 0, .ofs_y = -2},
    {.bitmap_index = 9079, .adv_w = 280, .box_w = 18, .box_h = 13, .ofs_x = 0, .ofs_y = -1},
    {.bitmap_index = 9196, .adv_w = 280, .box_w = 18, .box_h = 10, .ofs_x = 0, .ofs_y = 0},
    {.bitmap_index = 9286, .adv_w = 280, .box_w = 18, .box_h = 10, .ofs_x = 0, .ofs_y = 0},
    {.bitmap_index = 9376, .adv_w = 280, .box_w = 18, .box_h = 10, .ofs_x = 0, .ofs_y = 0},
    {.bitmap_index = 9466, .adv_w = 280, .box_w = 18, .box_h = 10, .ofs_x = 0, .ofs_y = 0},
    {.bitmap_index = 9556, .adv_w = 280, .box_w = 18, .box_h = 10, .ofs_x = 0, .ofs_y = 0},
    {.bitmap_index = 9646, .adv_w = 280, .box_w = 18, .box_h = 12, .ofs_x = 0, .ofs_y = -1},
    {.bitmap_index = 9754, .adv_w = 196, .box_w = 12, .box_h = 15, .ofs_x = 0, .ofs_y = -2},
    {.bitmap_index = 9844, .adv_w = 196, .box_w = 13, .box_h = 15, .ofs_x = 0, .ofs_y = -2},
    {.bitmap_index = 9942, .adv_w = 224, .box_w = 15, .box_h = 15, .ofs_x = -1, .ofs_y = -2},
    {.bitmap_index = 10055, .adv_w = 280, .box_w = 18, .box_h = 11, .ofs_x = 0, .ofs_y = 0},
    {.bitmap_index = 10154, .adv_w = 168, .box_w = 11, .box_h = 15, .ofs_x = 0, .ofs_y = -2},
    {.bitmap_index = 10237, .adv_w = 225, .box_w = 15, .box_h = 10, .ofs_x = 0, .ofs_y = 0}
};

/*---------------------
 *  CHARACTER MAPPING
 *--------------------*/

static const uint16_t unicode_list_1[] = {
    0x0, 0x7, 0x1f63, 0x1f64, 0x1f68, 0x1f69, 0x1f6c, 0x1f6d,
    0x1f72, 0x1f76, 0xdf84, 0xdf87, 0xdf8d, 0xdf93, 0xdf94, 0xdf97,
    0xdfaf, 0xe040, 0xe095, 0xe10a, 0xe114, 0xe23a, 0xe2ee, 0xe2fb,
    0xe355, 0xe379, 0xe468, 0xe51a, 0xe51d, 0xe51f, 0xe525, 0xe58e,
    0xe786, 0xe7c2, 0xe7da, 0xe7fc, 0xe806, 0xeb26, 0xeb31, 0xeb34,
    0xee9a, 0xef51, 0xef58, 0xef5b, 0xef5c, 0xef5d, 0xef61, 0xef63,
    0xef65, 0xef69, 0xef6c, 0xef71, 0xef76, 0xef77, 0xef78, 0xef8e,
    0xef93, 0xef98, 0xef9b, 0xef9c, 0xef9d, 0xefa1, 0xefa2, 0xefa3,
    0xefa4, 0xefb7, 0xefb8, 0xefbe, 0xefc0, 0xefc1, 0xefc4, 0xefc7,
    0xefc8, 0xefc9, 0xefcb, 0xefe3, 0xefe5, 0xf000, 0xf014, 0xf015,
    0xf017, 0xf019, 0xf030, 0xf037, 0xf03a, 0xf043, 0xf06c, 0xf074,
    0xf0ab, 0xf13b, 0xf190, 0xf191, 0xf192, 0xf193, 0xf194, 0xf1d7,
    0xf1e3, 0xf23d, 0xf254, 0xf4aa, 0xf712, 0xf7f2
};

/*Collect the unicode lists and glyph_id offsets*/
static const lv_font_fmt_txt_cmap_t cmaps[] =
{
    {
        .range_start = 32, .range_length = 95, .glyph_id_start = 1,
        .unicode_list = NULL, .glyph_id_ofs_list = NULL, .list_length = 0, .type = LV_FONT_FMT_TXT_CMAP_FORMAT0_TINY
    },
    {
        .range_start = 176, .range_length = 63475, .glyph_id_start = 96,
        .unicode_list = unicode_list_1, .glyph_id_ofs_list = NULL, .list_length = 102, .type = LV_FONT_FMT_TXT_CMAP_SPARSE_TINY
    }
};

/*-----------------
 *    KERNING
 *----------------*/


/*Map glyph_ids to kern left classes*/
static const uint8_t kern_left_class_mapping[] =
{
    0, 1, 0, 2, 0, 3, 0, 4,
    2, 5, 0, 0, 0, 6, 7, 6,
    8, 9, 10, 11, 12, 13, 14, 15,
    16, 17, 18, 0, 0, 0, 0, 0,
    0, 19, 20, 21, 22, 0, 23, 24,
    25, 26, 26, 27, 28, 29, 26, 26,
    30, 31, 32, 33, 34, 35, 27, 36,
    37, 38, 39, 40, 41, 0, 0, 0,
    0, 0, 42, 19, 43, 0, 44, 45,
    46, 47, 48, 49, 50, 0, 47, 47,
    19, 19, 51, 52, 53, 54, 55, 56,
    57, 58, 59, 60, 61, 26, 0, 0,
    0, 0, 0, 0, 62, 63, 62, 63,
    0, 0, 0, 0, 0, 0, 0, 0,
    0, 0, 0, 0, 0, 0, 0, 0,
    0, 0, 0, 0, 0, 0, 0, 0,
    0, 0, 0, 0, 0, 0, 0, 0,
    0, 0, 0, 0, 0, 0, 0, 0,
    0, 0, 0, 0, 0, 0, 0, 0,
    0, 0, 0, 0, 0, 0, 0, 0,
    0, 0, 0, 0, 0, 0, 0, 0,
    0, 0, 0, 0, 0, 0, 0, 0,
    0, 0, 0, 0, 0, 0, 0, 0,
    0, 0, 0, 0, 0, 0, 0, 0,
    0, 0, 0, 0, 0, 0
};

/*Map glyph_ids to kern right classes*/
static const uint8_t kern_right_class_mapping[] =
{
    0, 1, 0, 2, 0, 0, 0, 3,
    2, 0, 4, 5, 0, 6, 7, 6,
    8, 9, 10, 11, 12, 13, 14, 15,
    16, 17, 18, 19, 19, 0, 0, 0,
    20, 21, 22, 23, 24, 23, 23, 23,
    24, 23, 23, 25, 23, 23, 23, 23,
    24, 23, 24, 23, 26, 27, 28, 29,
    30, 31, 32, 33, 0, 0, 34, 0,
    0, 0, 21, 35, 21, 21, 21, 36,
    21, 37, 38, 39, 37, 37, 40, 40,
    41, 40, 21, 40, 42, 36, 43, 44,
    45, 46, 47, 48, 0, 23, 49, 0,
    0, 0, 0, 0, 0, 50, 0, 50,
    0, 0, 0, 0, 0, 0, 0, 0,
    0, 0, 0, 0, 0, 0, 0, 0,
    0, 0, 0, 0, 0, 0, 0, 0,
    0, 0, 0, 0, 0, 0, 0, 0,
    0, 0, 0, 0, 0, 0, 0, 0,
    0, 0, 0, 0, 0, 0, 0, 0,
    0, 0, 0, 0, 0, 0, 0, 0,
    0, 0, 0, 0, 0, 0, 0, 0,
    0, 0, 0, 0, 0, 0, 0, 0,
    0, 0, 0, 0, 0, 0, 0, 0,
    0, 0, 0, 0, 0, 0, 0, 0,
    0, 0, 0, 0, 0, 0
};

/*Kern values between classes*/
static const int8_t kern_class_values[] =
{
    0, 0, 0, 0, 0, 0, 0, 0,
    0, 0, 0, 0, 0, 0, 0, 0,
    0, 0, 0, 0, 0, -6, 0, 0,
    -6, 0, -4, 0, 0, 0, 0, -6,
    0, 0, 0, 0, 0, 0, 0, 0,
    0, 0, 0, 0, 0, 0, 0, 0,
    0, 0, 0, 0, 0, 0, 0, 0,
    0, 0, -8, 0, 0, 0, -17, 0,
    -12, 5, -6, -1, 0, 0, -15, -28,
    0, -9, -26, -6, 6, 0, 0, 0,
    0, 0, 0, 0, 0, 2, 0, 0,
    0, -5, -15, -10, -3, -1, -1, -1,
    -1, 0, 0, 0, 0, 0, 0, 0,
    0, 0, 0, 0, 0, 0, 0, 0,
    0, 0, 0, -4, 0, 0, 0, 0,
    0, 0, 0, 0, 0, 0, 0, 0,
    0, 0, 0, 0, 0, 0, 0, 0,
    0, 0, 0, 0, 0, 0, 0, 0,
    0, 0, 0, 0, 0, 0, -9, 0,
    0, 0, 0, 0, 0, 0, 0, 0,
    0, 0, 0, 0, 0, 0, 0, 0,
    0, 0, -4, -20, -6, -16, 0, -6,
    -21, -9, -16, -14, -15, -19, -12, 0,
    0, -10, 0, 0, 0, 0, -4, -4,
    -4, -13, -9, 0, -13, 0, 0, 0,
    0, 0, 0, 0, 0, 0, 0, 0,
    0, 0, 0, 0, 0, 0, 0, 0,
    0, 0, 0, 0, 0, 0, 0, -3,
    -4, 0, 0, 0, 0, 0, 0, 0,
    0, 0, 0, 0, 0, 0, 22, 0,
    0, 0, 0, -8, -6, 0, -8, 0,
    0, 0, 0, 0, 0, 0, -15, 0,
    0, 0, -6, -18, 0, 0, -7, 0,
    -6, -14, 0, -12, 0, 0, -4, 0,
    0, -8, 0, 0, -15, 0, -18, -13,
    0, -25, 0, 0, 0, -9, 0, 0,
    8, 0, -4, 0, 0, -11, -7, 0,
    -11, 0, 0, -21, 0, 0, 0, 0,
    0, 0, 0, 0, 0, -12, -6, -13,
    0, 0, 0, -17, 0, 0, 0, 0,
    4, -9, 0, 3, -13, -7, -17, 0,
    -15, -10, -14, -19, -7, 0, 0, -4,
    0, 0, 0, 0, 4, 0, 0, -6,
    0, -6, -6, -5, 0, 0, 0, 0,
    0, 0, 0, 0, 0, 0, 0, 0,
    0, 0, 0, 0, 0, 0, 0, 0,
    0, 0, -12, -13, 3, -6, -17, 0,
    0, 0, 0, 0, 0, 0, 0, 0,
    0, -4, 0, 0, 0, -9, -12, -10,
    -5, -7, -7, 0, -7, -6, 0, 0,
    0, -8, 0, 0, 0, -6, 0, 0,
    0, 0, 0, 0, 0, 0, 0, -9,
    0, 0, 0, 0, 0, 0, 0, 0,
    0, 0, 0, 0, 0, 0, 0, 0,
    0, 0, 0, 0, 0, 0, 0, 0,
    0, 0, 0, 0, 0, 0, 0, 0,
    0, 0, 0, 0, 0, 0, 0, 0,
    0, 0, 0, 0, 0, 0, 0, 0,
    0, -2, 0, 0, 0, 0, 0, 0,
    0, 0, 0, 0, 0, 0, 0, 0,
    0, 0, 0, 0, 0, 0, 0, 0,
    0, 0, 0, 0, 0, 0, 0, 0,
    0, 0, 0, 0, 0, 0, 0, 0,
    0, 0, -7, 0, 0, 0, 0, 0,
    0, 0, 0, -6, 0, 0, 0, 0,
    0, 0, 0, 0, 0, 0, 0, 0,
    0, 0, 0, 0, 0, 0, 0, 0,
    0, 0, 0, 0, 0, 0, 0, 0,
    0, 0, 0, 0, 0, 0, 0, 0,
    0, 0, 0, -6, 0, 0, 0, 0,
    0, 0, 0, 0, 0, -4, 0, 0,
    0, 0, 0, 0, 0, 0, 0, 0,
    0, 0, 0, 0, 0, 0, 0, 0,
    0, 0, 0, 0, 0, 0, 0, 0,
    0, 0, 0, 0, 0, 0, 0, 0,
    0, -14, 0, 0, 0, -9, 0, 0,
    0, -9, -3, 0, -4, -3, 0, -11,
    0, -6, 0, 0, 0, 0, 0, 0,
    0, 0, 0, 0, 0, 0, 0, 0,
    0, 0, 0, 0, 0, 0, 0, 0,
    0, 0, 0, 0, 0, 0, 0, 0,
    0, 0, 0, 0, 0, 0, 0, -6,
    0, 0, 0, 0, 0, 0, 0, 0,
    0, -7, 0, 0, 0, 0, 0, 0,
    0, 0, 0, 0, 0, 0, 0, 0,
    0, 0, 0, 0, 0, 0, 0, 0,
    0, 0, 0, 0, 0, 0, 0, 0,
    0, 0, 0, 0, 0, -12, 0, 0,
    0, 0, 0, 0, 0, -6, 0, -3,
    0, 0, 0, -7, 0, -4, 0, 0,
    0, 0, 0, 0, 0, 0, 0, 0,
    0, 0, 0, 0, 0, 0, 0, 0,
    0, 0, 0, 0, 0, 0, 0, 0,
    0, 0, 0, 0, 0, 0, 0, 5,
    0, 0, 0, -15, -12, 0, -4, 0,
    -2, -5, -9, 0, -8, -3, -5, -4,
    0, 0, 0, 0, 0, 0, 0, 0,
    0, 0, 0, 0, 0, 0, 0, 0,
    0, 0, 0, 0, 0, 0, 0, 0,
    0, 0, 0, 0, 0, 0, 0, 0,
    0, -6, 0, 0, 0, 0, 0, 0,
    0, -4, -2, -4, 0, 0, 0, -6,
    0, -3, 0, 0, 0, 0, 0, 0,
    0, 0, 0, 0, 0, 0, 0, 0,
    0, 0, 0, 0, 0, 0, 0, 0,
    0, 0, 0, 0, 0, 0, 0, 0,
    0, 0, 0, -1, 0, 0, 0, -16,
    0, 0, 0, -2, -2, -2, -4, 0,
    -6, -7, -4, 0, 0, 0, 0, 0,
    0, 0, 0, 0, 0, 0, 0, 0,
    0, 0, 0, 0, 0, 0, 0, 0,
    0, 0, 0, 0, 0, 0, 0, 0,
    0, 0, 0, 0, 0, -15, 0, 0,
    0, -4, 4, 0, 0, 0, 0, 0,
    0, 0, 0, 0, 0, 0, 0, 0,
    0, 0, 0, 0, 0, 0, 0, 0,
    0, 0, 0, 0, 0, 0, 0, -3,
    0, 0, 0, 0, 0, 0, 0, -4,
    -3, -3, -4, -4, 0, -13, -6, -28,
    0, 0, -28, 0, -9, 0, 0, 0,
    0, 0, 0, 0, 0, 0, 0, 0,
    -3, -13, -7, -9, -2, -12, -4, -6,
    -23, -4, -21, -19, -9, -24, -4, 0,
    0, -10, 0, 0, -2, 0, -7, 0,
    -4, -15, -13, -10, -12, 0, 0, -26,
    0, 0, 0, 0, 0, 0, 0, 0,
    0, 0, 0, 0, 0, 0, 0, 0,
    0, 0, 0, 0, 0, 0, 0, 0,
    -9, -3, -5, 0, -4, -2, -5, -8,
    0, 0, 0, 0, 0, 0, 0, 0,
    0, 0, 0, 0, 0, 0, 0, 0,
    0, 0, 0, 0, 0, 0, 0, 0,
    -4, 0, 0, 0, 0, 0, 0, 0,
    0, 0, 0, 0, 0, 0, -4, -4,
    0, -6, -11, -3, -4, 0, 0, 0,
    0, -6, 0, 0, 0, -6, 0, 0,
    0, 0, -4, 0, 0, -9, -9, -4,
    -9, 0, 5, 0, 0, 0, 0, 6,
    0, 0, -8, 0, 0, 0, 0, 0,
    0, 0, 0, 0, 0, 0, 0, 0,
    -2, 0, 0, -3, -8, -4, -6, 0,
    -3, 0, 0, -3, 0, 6, 0, 0,
    0, 0, 0, 0, -2, 0, 0, 0,
    0, 0, 0, 0, 6, 0, -2, 0,
    -3, 6, 0, -12, -5, -9, 0, 0,
    0, 0, 0, 0, 0, 0, 0, 0,
    0, 0, -4, -14, 0, -3, -33, -4,
    -5, 0, 0, 0, -5, 0, -2, 6,
    0, 0, 0, 0, 0, 0, -4, -4,
    0, -3, -1, -5, -3, -4, 6, 4,
    0, -7, 0, 0, 0, -9, 0, 0,
    0, 0, 0, 0, 0, 0, 0, 0,
    0, 0, 0, 0, 0, -7, 0, 1,
    -9, -3, -7, 0, -6, -4, -6, -10,
    0, 0, 0, 0, 0, 0, 0, 0,
    0, 0, 0, 0, 0, 0, 0, 0,
    2, -3, 0, 0, 0, 0, 0, 0,
    0, 3, 0, 0, 0, 0, 0, 0,
    0, 0, 0, 0, 0, 0, 0, 0,
    0, 0, 0, -3, 0, 0, 0, 0,
    0, 0, 0, 0, 0, 0, 0, 0,
    0, 0, 0, 0, 0, 0, 0, -3,
    0, 0, 0, 0, 0, 0, 0, 0,
    0, 0, 0, -4, 0, 0, 0, 0,
    0, 0, 0, 0, 0, 0, 0, 0,
    0, -5, 0, 0, -11, -2, -2, 0,
    0, 0, -4, -3, 0, 0, 0, 0,
    0, 0, 0, 0, 0, 0, 0, 0,
    0, 0, 0, 0, 0, 0, -6, 0,
    0, 0, -8, 0, -17, 0, 0, 0,
    0, 0, 0, 0, 0, 0, 0, 0,
    -3, 0, -11, -9, -4, -15, -7, -11,
    -14, -7, -13, -9, -14, -12, -9, 0,
    0, -12, 0, 0, 0, 0, -11, -8,
    -11, -20, -13, -8, -20, 0, 0, -5,
    -2, -20, 0, 0, -19, 0, -10, 0,
    0, 0, 0, 0, 0, 0, 0, 0,
    0, 0, 0, -7, -4, -6, 0, -13,
    -3, -7, -20, -5, -17, -15, 0, -23,
    0, 0, 0, -9, 0, 0, 0, 0,
    -4, 0, 0, -6, -5, -4, -6, 0,
    0, -20, 0, -9, 0, -3, 0, -8,
    3, -6, 0, 0, 0, 0, 0, 0,
    0, 0, 0, 0, 0, 0, 0, -12,
    0, 1, -14, -4, -11, 0, -9, -7,
    -9, -14, -3, -3, 0, 0, 0, 0,
    5, 0, 0, 0, 0, 0, 0, -2,
    0, 0, 0, -2, -4, 0, 0, 0,
    0, -19, -11, -13, 0, 0, 0, 0,
    0, 0, 0, 0, 0, 0, 0, 0,
    -6, -15, -2, 0, -29, 0, -5, 0,
    -2, 0, -8, -6, -7, 0, 0, 0,
    0, 0, 0, 0, -6, -4, 0, 0,
    0, 0, 0, 0, 0, 5, 0, 0,
    0, 0, 0, -5, 0, 4, 0, 0,
    0, 0, 0, 0, 0, 0, 0, 0,
    0, 0, 0, 0, 0, 0, 0, 0,
    -11, 0, 0, -7, -3, -14, 0, 0,
    0, 0, 0, 0, 0, 0, 0, 0,
    0, 0, 0, 0, 0, 0, 4, -7,
    0, -4, 0, 0, 0, 0, -13, 0,
    0, 0, 0, 0, 0, 0, 0, 0,
    0, 0, 0, 0, -6, -8, -3, -5,
    -6, -8, -11, -4, -9, -6, -9, -13,
    -6, 0, 0, -4, 0, 0, 0, 0,
    -6, -6, -3, -6, -5, -9, -6, -4,
    0, -5, 0, 0, 0, 0, 0, 0,
    3, 0, 0, 0, 0, 0, 0, 0,
    0, 0, 0, 0, 0, 0, -2, -5,
    0, 1, -9, -4, -7, 3, -4, -2,
    -4, -9, 0, 0, 0, 0, 0, 0,
    0, 0, -2, 0, 0, -4, -3, -3,
    -4, 0, 0, 0, -4, 6, -6, 0,
    0, -15, -17, -11, 0, 0, 0, 0,
    0, 0, 0, 0, 0, 0, -21, 2,
    -29, -23, 0, -11, -33, -10, -10, -2,
    -9, -7, -11, -11, -9, 0, 0, -13,
    0, 0, 0, -24, -29, -27, -22, -27,
    -24, -29, -27, -25, 0, 4, 0, 0,
    -6, 0, 0, -18, -15, -7, 0, 0,
    0, 0, 0, 0, 0, 0, 0, 0,
    -15, 1, -22, -21, 0, -9, -28, -10,
    -9, 0, -8, -6, -8, -7, -5, 0,
    0, -10, 0, 0, 0, -17, -23, -22,
    -14, -14, -12, -23, -14, -17, 0, 0,
    0, 0, -6, 0, 0, -13, -10, -7,
    0, 0, 0, 0, 0, 0, 0, 0,
    0, 0, -8, 1, -16, -19, 0, -7,
    -25, -7, -7, 0, -6, -6, -6, -8,
    -4, 0, 0, -8, 0, 0, 0, -14,
    -16, -17, -12, -13, -11, -14, -13, -13,
    0, 0, 0, 0, -2, 0, 0, 0,
    -14, 0, 0, 0, 0, 0, 0, 0,
    0, 0, 0, 0, 0, 0, -10, -9,
    -3, -9, -9, -9, -11, -4, -8, -6,
    -10, -9, -4, 0, -4, -12, -4, 0,
    0, -5, -10, -5, -7, -13, -12, -9,
    -13, -5, 0, -5, -6, 0, -14, 0,
    0, -25, -19, -15, 0, 0, 0, 0,
    0, 0, 0, 0, 0, 0, -19, -4,
    -33, -24, -5, -14, -32, -16, -11, -3,
    -7, -8, -9, -9, -5, 0, -5, -16,
    -5, -9, -10, -21, -33, -31, -21, -23,
    -20, -26, -23, -22, 0, -4, 0, 0,
    0, 0, 0, 0, -7, 0, 0, 0,
    0, 0, 0, 0, 0, 0, 0, 0,
    0, 1, -7, -6, 0, -5, -5, 0,
    -5, 0, -5, -3, -4, -5, -6, 0,
    0, -7, 0, 0, 0, 0, -7, 0,
    0, -6, -5, 0, -6, 0, 0, 0,
    0, 0, 0, 0, 0, 0, 0, 0,
    0, 0, 0, 0, 0, 0, 0, 0,
    0, 0, 0, 0, 0, 0, 0, -3,
    0, 0, 0, 0, 0, 0, 0, 0,
    0, 0, 0, 0, 0, 0, 18, 0,
    0, 0, 0, 0, 0, 0, 0, 0,
    0, 0, 0, 0, 0, 0, 0, 0,
    0, 0, 0, 0, 0, 0, 0, 0,
    0, 0, 0, 0, 0, 0, 0, 0,
    0, 0, 0, 0, 0, 0, 0, 0,
    0, 0, 0, 0, 0, 0, 0, 0,
    0, 0, 0, 0, 0, 0, 0, 0,
    0, 0, 0, 0, 0, 0, 0, 0,
    0, 0, -6, 0, 0, 0, 0, 0,
    0, 0, 0, 0, 0, 0, 0, 0,
    -2, 0, 0, 0, 0, 0, 0, 0,
    0, 0, 0, 0, 0, 0, 0, -1,
    0, 0, 0, 0, -2, 0, 0, 0,
    0, -1, 0, 0, 0, -4, 0, 0,
    0, 0, 0, 0, 4, 0, 0, 0,
    0, 0, 0, 0, 0, 0, 0, 0,
    0, 0, 0, 0, 0, 0, 0, 0,
    0, 0, 0, 0, 0, 0, 0, 0,
    0, -3, 0, 0, 0, 0, 0, 0,
    0, -2, -1, -3, -2, 0, 0, -6,
    0, 14, 0, 13, 4, -12, -12, -4,
    0, 0, 0, 0, 0, 0, 0, 0,
    0, 0, 0, 10, -6, 0, 0, 0,
    0, 0, 0, 0, 0, 0, 0, 0,
    0, 13, 5, -6, 5, 0, 0, -4,
    -6, -4, 0, -3, -3, -6, -3, -4,
    12, 11, 0, 0, 0, 0, 0, 0,
    0, 0, 0, 0, 0, 0, 0, 0,
    0, 0, 0, 0, 0, 0, 0, 0,
    0, 0, 0, 0, 0, 0, 0, 0,
    0, 0, 0, 0, 0, 0, 0, 0,
    12, 0, 0, 0, 0, 0, 0, 0,
    0, 0, 0, 0, 0, -8, 0, 0,
    0, 0, 0, 0, 0, 0, 0, 0,
    0, 0, 0, 0, 0, 0, 0, 0,
    0, 0, 0, 0, 0, 0, 0, 0,
    0, 0, 0, 0, 0, 0, 0, -1,
    0, 0, 0, 0, 0, 0, 0, 0,
    0, 0, 0, 0, 0, -5, 0, 0,
    0, 0, 0, 0, 0, 0, 0, 0,
    0, 0, 0, 0, 0, 0, 0, 0,
    0, 0, 0, 0, 0, 0, 0, 0,
    0, 0, 0, 0, 0, 0, 0, 0,
    0, 0, 0, 0, 0, 0, 0, 0,
    0, 0, -2, 0, 0, 0, 0, 0,
    0, 0, 0, 0, 0, 0, 0, 0,
    0, 0, 0, 0, 0, 0, 0, 0,
    0, 0, 0, 0, 0, 0, 0, 0,
    0, 0, 0, 0, 0, 0, 0, 0,
    0, 0, 0, 0, 0, 0, 14, 0,
    0, 0, 0, 0, 0, 0, 0, 0,
    0, 0, 0, 0, 0, 0, 0, -4,
    -13, 0, 0, 0, 0, 0, 0, 0,
    0, 0, 0, 0, 0, -7, -6, 0,
    0, 0, 0, 0, 0, 0, 0, 0,
    0, 0, 0, 0, 0, -8, 0, -4,
    -4, -4, -6, -6, -4, -7, -7, -8,
    -7, -6, 0, 0, 0, -5, 0, 0,
    0, 0, 0, 0, 0, 0, 0, 0,
    0, 0, 0, 0, 0, 0, 0, 0,
    0, 0, 0, 0, 0, 0, 0, 0,
    0, 0, 0, 0, 0, 0, 0, 0,
    0, 0, 18, 0, 0, 0, 0, 0,
    0, 0, 0, 0, 0, 0, 0, 0,
    -4, 0, 0, -17, -11, -15, 0, 0,
    0, 0, 0, 0, 0, 0, 0, 0,
    0, 0, -7, 0, 0, 0, 0, 0,
    0, 0, 0, 0, 0, 0, 0, 0,
    -6, -4, -4, -4, -4, -4, -7, -6,
    -4, -6, -5, -5, -6, -6, 0, 4,
    0, -5, 0, 0, 0, 0, 0, 0,
    0, 0, 0, 0, 0, 0, 0, 0,
    0, 0, 0, 0, 0, 0, 0, 0,
    0, 0, 0, 0, 0, 0, 0, 0,
    0, 0, 0, 0, 0, 0, 0, 0,
    0, 0, 0, 0, 0, 0, 0, 0,
    0, 0, 0, 0, 0, 0, 0, -8,
    -4, 0, 0, 0, 0, 0, 0, 0,
    0, 0, 0, 0, 0, 0, -3, 0,
    0, 0, 0, 0, 0, 0, 0, 0,
    0, 0, 0, 0, 0, -4, 0, 0,
    0, 0, -3, -2, 0, 0, 0, -2,
    0, -3, 0, 4, 0, -3, 0, 0,
    0, 0, 0, 0, 0, 0, 0, 0,
    0, 0, 0, 0, 0, 0, 0, 0,
    0, 0, 0, 0, 0, 0, 0, 0,
    0, 0, 0, 0, 0, 0, 0, 0,
    0, 0, 0, 0, 0, 0, 0, 0,
    0, 0, 0, 0, 0, -2, 0, -1,
    0, -8, 0, -11, -6, 0, 0, 0,
    0, 0, 0, 0, 0, 0, 0, 0,
    0, 0, -4, 0, 0, 0, 0, 0,
    0, 0, 0, 0, 0, 0, 0, 0,
    0, 0, 0, 0, 0, 0, -4, -3,
    0, -4, -4, -4, -4, -2, 0, 0,
    0, -1, 0, -6, 0, -7, 0, 0,
    0, 0, 0, 0, 0, 0, 0, 0,
    0, 0, 0, 0, -3, 0, 0, 0,
    0, 0, 0, 0, 0, 0, 0, 0,
    0, 0, 0, 0, 0, -2, 0, 0,
    -3, -3, 0, -4, -5, -3, -4, -2,
    0, 0, 0, -1, 0, 0, 0, 0,
    -6, 0, 0, 0, 0, 0, 0, 0,
    0, 0, 0, 0, 0, 0, -3, 0,
    0, 0, 0, 0, 0, 0, 0, 0,
    0, 0, 0, 0, 0, -4, 0, 0,
    0, 0, -3, -4, 0, -4, -3, -6,
    -4, 0, 0, 0, 0, 0, 0, -8,
    0, -15, -8, 0, 0, 0, 0, 0,
    0, 0, 0, 0, 0, 0, -3, 0,
    -6, 0, 0, 0, 0, 0, 0, 0,
    0, 0, 0, 0, 0, -2, -3, -2,
    -3, -3, -3, -3, -6, -4, 0, -4,
    -6, -6, -4, -5, -4, 0, 0, 0,
    0, 0, 0, 0, -5, 4, 0, 0,
    0, 0, 0, 0, 0, 0, 0, 0,
    0, 0, -2, 0, 0, 0, 0, 0,
    0, 0, 0, 0, 0, 0, 0, 0,
    0, -3, 0, 0, 0, 0, -3, 0,
    0, 0, 0, 0, 0, 0, 0, 0,
    0, 0, 0, 0, 0, 0, 0, 0,
    0, 0, 0, 0, 0, 0, 0, 0,
    0, 0, 0, 0, 0, 0, 0, 0,
    0, 0, 0, 0, 0, 0, 0, 0,
    0, 0, 0, 0, 0, 0, 22, 0,
    0, 0, 0, 0, 0, 0, 0, 0,
    0, 0, 0, 0, 0, 0, 0, 0,
    0, 0, 0, 0, 0, 0, 0, 0,
    0, 0, 0, 0, 0, 0, -13, -24,
    0, 0, -30, 0, 4, 0, 0, 0,
    0, 0, 0, 0, 0, 4, 0, 0,
    0, 0, -13, -8, 0, 0, 0, 0,
    0, 0, 0, 0, 0, 0, 0, 0,
    0, 0, 0, 0, 0, 0, 0, 0,
    0, 0, 0, 0, 0, 0, 0, 0,
    -20, -32, 0, -10, -26, -7, 5, 0,
    0, 0, -4, 0, 0, 0, 0, -2,
    0, 0, 0, -9, -20, -16, -9, -5,
    0, 0, -5, -9, 0, 0
};


/*Collect the kern class' data in one place*/
static const lv_font_fmt_txt_kern_classes_t kern_classes =
{
    .class_pair_values   = kern_class_values,
    .left_class_mapping  = kern_left_class_mapping,
    .right_class_mapping = kern_right_class_mapping,
    .left_class_cnt      = 63,
    .right_class_cnt     = 50,
};

/*--------------------
 *  ALL CUSTOM DATA
 *--------------------*/

#if LVGL_VERSION_MAJOR == 8
/*Store all the custom data of the font*/
static  lv_font_fmt_txt_glyph_cache_t cache;
#endif

#if LVGL_VERSION_MAJOR >= 8
static const lv_font_fmt_txt_dsc_t font_dsc = {
#else
static lv_font_fmt_txt_dsc_t font_dsc = {
#endif
    .glyph_bitmap = glyph_bitmap,
    .glyph_dsc = glyph_dsc,
    .cmaps = cmaps,
    .kern_dsc = &kern_classes,
    .kern_scale = 16,
    .cmap_num = 2,
    .bpp = 4,
    .kern_classes = 1,
    .bitmap_format = 0,
#if LVGL_VERSION_MAJOR == 8
    .cache = &cache
#endif
};



/*-----------------
 *  PUBLIC FONT
 *----------------*/

/*Initialize a public general font descriptor*/
#if LVGL_VERSION_MAJOR >= 8
const lv_font_t outfit_14 = {
#else
lv_font_t outfit_14 = {
#endif
    .get_glyph_dsc = lv_font_get_glyph_dsc_fmt_txt,    /*Function pointer to get glyph's data*/
    .get_glyph_bitmap = lv_font_get_bitmap_fmt_txt,    /*Function pointer to get glyph's bitmap*/
    .line_height = 17,          /*The maximum line height required by the font*/
    .base_line = 3,             /*Baseline measured from the bottom of the line*/
#if !(LVGL_VERSION_MAJOR == 6 && LVGL_VERSION_MINOR == 0)
    .subpx = LV_FONT_SUBPX_NONE,
#endif
#if LV_VERSION_CHECK(7, 4, 0) || LVGL_VERSION_MAJOR >= 8
    .underline_position = -1,
    .underline_thickness = 1,
#endif
    .dsc = &font_dsc,          /*The custom font data. Will be accessed by `get_glyph_bitmap/dsc` */
#if LV_VERSION_CHECK(8, 2, 0) || LVGL_VERSION_MAJOR >= 9
    .fallback = NULL,
#endif
    .user_data = NULL,
};



#endif /*#if OUTFIT_14*/

