/*******************************************************************************
 * Size: 21 px
 * Bpp: 4
 * Opts: --no-compress --bpp 4 --size 21 --font /Volumes/SSD/projects/dune-weaver-pi/dune-weaver-touch/fonts/Outfit-Regular.ttf -r 0x20-0x7F,0xB0,0xB7,0x2013-0x2014,0x2018-0x2019,0x201C-0x201D,0x2022,0x2026 --font /Volumes/SSD/projects/dune-weaver-pi/dune-weaver-touch/fonts/MaterialIconsRound-Regular.otf -r 0xe145,0xe39e,0xe2ea,0xe3ab,0xe5ca,0xef4a,0xe5cd,0xe872,0xe5cf,0xe88a,0xe518,0xe0f0,0xe405,0xe034,0xe037,0xe1c4,0xe05f,0xe8ac,0xe03d,0xe836,0xe5d5,0xf053,0xe8b6,0xe043,0xe044,0xe047,0xe429,0xe63e,0xf0b0,0xebe4,0xebd6,0xebe1,0xe1ba --font managed_components/lvgl__lvgl/scripts/built_in_font/FontAwesome5-Solid+Brands+Regular.woff -r 61441,61448,61451,61452,61453,61457,61459,61461,61465,61468,61473,61478,61479,61480,61502,61507,61512,61515,61516,61517,61521,61522,61523,61524,61543,61544,61550,61552,61553,61556,61559,61560,61561,61563,61587,61589,61636,61637,61639,61641,61664,61671,61674,61683,61724,61732,61787,61931,62016,62017,62018,62019,62020,62087,62099,62212,62189,62810,63426,63650 --format lvgl -o src/ui/fonts/outfit_21.c
 ******************************************************************************/

#ifdef LV_LVGL_H_INCLUDE_SIMPLE
#include "lvgl.h"
#else
#include "lvgl/lvgl.h"
#endif

#ifndef OUTFIT_21
#define OUTFIT_21 1
#endif

#if OUTFIT_21

/*-----------------
 *    BITMAPS
 *----------------*/

/*Store the image of the glyphs*/
static LV_ATTRIBUTE_LARGE_CONST const uint8_t glyph_bitmap[] = {
    /* U+0020 " " */

    /* U+0021 "!" */
    0x4f, 0xb0, 0x4f, 0xa0, 0x3f, 0xa0, 0x3f, 0x90,
    0x3f, 0x90, 0x2f, 0x80, 0x2f, 0x80, 0x1f, 0x70,
    0x1f, 0x70, 0x1f, 0x70, 0x3, 0x10, 0x2a, 0x60,
    0xaf, 0xf0, 0x5f, 0xa0,

    /* U+0022 "\"" */
    0x8f, 0x71, 0xfe, 0x6f, 0x60, 0xfd, 0x5f, 0x50,
    0xeb, 0x3f, 0x30, 0xda, 0x2f, 0x20, 0xb9, 0x0,
    0x0, 0x0,

    /* U+0023 "#" */
    0x0, 0x6, 0xf4, 0x0, 0xeb, 0x0, 0x0, 0x8,
    0xf1, 0x0, 0xf9, 0x0, 0x0, 0xb, 0xe0, 0x3,
    0xf6, 0x0, 0x0, 0xd, 0xc0, 0x5, 0xf4, 0x0,
    0x5f, 0xff, 0xff, 0xff, 0xff, 0xf6, 0x28, 0x9f,
    0xb8, 0x8d, 0xf8, 0x83, 0x0, 0x5f, 0x40, 0xd,
    0xc0, 0x0, 0x0, 0x7f, 0x20, 0xf, 0xa0, 0x0,
    0xff, 0xff, 0xff, 0xff, 0xff, 0xc0, 0x88, 0xee,
    0x88, 0xbf, 0xa8, 0x60, 0x0, 0xfa, 0x0, 0x7f,
    0x20, 0x0, 0x1, 0xf7, 0x0, 0xaf, 0x0, 0x0,
    0x4, 0xf5, 0x0, 0xcd, 0x0, 0x0, 0x7, 0xf2,
    0x0, 0xfa, 0x0, 0x0,

    /* U+0024 "$" */
    0x0, 0x0, 0x18, 0x10, 0x0, 0x0, 0x0, 0x3f,
    0x30, 0x0, 0x0, 0x0, 0x3f, 0x30, 0x0, 0x0,
    0x2a, 0xef, 0xea, 0x20, 0x4, 0xff, 0xef, 0xef,
    0xf4, 0xd, 0xf4, 0x3f, 0x36, 0xe3, 0xf, 0xe0,
    0x3f, 0x30, 0x0, 0xe, 0xf2, 0x3f, 0x30, 0x0,
    0x8, 0xff, 0xaf, 0x30, 0x0, 0x0, 0x8f, 0xff,
    0xc5, 0x0, 0x0, 0x1, 0x8f, 0xff, 0xc1, 0x0,
    0x0, 0x3f, 0x6d, 0xf9, 0x0, 0x0, 0x3f, 0x32,
    0xfe, 0x5, 0x0, 0x3f, 0x30, 0xff, 0x8f, 0x91,
    0x3f, 0x38, 0xfc, 0x1d, 0xff, 0xdf, 0xff, 0xf3,
    0x0, 0x7c, 0xff, 0xe9, 0x20, 0x0, 0x0, 0x3f,
    0x30, 0x0, 0x0, 0x0, 0x3f, 0x30, 0x0,

    /* U+0025 "%" */
    0x9, 0xff, 0x90, 0x0, 0xb, 0xf3, 0xaf, 0x66,
    0xfa, 0x0, 0x5f, 0x90, 0xea, 0x0, 0x9e, 0x1,
    0xed, 0x0, 0xdd, 0x11, 0xdd, 0xb, 0xf3, 0x0,
    0x4f, 0xff, 0xf4, 0x5f, 0x90, 0x0, 0x1, 0x66,
    0x11, 0xed, 0x0, 0x0, 0x0, 0x0, 0xb, 0xf3,
    0x0, 0x0, 0x0, 0x0, 0x5f, 0x90, 0x0, 0x0,
    0x0, 0x1, 0xed, 0x0, 0x11, 0x0, 0x0, 0xb,
    0xf3, 0x3d, 0xff, 0xa0, 0x0, 0x6f, 0x90, 0xde,
    0x67, 0xf9, 0x1, 0xfd, 0x1, 0xf7, 0x0, 0xcc,
    0xb, 0xf3, 0x0, 0xdd, 0x46, 0xf8, 0x6f, 0x80,
    0x0, 0x1b, 0xfe, 0x80,

    /* U+0026 "&" */
    0x0, 0x6, 0xdf, 0xfa, 0x20, 0x0, 0x0, 0x8,
    0xff, 0xde, 0xff, 0x30, 0x0, 0x1, 0xfe, 0x20,
    0x7, 0xe2, 0x0, 0x0, 0x4f, 0x90, 0x0, 0x0,
    0x0, 0x0, 0x3, 0xfb, 0x0, 0x0, 0x0, 0x0,
    0x0, 0xc, 0xf5, 0x0, 0x0, 0x0, 0x0, 0x0,
    0xaf, 0xf4, 0x0, 0x0, 0x0, 0x0, 0xdf, 0x9e,
    0xf4, 0x0, 0x0, 0x0, 0x7f, 0x80, 0x3e, 0xf4,
    0x0, 0x0, 0xb, 0xf2, 0x0, 0x3f, 0xf3, 0x0,
    0x0, 0xbf, 0x20, 0x0, 0x3f, 0xf3, 0x0, 0x7,
    0xfa, 0x0, 0x0, 0x8f, 0xf3, 0x0, 0xc, 0xfe,
    0x99, 0xcf, 0xef, 0xe3, 0x0, 0x7, 0xdf, 0xfd,
    0x81, 0x4f, 0xe2,

    /* U+0027 "'" */
    0x8f, 0x76, 0xf6, 0x5f, 0x53, 0xf3, 0x2f, 0x20,
    0x0,

    /* U+0028 "(" */
    0x0, 0x0, 0x0, 0x0, 0x2, 0xe6, 0x0, 0xd,
    0xe1, 0x0, 0x8f, 0x30, 0x1, 0xfa, 0x0, 0x6,
    0xf4, 0x0, 0xa, 0xf0, 0x0, 0xd, 0xc0, 0x0,
    0xf, 0xa0, 0x0, 0xf, 0xa0, 0x0, 0xf, 0xa0,
    0x0, 0xe, 0xc0, 0x0, 0xb, 0xf0, 0x0, 0x7,
    0xf3, 0x0, 0x1, 0xf9, 0x0, 0x0, 0xaf, 0x20,
    0x0, 0x1e, 0xd0, 0x0, 0x4, 0xf7, 0x0, 0x0,
    0x20,

    /* U+0029 ")" */
    0x0, 0x0, 0x0, 0x2e, 0x70, 0x0, 0xa, 0xf4,
    0x0, 0x0, 0xdd, 0x0, 0x0, 0x5f, 0x60, 0x0,
    0xe, 0xc0, 0x0, 0xa, 0xf0, 0x0, 0x7, 0xf3,
    0x0, 0x5, 0xf5, 0x0, 0x4, 0xf6, 0x0, 0x5,
    0xf5, 0x0, 0x6, 0xf3, 0x0, 0x9, 0xf1, 0x0,
    0xd, 0xc0, 0x0, 0x4f, 0x70, 0x0, 0xce, 0x0,
    0x8, 0xf6, 0x0, 0x2f, 0x90, 0x0, 0x2, 0x0,
    0x0,

    /* U+002A "*" */
    0x0, 0x0, 0x5, 0x0, 0x0, 0xb4, 0x5, 0xf6,
    0x0, 0x2d, 0xf2, 0xbc, 0x0, 0x0, 0xa, 0xef,
    0x30, 0x0, 0x3, 0x9f, 0xff, 0xff, 0x2b, 0xfc,
    0x8d, 0x26, 0xa0, 0x57, 0x4, 0xf1, 0x0, 0x0,
    0x0, 0x4f, 0x60, 0x0, 0x0, 0x1, 0x41, 0x0,
    0x0,

    /* U+002B "+" */
    0x0, 0x1, 0x84, 0x0, 0x0, 0x0, 0x2, 0xf9,
    0x0, 0x0, 0x0, 0x2, 0xf9, 0x0, 0x0, 0x0,
    0x2, 0xf9, 0x0, 0x0, 0x8a, 0xab, 0xfe, 0xaa,
    0xa1, 0xcf, 0xff, 0xff, 0xff, 0xf2, 0x0, 0x2,
    0xf9, 0x0, 0x0, 0x0, 0x2, 0xf9, 0x0, 0x0,
    0x0, 0x2, 0xf9, 0x0, 0x0, 0x0, 0x1, 0x84,
    0x0, 0x0,

    /* U+002C "," */
    0x8, 0x80, 0x4f, 0xf6, 0x2e, 0xf3, 0xa, 0xc0,
    0x3f, 0x30, 0x16, 0x0,

    /* U+002D "-" */
    0x7c, 0xcc, 0xcc, 0xc3, 0x9f, 0xff, 0xff, 0xf4,

    /* U+002E "." */
    0x8, 0x90, 0x4f, 0xf5, 0x1d, 0xe2,

    /* U+002F "/" */
    0x0, 0x0, 0x1, 0xfb, 0x0, 0x0, 0x6, 0xf5,
    0x0, 0x0, 0xc, 0xf0, 0x0, 0x0, 0x2f, 0x90,
    0x0, 0x0, 0x8f, 0x40, 0x0, 0x0, 0xde, 0x0,
    0x0, 0x3, 0xf8, 0x0, 0x0, 0x9, 0xf2, 0x0,
    0x0, 0xf, 0xc0, 0x0, 0x0, 0x5f, 0x70, 0x0,
    0x0, 0xbf, 0x10, 0x0, 0x1, 0xfb, 0x0, 0x0,
    0x6, 0xf5, 0x0, 0x0, 0xc, 0xf0, 0x0, 0x0,
    0x2f, 0xa0, 0x0, 0x0, 0x8f, 0x40, 0x0, 0x0,

    /* U+0030 "0" */
    0x0, 0x0, 0x7d, 0xff, 0xc5, 0x0, 0x0, 0x1,
    0xcf, 0xfd, 0xef, 0xfa, 0x0, 0x0, 0xbf, 0xb1,
    0x0, 0x3d, 0xf8, 0x0, 0x5f, 0xd0, 0x0, 0x0,
    0x2f, 0xf1, 0xa, 0xf5, 0x0, 0x0, 0x0, 0x9f,
    0x70, 0xef, 0x10, 0x0, 0x0, 0x5, 0xfa, 0xf,
    0xf0, 0x0, 0x0, 0x0, 0x3f, 0xc0, 0xff, 0x0,
    0x0, 0x0, 0x3, 0xfc, 0xe, 0xf1, 0x0, 0x0,
    0x0, 0x5f, 0xa0, 0xaf, 0x50, 0x0, 0x0, 0x9,
    0xf7, 0x4, 0xfd, 0x0, 0x0, 0x2, 0xff, 0x10,
    0xb, 0xfb, 0x10, 0x3, 0xdf, 0x80, 0x0, 0x1c,
    0xff, 0xde, 0xff, 0xa0, 0x0, 0x0, 0x6, 0xcf,
    0xfc, 0x50, 0x0,

    /* U+0031 "1" */
    0x5f, 0xff, 0xf9, 0x4b, 0xbd, 0xf9, 0x0, 0x5,
    0xf9, 0x0, 0x5, 0xf9, 0x0, 0x5, 0xf9, 0x0,
    0x5, 0xf9, 0x0, 0x5, 0xf9, 0x0, 0x5, 0xf9,
    0x0, 0x5, 0xf9, 0x0, 0x5, 0xf9, 0x0, 0x5,
    0xf9, 0x0, 0x5, 0xf9, 0x0, 0x5, 0xf9, 0x0,
    0x5, 0xf9,

    /* U+0032 "2" */
    0x0, 0x19, 0xef, 0xfb, 0x30, 0x0, 0x3e, 0xff,
    0xde, 0xff, 0x40, 0xe, 0xf7, 0x0, 0x7, 0xfd,
    0x0, 0x56, 0x0, 0x0, 0xd, 0xf1, 0x0, 0x0,
    0x0, 0x0, 0xdf, 0x10, 0x0, 0x0, 0x0, 0x3f,
    0xe0, 0x0, 0x0, 0x0, 0x1e, 0xf6, 0x0, 0x0,
    0x0, 0x1d, 0xf9, 0x0, 0x0, 0x0, 0x1d, 0xfa,
    0x0, 0x0, 0x0, 0x1d, 0xfa, 0x0, 0x0, 0x0,
    0x1d, 0xf9, 0x0, 0x0, 0x0, 0x2d, 0xf9, 0x0,
    0x0, 0x0, 0x1e, 0xff, 0xbb, 0xbb, 0xbb, 0x55,
    0xff, 0xff, 0xff, 0xff, 0xf7,

    /* U+0033 "3" */
    0xa, 0xff, 0xff, 0xff, 0xff, 0x30, 0x7b, 0xbb,
    0xbb, 0xff, 0xd0, 0x0, 0x0, 0x0, 0x8f, 0xc1,
    0x0, 0x0, 0x0, 0x9f, 0xc0, 0x0, 0x0, 0x0,
    0x9f, 0xc0, 0x0, 0x0, 0x0, 0x6f, 0xff, 0xd5,
    0x0, 0x0, 0x3, 0x44, 0x7f, 0xf6, 0x0, 0x0,
    0x0, 0x0, 0x3f, 0xf0, 0x0, 0x0, 0x0, 0x0,
    0xbf, 0x40, 0x0, 0x0, 0x0, 0xa, 0xf5, 0x1,
    0x0, 0x0, 0x0, 0xef, 0x31, 0xdc, 0x20, 0x1,
    0xaf, 0xd0, 0xc, 0xff, 0xed, 0xff, 0xe2, 0x0,
    0x6, 0xcf, 0xfd, 0x91, 0x0,

    /* U+0034 "4" */
    0x0, 0x0, 0x4, 0xfe, 0x0, 0x0, 0x0, 0x0,
    0xd, 0xf5, 0x0, 0x0, 0x0, 0x0, 0x8f, 0xb0,
    0x0, 0x0, 0x0, 0x2, 0xff, 0x10, 0x0, 0x0,
    0x0, 0xb, 0xf7, 0x3, 0xfc, 0x0, 0x0, 0x5f,
    0xd0, 0x3, 0xfc, 0x0, 0x0, 0xef, 0x30, 0x3,
    0xfc, 0x0, 0x8, 0xf9, 0x0, 0x3, 0xfc, 0x0,
    0x2f, 0xfc, 0xbb, 0xbc, 0xff, 0xba, 0x5f, 0xff,
    0xff, 0xff, 0xff, 0xfd, 0x0, 0x0, 0x0, 0x3,
    0xfc, 0x0, 0x0, 0x0, 0x0, 0x3, 0xfc, 0x0,
    0x0, 0x0, 0x0, 0x3, 0xfc, 0x0, 0x0, 0x0,
    0x0, 0x3, 0xfc, 0x0,

    /* U+0035 "5" */
    0x0, 0xff, 0xff, 0xff, 0xfc, 0x0, 0x1f, 0xeb,
    0xbb, 0xbb, 0x90, 0x2, 0xf9, 0x0, 0x0, 0x0,
    0x0, 0x4f, 0x70, 0x0, 0x0, 0x0, 0x6, 0xf7,
    0x79, 0x85, 0x0, 0x0, 0x7f, 0xff, 0xff, 0xfd,
    0x10, 0x1, 0xb5, 0x10, 0x2b, 0xfc, 0x0, 0x0,
    0x0, 0x0, 0xd, 0xf3, 0x0, 0x0, 0x0, 0x0,
    0x8f, 0x70, 0x0, 0x0, 0x0, 0x8, 0xf7, 0x1,
    0x0, 0x0, 0x0, 0xdf, 0x41, 0xdc, 0x20, 0x1,
    0xaf, 0xd0, 0x1c, 0xff, 0xed, 0xff, 0xe3, 0x0,
    0x6, 0xcf, 0xfd, 0x81, 0x0,

    /* U+0036 "6" */
    0x0, 0x0, 0x0, 0xdf, 0x50, 0x0, 0x0, 0x0,
    0xa, 0xf7, 0x0, 0x0, 0x0, 0x0, 0x6f, 0x90,
    0x0, 0x0, 0x0, 0x3, 0xfb, 0x0, 0x0, 0x0,
    0x0, 0x1e, 0xff, 0xfd, 0x70, 0x0, 0x0, 0xbf,
    0xd9, 0x9e, 0xfb, 0x0, 0x5, 0xfb, 0x0, 0x1,
    0xcf, 0x70, 0xd, 0xf1, 0x0, 0x0, 0x3f, 0xd0,
    0x1f, 0xd0, 0x0, 0x0, 0xf, 0xf0, 0x2f, 0xe0,
    0x0, 0x0, 0xf, 0xf0, 0xf, 0xf3, 0x0, 0x0,
    0x6f, 0xc0, 0x8, 0xfd, 0x30, 0x4, 0xff, 0x40,
    0x0, 0xbf, 0xfd, 0xef, 0xf8, 0x0, 0x0, 0x7,
    0xdf, 0xfb, 0x40, 0x0,

    /* U+0037 "7" */
    0x5f, 0xff, 0xff, 0xff, 0xff, 0x54, 0xbb, 0xbb,
    0xbb, 0xbf, 0xf3, 0x0, 0x0, 0x0, 0x2, 0xfc,
    0x0, 0x0, 0x0, 0x0, 0x9f, 0x60, 0x0, 0x0,
    0x0, 0xf, 0xf0, 0x0, 0x0, 0x0, 0x7, 0xf8,
    0x0, 0x0, 0x0, 0x0, 0xdf, 0x20, 0x0, 0x0,
    0x0, 0x4f, 0xb0, 0x0, 0x0, 0x0, 0xb, 0xf4,
    0x0, 0x0, 0x0, 0x2, 0xfe, 0x0, 0x0, 0x0,
    0x0, 0x9f, 0x70, 0x0, 0x0, 0x0, 0xf, 0xf1,
    0x0, 0x0, 0x0, 0x6, 0xfa, 0x0, 0x0, 0x0,
    0x0, 0xdf, 0x30, 0x0, 0x0,

    /* U+0038 "8" */
    0x0, 0x7, 0xdf, 0xfb, 0x40, 0x0, 0xc, 0xfe,
    0xab, 0xff, 0x50, 0x4, 0xfc, 0x0, 0x3, 0xfd,
    0x0, 0x7f, 0x70, 0x0, 0xd, 0xf0, 0x3, 0xfb,
    0x0, 0x2, 0xfc, 0x0, 0x9, 0xfc, 0x89, 0xfe,
    0x30, 0x0, 0x4f, 0xff, 0xff, 0xb1, 0x0, 0x5f,
    0xd3, 0x1, 0x7f, 0xd0, 0xd, 0xf1, 0x0, 0x0,
    0x8f, 0x61, 0xfd, 0x0, 0x0, 0x4, 0xfa, 0xf,
    0xe0, 0x0, 0x0, 0x6f, 0x90, 0xbf, 0xa0, 0x0,
    0x3e, 0xf4, 0x2, 0xef, 0xfc, 0xdf, 0xfa, 0x0,
    0x1, 0x9e, 0xff, 0xc6, 0x0,

    /* U+0039 "9" */
    0x0, 0x6, 0xcf, 0xfc, 0x50, 0x0, 0xc, 0xff,
    0xde, 0xff, 0x90, 0x9, 0xfc, 0x20, 0x3, 0xef,
    0x60, 0xff, 0x10, 0x0, 0x3, 0xfd, 0x2f, 0xd0,
    0x0, 0x0, 0xf, 0xf1, 0xfe, 0x0, 0x0, 0x2,
    0xfe, 0xc, 0xf9, 0x0, 0x0, 0xbf, 0xa0, 0x2e,
    0xfd, 0x89, 0xef, 0xf3, 0x0, 0x19, 0xef, 0xef,
    0xf8, 0x0, 0x0, 0x0, 0x9, 0xfc, 0x0, 0x0,
    0x0, 0x5, 0xfe, 0x10, 0x0, 0x0, 0x2, 0xff,
    0x40, 0x0, 0x0, 0x0, 0xcf, 0x80, 0x0, 0x0,
    0x0, 0x8f, 0xb0, 0x0, 0x0,

    /* U+003A ":" */
    0x3e, 0xc0, 0x7f, 0xf2, 0x1a, 0x70, 0x0, 0x0,
    0x0, 0x0, 0x0, 0x0, 0x1a, 0x70, 0x7f, 0xf2,
    0x3e, 0xc0,

    /* U+003B ";" */
    0x3e, 0xc0, 0x7f, 0xf2, 0x1a, 0x70, 0x0, 0x0,
    0x0, 0x0, 0x0, 0x0, 0x9, 0x80, 0x6f, 0xf4,
    0x3f, 0xf2, 0xc, 0xa0, 0x4f, 0x10, 0x26, 0x0,

    /* U+003C "<" */
    0x0, 0x0, 0x0, 0x0, 0x31, 0x0, 0x0, 0x0,
    0x5c, 0xf2, 0x0, 0x1, 0x7e, 0xff, 0xa0, 0x2,
    0x9f, 0xfd, 0x71, 0x0, 0x9f, 0xfb, 0x40, 0x0,
    0x0, 0xbf, 0xf8, 0x20, 0x0, 0x0, 0x4, 0xbf,
    0xfb, 0x40, 0x0, 0x0, 0x3, 0xaf, 0xfd, 0x70,
    0x0, 0x0, 0x1, 0x8e, 0xf2, 0x0, 0x0, 0x0,
    0x0, 0x61,

    /* U+003D "=" */
    0xcf, 0xff, 0xff, 0xff, 0xf2, 0x8a, 0xaa, 0xaa,
    0xaa, 0xa1, 0x0, 0x0, 0x0, 0x0, 0x0, 0x0,
    0x0, 0x0, 0x0, 0x0, 0x0, 0x0, 0x0, 0x0,
    0x0, 0xcf, 0xff, 0xff, 0xff, 0xf2, 0x8a, 0xaa,
    0xaa, 0xaa, 0xa1,

    /* U+003E ">" */
    0x40, 0x0, 0x0, 0x0, 0x0, 0xce, 0x81, 0x0,
    0x0, 0x0, 0x6e, 0xff, 0x92, 0x0, 0x0, 0x0,
    0x5b, 0xff, 0xb4, 0x0, 0x0, 0x0, 0x28, 0xff,
    0xd1, 0x0, 0x0, 0x6, 0xdf, 0xf1, 0x0, 0x28,
    0xef, 0xe7, 0x10, 0x4b, 0xff, 0xc5, 0x0, 0x0,
    0xcf, 0xa3, 0x0, 0x0, 0x0, 0x62, 0x0, 0x0,
    0x0, 0x0,

    /* U+003F "?" */
    0x0, 0x4b, 0xff, 0xd8, 0x0, 0x6, 0xff, 0xed,
    0xff, 0xc0, 0xe, 0xe3, 0x0, 0x2e, 0xf5, 0x1,
    0x30, 0x0, 0x6, 0xf8, 0x0, 0x0, 0x0, 0x7,
    0xf7, 0x0, 0x0, 0x0, 0x4f, 0xf2, 0x0, 0x0,
    0x6f, 0xff, 0x50, 0x0, 0x0, 0x6f, 0xa2, 0x0,
    0x0, 0x0, 0x6f, 0x50, 0x0, 0x0, 0x0, 0x6f,
    0x40, 0x0, 0x0, 0x0, 0x0, 0x0, 0x0, 0x0,
    0x0, 0x0, 0x0, 0x0, 0x0, 0x0, 0x5a, 0x30,
    0x0, 0x0, 0x0, 0xef, 0xb0, 0x0, 0x0, 0x0,
    0x9f, 0x60, 0x0,

    /* U+0040 "@" */
    0x0, 0x0, 0x0, 0x11, 0x0, 0x0, 0x0, 0x0,
    0x3, 0xaf, 0xff, 0xfb, 0x40, 0x0, 0x0, 0x8f,
    0xd8, 0x55, 0x7c, 0xf9, 0x0, 0x7, 0xf8, 0x0,
    0x0, 0x0, 0x6f, 0x70, 0x2f, 0xa0, 0x0, 0x0,
    0x0, 0x9, 0xf1, 0x8f, 0x20, 0x4d, 0xfe, 0xdc,
    0x2, 0xf6, 0xcd, 0x2, 0xfa, 0x47, 0xfc, 0x0,
    0xf9, 0xec, 0x6, 0xf0, 0x0, 0xbc, 0x0, 0xea,
    0xdd, 0x2, 0xf6, 0x2, 0xec, 0x0, 0xf8, 0xaf,
    0x0, 0x5e, 0xff, 0xef, 0xff, 0xf3, 0x3f, 0x70,
    0x0, 0x20, 0x13, 0x23, 0x30, 0xa, 0xf4, 0x0,
    0x0, 0x0, 0x30, 0x0, 0x0, 0xbf, 0xa5, 0x22,
    0x5c, 0xf3, 0x0, 0x0, 0x6, 0xef, 0xff, 0xfd,
    0x60, 0x0, 0x0, 0x0, 0x2, 0x44, 0x20, 0x0,
    0x0,

    /* U+0041 "A" */
    0x0, 0x0, 0x0, 0x9f, 0x40, 0x0, 0x0, 0x0,
    0x0, 0x1, 0xff, 0xa0, 0x0, 0x0, 0x0, 0x0,
    0x7, 0xff, 0xf1, 0x0, 0x0, 0x0, 0x0, 0xd,
    0xf9, 0xf8, 0x0, 0x0, 0x0, 0x0, 0x4f, 0xb1,
    0xfe, 0x0, 0x0, 0x0, 0x0, 0xbf, 0x40, 0xaf,
    0x60, 0x0, 0x0, 0x2, 0xfd, 0x0, 0x3f, 0xc0,
    0x0, 0x0, 0x9, 0xf7, 0x0, 0xd, 0xf3, 0x0,
    0x0, 0xf, 0xf1, 0x0, 0x6, 0xfa, 0x0, 0x0,
    0x6f, 0xff, 0xff, 0xff, 0xff, 0x10, 0x0, 0xdf,
    0xbb, 0xbb, 0xbb, 0xdf, 0x80, 0x4, 0xfc, 0x0,
    0x0, 0x0, 0x3f, 0xe0, 0xb, 0xf6, 0x0, 0x0,
    0x0, 0xc, 0xf5, 0x2f, 0xe0, 0x0, 0x0, 0x0,
    0x5, 0xfc,

    /* U+0042 "B" */
    0x4f, 0xff, 0xff, 0xfd, 0x80, 0x0, 0x4f, 0xeb,
    0xbb, 0xbe, 0xfd, 0x0, 0x4f, 0xb0, 0x0, 0x0,
    0xcf, 0x60, 0x4f, 0xb0, 0x0, 0x0, 0x8f, 0x70,
    0x4f, 0xb0, 0x0, 0x0, 0xcf, 0x40, 0x4f, 0xeb,
    0xbb, 0xbe, 0xf8, 0x0, 0x4f, 0xff, 0xff, 0xff,
    0xf7, 0x0, 0x4f, 0xb0, 0x0, 0x2, 0xcf, 0x70,
    0x4f, 0xb0, 0x0, 0x0, 0x1f, 0xe0, 0x4f, 0xb0,
    0x0, 0x0, 0xe, 0xf1, 0x4f, 0xb0, 0x0, 0x0,
    0xf, 0xf1, 0x4f, 0xb0, 0x0, 0x0, 0x9f, 0xc0,
    0x4f, 0xeb, 0xbb, 0xbe, 0xfe, 0x20, 0x4f, 0xff,
    0xff, 0xfe, 0x91, 0x0,

    /* U+0043 "C" */
    0x0, 0x0, 0x17, 0xcf, 0xfe, 0xb5, 0x0, 0x0,
    0x5, 0xef, 0xfe, 0xef, 0xff, 0xc1, 0x0, 0x5f,
    0xf9, 0x20, 0x0, 0x3b, 0xf4, 0x1, 0xff, 0x50,
    0x0, 0x0, 0x0, 0x20, 0x8, 0xfa, 0x0, 0x0,
    0x0, 0x0, 0x0, 0xd, 0xf3, 0x0, 0x0, 0x0,
    0x0, 0x0, 0xf, 0xf0, 0x0, 0x0, 0x0, 0x0,
    0x0, 0xf, 0xf0, 0x0, 0x0, 0x0, 0x0, 0x0,
    0xd, 0xf3, 0x0, 0x0, 0x0, 0x0, 0x0, 0x8,
    0xfa, 0x0, 0x0, 0x0, 0x0, 0x0, 0x1, 0xff,
    0x50, 0x0, 0x0, 0x0, 0x20, 0x0, 0x5f, 0xf9,
    0x20, 0x0, 0x3b, 0xf5, 0x0, 0x5, 0xff, 0xfe,
    0xdf, 0xff, 0xd2, 0x0, 0x0, 0x17, 0xcf, 0xfe,
    0xb5, 0x0,

    /* U+0044 "D" */
    0x4f, 0xff, 0xff, 0xfe, 0xa4, 0x0, 0x0, 0x4f,
    0xfc, 0xcc, 0xcf, 0xff, 0xb1, 0x0, 0x4f, 0xb0,
    0x0, 0x0, 0x4c, 0xfd, 0x0, 0x4f, 0xb0, 0x0,
    0x0, 0x0, 0xcf, 0x90, 0x4f, 0xb0, 0x0, 0x0,
    0x0, 0x2f, 0xf1, 0x4f, 0xb0, 0x0, 0x0, 0x0,
    0xb, 0xf5, 0x4f, 0xb0, 0x0, 0x0, 0x0, 0x8,
    0xf8, 0x4f, 0xb0, 0x0, 0x0, 0x0, 0x8, 0xf8,
    0x4f, 0xb0, 0x0, 0x0, 0x0, 0xb, 0xf5, 0x4f,
    0xb0, 0x0, 0x0, 0x0, 0x2f, 0xf1, 0x4f, 0xb0,
    0x0, 0x0, 0x0, 0xcf, 0x90, 0x4f, 0xb0, 0x0,
    0x0, 0x4c, 0xfd, 0x0, 0x4f, 0xec, 0xcc, 0xce,
    0xff, 0xb1, 0x0, 0x4f, 0xff, 0xff, 0xfe, 0xa4,
    0x0, 0x0,

    /* U+0045 "E" */
    0x4f, 0xff, 0xff, 0xff, 0xff, 0x54, 0xff, 0xcc,
    0xcc, 0xcc, 0xc3, 0x4f, 0xb0, 0x0, 0x0, 0x0,
    0x4, 0xfb, 0x0, 0x0, 0x0, 0x0, 0x4f, 0xb0,
    0x0, 0x0, 0x0, 0x4, 0xfb, 0x0, 0x0, 0x0,
    0x0, 0x4f, 0xff, 0xff, 0xff, 0xfb, 0x4, 0xfe,
    0xbb, 0xbb, 0xbb, 0x80, 0x4f, 0xb0, 0x0, 0x0,
    0x0, 0x4, 0xfb, 0x0, 0x0, 0x0, 0x0, 0x4f,
    0xb0, 0x0, 0x0, 0x0, 0x4, 0xfb, 0x0, 0x0,
    0x0, 0x0, 0x4f, 0xec, 0xcc, 0xcc, 0xcc, 0x54,
    0xff, 0xff, 0xff, 0xff, 0xf6,

    /* U+0046 "F" */
    0x4f, 0xff, 0xff, 0xff, 0xff, 0x4, 0xff, 0xcc,
    0xcc, 0xcc, 0xc0, 0x4f, 0xb0, 0x0, 0x0, 0x0,
    0x4, 0xfb, 0x0, 0x0, 0x0, 0x0, 0x4f, 0xb0,
    0x0, 0x0, 0x0, 0x4, 0xfb, 0x0, 0x0, 0x0,
    0x0, 0x4f, 0xff, 0xff, 0xff, 0xfa, 0x4, 0xff,
    0xcc, 0xcc, 0xcc, 0x80, 0x4f, 0xb0, 0x0, 0x0,
    0x0, 0x4, 0xfb, 0x0, 0x0, 0x0, 0x0, 0x4f,
    0xb0, 0x0, 0x0, 0x0, 0x4, 0xfb, 0x0, 0x0,
    0x0, 0x0, 0x4f, 0xb0, 0x0, 0x0, 0x0, 0x4,
    0xfb, 0x0, 0x0, 0x0, 0x0,

    /* U+0047 "G" */
    0x0, 0x0, 0x17, 0xce, 0xfe, 0xb6, 0x0, 0x0,
    0x0, 0x4, 0xef, 0xfe, 0xdf, 0xff, 0xd3, 0x0,
    0x0, 0x5f, 0xf9, 0x20, 0x0, 0x29, 0xfd, 0x0,
    0x1, 0xff, 0x50, 0x0, 0x0, 0x0, 0x51, 0x0,
    0x8, 0xfa, 0x0, 0x0, 0x0, 0x0, 0x0, 0x0,
    0xd, 0xf3, 0x0, 0x0, 0x0, 0x0, 0x0, 0x0,
    0xf, 0xf0, 0x0, 0x0, 0xac, 0xcc, 0xcc, 0xc3,
    0xf, 0xf1, 0x0, 0x0, 0xdf, 0xff, 0xff, 0xf4,
    0xd, 0xf4, 0x0, 0x0, 0x0, 0x0, 0xd, 0xf2,
    0x8, 0xfa, 0x0, 0x0, 0x0, 0x0, 0x2f, 0xe0,
    0x1, 0xff, 0x60, 0x0, 0x0, 0x0, 0xcf, 0x70,
    0x0, 0x5f, 0xf9, 0x20, 0x0, 0x4c, 0xfd, 0x0,
    0x0, 0x4, 0xef, 0xfe, 0xef, 0xff, 0xc1, 0x0,
    0x0, 0x0, 0x17, 0xcf, 0xfe, 0xb5, 0x0, 0x0,

    /* U+0048 "H" */
    0x4f, 0xb0, 0x0, 0x0, 0x0, 0xef, 0x14, 0xfb,
    0x0, 0x0, 0x0, 0xe, 0xf1, 0x4f, 0xb0, 0x0,
    0x0, 0x0, 0xef, 0x14, 0xfb, 0x0, 0x0, 0x0,
    0xe, 0xf1, 0x4f, 0xb0, 0x0, 0x0, 0x0, 0xef,
    0x14, 0xfb, 0x0, 0x0, 0x0, 0xe, 0xf1, 0x4f,
    0xff, 0xff, 0xff, 0xff, 0xff, 0x14, 0xfe, 0xcc,
    0xcc, 0xcc, 0xcf, 0xf1, 0x4f, 0xb0, 0x0, 0x0,
    0x0, 0xef, 0x14, 0xfb, 0x0, 0x0, 0x0, 0xe,
    0xf1, 0x4f, 0xb0, 0x0, 0x0, 0x0, 0xef, 0x14,
    0xfb, 0x0, 0x0, 0x0, 0xe, 0xf1, 0x4f, 0xb0,
    0x0, 0x0, 0x0, 0xef, 0x14, 0xfb, 0x0, 0x0,
    0x0, 0xe, 0xf1,

    /* U+0049 "I" */
    0x4f, 0xb4, 0xfb, 0x4f, 0xb4, 0xfb, 0x4f, 0xb4,
    0xfb, 0x4f, 0xb4, 0xfb, 0x4f, 0xb4, 0xfb, 0x4f,
    0xb4, 0xfb, 0x4f, 0xb4, 0xfb,

    /* U+004A "J" */
    0x0, 0x0, 0x0, 0x2f, 0xd0, 0x0, 0x0, 0x2,
    0xfd, 0x0, 0x0, 0x0, 0x2f, 0xd0, 0x0, 0x0,
    0x2, 0xfd, 0x0, 0x0, 0x0, 0x2f, 0xd0, 0x0,
    0x0, 0x2, 0xfd, 0x0, 0x0, 0x0, 0x2f, 0xd0,
    0x0, 0x0, 0x2, 0xfd, 0x0, 0x0, 0x0, 0x2f,
    0xd0, 0x0, 0x0, 0x2, 0xfd, 0x0, 0x0, 0x0,
    0x4f, 0xb0, 0x88, 0x0, 0x1d, 0xf7, 0x2e, 0xff,
    0xef, 0xfc, 0x0, 0x2a, 0xef, 0xe8, 0x0,

    /* U+004B "K" */
    0x4f, 0xb0, 0x0, 0x0, 0x1d, 0xf9, 0x4, 0xfb,
    0x0, 0x0, 0x2e, 0xf8, 0x0, 0x4f, 0xb0, 0x0,
    0x3e, 0xf7, 0x0, 0x4, 0xfb, 0x0, 0x3f, 0xf6,
    0x0, 0x0, 0x4f, 0xb0, 0x4f, 0xf4, 0x0, 0x0,
    0x4, 0xfb, 0x5f, 0xf4, 0x0, 0x0, 0x0, 0x4f,
    0xef, 0xf3, 0x0, 0x0, 0x0, 0x4, 0xfc, 0xcf,
    0xb0, 0x0, 0x0, 0x0, 0x4f, 0xb0, 0xcf, 0xb0,
    0x0, 0x0, 0x4, 0xfb, 0x0, 0xcf, 0xc0, 0x0,
    0x0, 0x4f, 0xb0, 0x0, 0xcf, 0xc0, 0x0, 0x4,
    0xfb, 0x0, 0x0, 0xbf, 0xc0, 0x0, 0x4f, 0xb0,
    0x0, 0x0, 0xbf, 0xc0, 0x4, 0xfb, 0x0, 0x0,
    0x0, 0xbf, 0xc1,

    /* U+004C "L" */
    0x4f, 0xb0, 0x0, 0x0, 0x0, 0x4f, 0xb0, 0x0,
    0x0, 0x0, 0x4f, 0xb0, 0x0, 0x0, 0x0, 0x4f,
    0xb0, 0x0, 0x0, 0x0, 0x4f, 0xb0, 0x0, 0x0,
    0x0, 0x4f, 0xb0, 0x0, 0x0, 0x0, 0x4f, 0xb0,
    0x0, 0x0, 0x0, 0x4f, 0xb0, 0x0, 0x0, 0x0,
    0x4f, 0xb0, 0x0, 0x0, 0x0, 0x4f, 0xb0, 0x0,
    0x0, 0x0, 0x4f, 0xb0, 0x0, 0x0, 0x0, 0x4f,
    0xb0, 0x0, 0x0, 0x0, 0x4f, 0xec, 0xcc, 0xcc,
    0xca, 0x4f, 0xff, 0xff, 0xff, 0xfe,

    /* U+004D "M" */
    0x4f, 0x60, 0x0, 0x0, 0x0, 0x0, 0xc, 0xe4,
    0xff, 0x10, 0x0, 0x0, 0x0, 0x6, 0xfe, 0x4f,
    0xfb, 0x0, 0x0, 0x0, 0x1, 0xff, 0xe4, 0xff,
    0xf5, 0x0, 0x0, 0x0, 0xbf, 0xfe, 0x4f, 0xdf,
    0xe0, 0x0, 0x0, 0x5f, 0xcf, 0xe4, 0xfb, 0x7f,
    0x90, 0x0, 0x1e, 0xf3, 0xfe, 0x4f, 0xb0, 0xcf,
    0x30, 0x9, 0xf7, 0x1f, 0xe4, 0xfb, 0x3, 0xfd,
    0x3, 0xfd, 0x1, 0xfe, 0x4f, 0xb0, 0x8, 0xf8,
    0xdf, 0x30, 0x1f, 0xe4, 0xfb, 0x0, 0xe, 0xff,
    0x80, 0x1, 0xfe, 0x4f, 0xb0, 0x0, 0x4f, 0xe0,
    0x0, 0x1f, 0xe4, 0xfb, 0x0, 0x0, 0x21, 0x0,
    0x1, 0xfe, 0x4f, 0xb0, 0x0, 0x0, 0x0, 0x0,
    0x1f, 0xe4, 0xfb, 0x0, 0x0, 0x0, 0x0, 0x1,
    0xfe,

    /* U+004E "N" */
    0x4f, 0x80, 0x0, 0x0, 0x0, 0xcf, 0x34, 0xff,
    0x40, 0x0, 0x0, 0xc, 0xf3, 0x4f, 0xfe, 0x10,
    0x0, 0x0, 0xcf, 0x34, 0xff, 0xfc, 0x0, 0x0,
    0xc, 0xf3, 0x4f, 0xba, 0xf8, 0x0, 0x0, 0xcf,
    0x34, 0xfb, 0xd, 0xf5, 0x0, 0xc, 0xf3, 0x4f,
    0xb0, 0x3f, 0xf2, 0x0, 0xcf, 0x34, 0xfb, 0x0,
    0x6f, 0xd0, 0xc, 0xf3, 0x4f, 0xb0, 0x0, 0xaf,
    0x90, 0xcf, 0x34, 0xfb, 0x0, 0x0, 0xdf, 0x6c,
    0xf3, 0x4f, 0xb0, 0x0, 0x2, 0xff, 0xef, 0x34,
    0xfb, 0x0, 0x0, 0x5, 0xff, 0xf3, 0x4f, 0xb0,
    0x0, 0x0, 0x9, 0xff, 0x34, 0xfb, 0x0, 0x0,
    0x0, 0xc, 0xf3, 0x0, 0x0, 0x0, 0x0, 0x0,
    0x0, 0x0,

    /* U+004F "O" */
    0x0, 0x0, 0x17, 0xcf, 0xfe, 0xb5, 0x0, 0x0,
    0x0, 0x5, 0xef, 0xfe, 0xef, 0xff, 0xc1, 0x0,
    0x0, 0x5f, 0xf9, 0x20, 0x0, 0x4c, 0xfe, 0x10,
    0x1, 0xff, 0x50, 0x0, 0x0, 0x0, 0xaf, 0xb0,
    0x8, 0xfa, 0x0, 0x0, 0x0, 0x0, 0xe, 0xf3,
    0xd, 0xf3, 0x0, 0x0, 0x0, 0x0, 0x8, 0xf8,
    0xf, 0xf0, 0x0, 0x0, 0x0, 0x0, 0x5, 0xfa,
    0xf, 0xf1, 0x0, 0x0, 0x0, 0x0, 0x6, 0xfa,
    0xd, 0xf3, 0x0, 0x0, 0x0, 0x0, 0x9, 0xf8,
    0x8, 0xfa, 0x0, 0x0, 0x0, 0x0, 0xe, 0xf3,
    0x1, 0xff, 0x50, 0x0, 0x0, 0x0, 0xaf, 0xb0,
    0x0, 0x5f, 0xf9, 0x20, 0x0, 0x4c, 0xfe, 0x10,
    0x0, 0x4, 0xef, 0xfe, 0xdf, 0xff, 0xc1, 0x0,
    0x0, 0x0, 0x17, 0xcf, 0xfe, 0xb5, 0x0, 0x0,

    /* U+0050 "P" */
    0x4f, 0xff, 0xff, 0xfd, 0x70, 0x4, 0xfe, 0xbb,
    0xbc, 0xff, 0xb0, 0x4f, 0xb0, 0x0, 0x1, 0xdf,
    0x74, 0xfb, 0x0, 0x0, 0x4, 0xfc, 0x4f, 0xb0,
    0x0, 0x0, 0x2f, 0xd4, 0xfb, 0x0, 0x0, 0x6,
    0xfb, 0x4f, 0xb0, 0x0, 0x6, 0xff, 0x44, 0xff,
    0xff, 0xff, 0xff, 0x70, 0x4f, 0xeb, 0xbb, 0xa8,
    0x20, 0x4, 0xfb, 0x0, 0x0, 0x0, 0x0, 0x4f,
    0xb0, 0x0, 0x0, 0x0, 0x4, 0xfb, 0x0, 0x0,
    0x0, 0x0, 0x4f, 0xb0, 0x0, 0x0, 0x0, 0x4,
    0xfb, 0x0, 0x0, 0x0, 0x0,

    /* U+0051 "Q" */
    0x0, 0x0, 0x17, 0xcf, 0xfe, 0xb5, 0x0, 0x0,
    0x0, 0x0, 0x4e, 0xff, 0xee, 0xff, 0xfc, 0x20,
    0x0, 0x0, 0x5f, 0xf9, 0x20, 0x0, 0x4c, 0xfe,
    0x10, 0x0, 0x1f, 0xf5, 0x0, 0x0, 0x0, 0xa,
    0xfb, 0x0, 0x8, 0xfa, 0x0, 0x0, 0x0, 0x0,
    0xe, 0xf3, 0x0, 0xdf, 0x30, 0x0, 0x0, 0x0,
    0x0, 0x8f, 0x80, 0xf, 0xf0, 0x0, 0x0, 0x0,
    0x0, 0x5, 0xfa, 0x0, 0xff, 0x10, 0x0, 0x0,
    0x73, 0x0, 0x6f, 0xa0, 0xd, 0xf3, 0x0, 0x0,
    0x3f, 0xf4, 0x9, 0xf8, 0x0, 0x8f, 0xa0, 0x0,
    0x0, 0x4f, 0xf5, 0xef, 0x30, 0x1, 0xef, 0x50,
    0x0, 0x0, 0x4f, 0xff, 0xb0, 0x0, 0x4, 0xff,
    0x92, 0x0, 0x4, 0xdf, 0xf8, 0x0, 0x0, 0x4,
    0xef, 0xfe, 0xef, 0xff, 0xce, 0xf7, 0x0, 0x0,
    0x1, 0x7c, 0xff, 0xeb, 0x50, 0x2e, 0xf5, 0x0,
    0x0, 0x0, 0x0, 0x0, 0x0, 0x0, 0x28, 0x0,

    /* U+0052 "R" */
    0x4f, 0xff, 0xff, 0xfd, 0x70, 0x0, 0x4f, 0xeb,
    0xbb, 0xbf, 0xfc, 0x0, 0x4f, 0xb0, 0x0, 0x1,
    0xdf, 0x60, 0x4f, 0xb0, 0x0, 0x0, 0x6f, 0x90,
    0x4f, 0xb0, 0x0, 0x0, 0x7f, 0x90, 0x4f, 0xb0,
    0x0, 0x4, 0xef, 0x30, 0x4f, 0xff, 0xff, 0xff,
    0xf7, 0x0, 0x4f, 0xea, 0xff, 0xd7, 0x20, 0x0,
    0x4f, 0xb0, 0x5f, 0xf2, 0x0, 0x0, 0x4f, 0xb0,
    0x8, 0xfd, 0x10, 0x0, 0x4f, 0xb0, 0x0, 0xbf,
    0xb0, 0x0, 0x4f, 0xb0, 0x0, 0xd, 0xf9, 0x0,
    0x4f, 0xb0, 0x0, 0x2, 0xff, 0x60, 0x4f, 0xb0,
    0x0, 0x0, 0x4f, 0xf3,

    /* U+0053 "S" */
    0x0, 0x5, 0xcf, 0xfd, 0x81, 0x0, 0x9, 0xff,
    0xed, 0xff, 0xe3, 0x3, 0xfe, 0x30, 0x0, 0x8e,
    0x20, 0x6f, 0xa0, 0x0, 0x0, 0x0, 0x4, 0xfd,
    0x0, 0x0, 0x0, 0x0, 0xd, 0xfd, 0x50, 0x0,
    0x0, 0x0, 0x1b, 0xff, 0xfa, 0x30, 0x0, 0x0,
    0x2, 0x8e, 0xff, 0x80, 0x0, 0x0, 0x0, 0x5,
    0xff, 0x50, 0x0, 0x0, 0x0, 0x6, 0xfa, 0x3,
    0x20, 0x0, 0x0, 0x5f, 0xa1, 0xfe, 0x50, 0x0,
    0x2d, 0xf7, 0x7, 0xff, 0xfd, 0xdf, 0xfd, 0x0,
    0x3, 0xae, 0xff, 0xc7, 0x0,

    /* U+0054 "T" */
    0x6f, 0xff, 0xff, 0xff, 0xff, 0xff, 0x84, 0xcc,
    0xcc, 0xef, 0xec, 0xcc, 0xc6, 0x0, 0x0, 0x6,
    0xf9, 0x0, 0x0, 0x0, 0x0, 0x0, 0x6f, 0x90,
    0x0, 0x0, 0x0, 0x0, 0x6, 0xf9, 0x0, 0x0,
    0x0, 0x0, 0x0, 0x6f, 0x90, 0x0, 0x0, 0x0,
    0x0, 0x6, 0xf9, 0x0, 0x0, 0x0, 0x0, 0x0,
    0x6f, 0x90, 0x0, 0x0, 0x0, 0x0, 0x6, 0xf9,
    0x0, 0x0, 0x0, 0x0, 0x0, 0x6f, 0x90, 0x0,
    0x0, 0x0, 0x0, 0x6, 0xf9, 0x0, 0x0, 0x0,
    0x0, 0x0, 0x6f, 0x90, 0x0, 0x0, 0x0, 0x0,
    0x6, 0xf9, 0x0, 0x0, 0x0, 0x0, 0x0, 0x6f,
    0x90, 0x0, 0x0,

    /* U+0055 "U" */
    0x7f, 0x80, 0x0, 0x0, 0x3, 0xfd, 0x7f, 0x80,
    0x0, 0x0, 0x3, 0xfd, 0x7f, 0x80, 0x0, 0x0,
    0x3, 0xfd, 0x7f, 0x80, 0x0, 0x0, 0x3, 0xfd,
    0x7f, 0x80, 0x0, 0x0, 0x3, 0xfd, 0x7f, 0x80,
    0x0, 0x0, 0x3, 0xfd, 0x7f, 0x80, 0x0, 0x0,
    0x3, 0xfd, 0x7f, 0x80, 0x0, 0x0, 0x3, 0xfd,
    0x7f, 0x80, 0x0, 0x0, 0x3, 0xfc, 0x6f, 0xa0,
    0x0, 0x0, 0x4, 0xfb, 0x2f, 0xf1, 0x0, 0x0,
    0xb, 0xf8, 0xa, 0xfd, 0x30, 0x1, 0x9f, 0xe1,
    0x0, 0xcf, 0xfe, 0xef, 0xfe, 0x30, 0x0, 0x6,
    0xcf, 0xfd, 0x91, 0x0,

    /* U+0056 "V" */
    0x2f, 0xf0, 0x0, 0x0, 0x0, 0x8, 0xf9, 0xb,
    0xf6, 0x0, 0x0, 0x0, 0xe, 0xf2, 0x4, 0xfd,
    0x0, 0x0, 0x0, 0x5f, 0xb0, 0x0, 0xdf, 0x30,
    0x0, 0x0, 0xcf, 0x50, 0x0, 0x7f, 0xa0, 0x0,
    0x2, 0xfe, 0x0, 0x0, 0x1f, 0xf1, 0x0, 0x9,
    0xf7, 0x0, 0x0, 0xa, 0xf7, 0x0, 0xf, 0xf1,
    0x0, 0x0, 0x3, 0xfd, 0x0, 0x6f, 0xa0, 0x0,
    0x0, 0x0, 0xcf, 0x40, 0xcf, 0x30, 0x0, 0x0,
    0x0, 0x6f, 0xa3, 0xfc, 0x0, 0x0, 0x0, 0x0,
    0xe, 0xfb, 0xf6, 0x0, 0x0, 0x0, 0x0, 0x8,
    0xff, 0xe0, 0x0, 0x0, 0x0, 0x0, 0x2, 0xff,
    0x80, 0x0, 0x0, 0x0, 0x0, 0x0, 0xbf, 0x20,
    0x0, 0x0,

    /* U+0057 "W" */
    0x2f, 0xc0, 0x0, 0x0, 0x9, 0xf2, 0x0, 0x0,
    0x3, 0xfb, 0xd, 0xf2, 0x0, 0x0, 0xe, 0xf7,
    0x0, 0x0, 0x8, 0xf6, 0x7, 0xf7, 0x0, 0x0,
    0x3f, 0xfd, 0x0, 0x0, 0xd, 0xf1, 0x2, 0xfc,
    0x0, 0x0, 0x9f, 0xef, 0x20, 0x0, 0x3f, 0xb0,
    0x0, 0xcf, 0x20, 0x0, 0xee, 0x6f, 0x70, 0x0,
    0x8f, 0x60, 0x0, 0x7f, 0x70, 0x3, 0xf9, 0x1f,
    0xc0, 0x0, 0xdf, 0x10, 0x0, 0x1f, 0xc0, 0x8,
    0xf4, 0xb, 0xf1, 0x3, 0xfb, 0x0, 0x0, 0xc,
    0xf2, 0xd, 0xf0, 0x6, 0xf7, 0x8, 0xf5, 0x0,
    0x0, 0x6, 0xf7, 0x3f, 0xa0, 0x1, 0xfc, 0xd,
    0xf0, 0x0, 0x0, 0x1, 0xfc, 0x8f, 0x50, 0x0,
    0xbf, 0x4f, 0xa0, 0x0, 0x0, 0x0, 0xcf, 0xef,
    0x0, 0x0, 0x6f, 0xef, 0x50, 0x0, 0x0, 0x0,
    0x6f, 0xfa, 0x0, 0x0, 0x1f, 0xff, 0x0, 0x0,
    0x0, 0x0, 0x1f, 0xf5, 0x0, 0x0, 0xb, 0xfa,
    0x0, 0x0, 0x0, 0x0, 0xb, 0xf0, 0x0, 0x0,
    0x6, 0xf5, 0x0, 0x0,

    /* U+0058 "X" */
    0xb, 0xf9, 0x0, 0x0, 0x0, 0x1e, 0xf4, 0x1,
    0xef, 0x50, 0x0, 0x0, 0xaf, 0x80, 0x0, 0x3f,
    0xf2, 0x0, 0x6, 0xfc, 0x0, 0x0, 0x7, 0xfd,
    0x0, 0x2f, 0xe1, 0x0, 0x0, 0x0, 0xbf, 0x90,
    0xdf, 0x50, 0x0, 0x0, 0x0, 0x1d, 0xfc, 0xf9,
    0x0, 0x0, 0x0, 0x0, 0x3, 0xff, 0xd0, 0x0,
    0x0, 0x0, 0x0, 0x7, 0xff, 0xf3, 0x0, 0x0,
    0x0, 0x0, 0x3f, 0xe7, 0xfd, 0x0, 0x0, 0x0,
    0x1, 0xef, 0x40, 0xaf, 0xa0, 0x0, 0x0, 0xb,
    0xf8, 0x0, 0xd, 0xf5, 0x0, 0x0, 0x7f, 0xb0,
    0x0, 0x3, 0xff, 0x20, 0x3, 0xfe, 0x10, 0x0,
    0x0, 0x7f, 0xc0, 0x1e, 0xf3, 0x0, 0x0, 0x0,
    0xc, 0xf8,

    /* U+0059 "Y" */
    0x1e, 0xf3, 0x0, 0x0, 0x0, 0x3f, 0xe1, 0x5,
    0xfe, 0x0, 0x0, 0x0, 0xdf, 0x50, 0x0, 0xaf,
    0x90, 0x0, 0x9, 0xfa, 0x0, 0x0, 0x1e, 0xf4,
    0x0, 0x4f, 0xd0, 0x0, 0x0, 0x4, 0xfe, 0x11,
    0xef, 0x30, 0x0, 0x0, 0x0, 0x9f, 0xaa, 0xf8,
    0x0, 0x0, 0x0, 0x0, 0xd, 0xff, 0xc0, 0x0,
    0x0, 0x0, 0x0, 0x3, 0xff, 0x20, 0x0, 0x0,
    0x0, 0x0, 0x0, 0xff, 0x0, 0x0, 0x0, 0x0,
    0x0, 0x0, 0xff, 0x0, 0x0, 0x0, 0x0, 0x0,
    0x0, 0xff, 0x0, 0x0, 0x0, 0x0, 0x0, 0x0,
    0xff, 0x0, 0x0, 0x0, 0x0, 0x0, 0x0, 0xff,
    0x0, 0x0, 0x0, 0x0, 0x0, 0x0, 0xff, 0x0,
    0x0, 0x0,

    /* U+005A "Z" */
    0xb, 0xff, 0xff, 0xff, 0xff, 0xf5, 0x9, 0xcc,
    0xcc, 0xcc, 0xdf, 0xf3, 0x0, 0x0, 0x0, 0x0,
    0xcf, 0x80, 0x0, 0x0, 0x0, 0x8, 0xfc, 0x0,
    0x0, 0x0, 0x0, 0x4f, 0xe1, 0x0, 0x0, 0x0,
    0x1, 0xef, 0x50, 0x0, 0x0, 0x0, 0xb, 0xf9,
    0x0, 0x0, 0x0, 0x0, 0x7f, 0xd0, 0x0, 0x0,
    0x0, 0x3, 0xff, 0x20, 0x0, 0x0, 0x0, 0xd,
    0xf6, 0x0, 0x0, 0x0, 0x0, 0x9f, 0xb0, 0x0,
    0x0, 0x0, 0x5, 0xfe, 0x10, 0x0, 0x0, 0x0,
    0x1f, 0xfe, 0xcc, 0xcc, 0xcc, 0xc2, 0x3f, 0xff,
    0xff, 0xff, 0xff, 0xf3,

    /* U+005B "[" */
    0x5f, 0xff, 0xf5, 0x5f, 0x97, 0x72, 0x5f, 0x40,
    0x0, 0x5f, 0x40, 0x0, 0x5f, 0x40, 0x0, 0x5f,
    0x40, 0x0, 0x5f, 0x40, 0x0, 0x5f, 0x40, 0x0,
    0x5f, 0x40, 0x0, 0x5f, 0x40, 0x0, 0x5f, 0x40,
    0x0, 0x5f, 0x40, 0x0, 0x5f, 0x40, 0x0, 0x5f,
    0x40, 0x0, 0x5f, 0x52, 0x20, 0x5f, 0xff, 0xf5,
    0x15, 0x55, 0x51,

    /* U+005C "\\" */
    0x8f, 0x40, 0x0, 0x0, 0x2f, 0xa0, 0x0, 0x0,
    0xc, 0xf0, 0x0, 0x0, 0x6, 0xf5, 0x0, 0x0,
    0x1, 0xfb, 0x0, 0x0, 0x0, 0xbf, 0x10, 0x0,
    0x0, 0x5f, 0x70, 0x0, 0x0, 0xf, 0xc0, 0x0,
    0x0, 0x9, 0xf2, 0x0, 0x0, 0x3, 0xf8, 0x0,
    0x0, 0x0, 0xee, 0x0, 0x0, 0x0, 0x8f, 0x40,
    0x0, 0x0, 0x2f, 0x90, 0x0, 0x0, 0xc, 0xf0,
    0x0, 0x0, 0x6, 0xf5, 0x0, 0x0, 0x1, 0xfb,

    /* U+005D "]" */
    0x4f, 0xff, 0xf7, 0x17, 0x78, 0xf7, 0x0, 0x2,
    0xf7, 0x0, 0x2, 0xf7, 0x0, 0x2, 0xf7, 0x0,
    0x2, 0xf7, 0x0, 0x2, 0xf7, 0x0, 0x2, 0xf7,
    0x0, 0x2, 0xf7, 0x0, 0x2, 0xf7, 0x0, 0x2,
    0xf7, 0x0, 0x2, 0xf7, 0x0, 0x2, 0xf7, 0x0,
    0x2, 0xf7, 0x2, 0x24, 0xf7, 0x4f, 0xff, 0xf7,
    0x15, 0x55, 0x62,

    /* U+005E "^" */
    0x0, 0x7, 0x40, 0x0, 0x0, 0x7f, 0xe0, 0x0,
    0x0, 0xeb, 0xf7, 0x0, 0x8, 0xf1, 0x8f, 0x10,
    0x1f, 0x80, 0x1f, 0x90, 0x9e, 0x0, 0x7, 0xf2,

    /* U+005F "_" */
    0x59, 0x99, 0x99, 0x99, 0x99, 0x19, 0xff, 0xff,
    0xff, 0xff, 0xf3,

    /* U+0060 "`" */
    0x0, 0x0, 0x0, 0x7, 0xd1, 0x0, 0xb, 0xfc,
    0x0, 0x0, 0x8f, 0x90, 0x0, 0x5, 0x90,

    /* U+0061 "a" */
    0x0, 0x8, 0xdf, 0xe9, 0x2f, 0xd0, 0x1d, 0xff,
    0xcd, 0xfe, 0xfd, 0x9, 0xfc, 0x10, 0x2, 0xdf,
    0xd0, 0xff, 0x10, 0x0, 0x3, 0xfd, 0x3f, 0xc0,
    0x0, 0x0, 0xf, 0xd3, 0xfc, 0x0, 0x0, 0x0,
    0xfd, 0xf, 0xf1, 0x0, 0x0, 0x3f, 0xd0, 0xaf,
    0xc1, 0x0, 0x2d, 0xfd, 0x1, 0xdf, 0xfc, 0xcf,
    0xef, 0xd0, 0x0, 0x8d, 0xfe, 0x92, 0xfd,

    /* U+0062 "b" */
    0x9f, 0x40, 0x0, 0x0, 0x0, 0x9, 0xf4, 0x0,
    0x0, 0x0, 0x0, 0x9f, 0x40, 0x0, 0x0, 0x0,
    0x9, 0xf4, 0x0, 0x0, 0x0, 0x0, 0x9f, 0x47,
    0xdf, 0xe9, 0x10, 0x9, 0xfd, 0xfd, 0xce, 0xfe,
    0x20, 0x9f, 0xf4, 0x0, 0x9, 0xfd, 0x9, 0xf8,
    0x0, 0x0, 0xc, 0xf4, 0x9f, 0x30, 0x0, 0x0,
    0x8f, 0x79, 0xf3, 0x0, 0x0, 0x8, 0xf7, 0x9f,
    0x70, 0x0, 0x0, 0xcf, 0x49, 0xff, 0x40, 0x0,
    0x9f, 0xd0, 0x9f, 0xef, 0xdc, 0xef, 0xe3, 0x9,
    0xf4, 0x7d, 0xfe, 0xa2, 0x0,

    /* U+0063 "c" */
    0x0, 0x7, 0xcf, 0xfc, 0x50, 0x0, 0xcf, 0xfd,
    0xdf, 0xf8, 0x9, 0xfc, 0x10, 0x2, 0xa1, 0xf,
    0xf1, 0x0, 0x0, 0x0, 0x3f, 0xb0, 0x0, 0x0,
    0x0, 0x3f, 0xb0, 0x0, 0x0, 0x0, 0xf, 0xf1,
    0x0, 0x0, 0x0, 0x9, 0xfc, 0x20, 0x2, 0xa1,
    0x0, 0xcf, 0xfd, 0xdf, 0xf7, 0x0, 0x6, 0xcf,
    0xfc, 0x50,

    /* U+0064 "d" */
    0x0, 0x0, 0x0, 0x0, 0xf, 0xd0, 0x0, 0x0,
    0x0, 0x0, 0xfd, 0x0, 0x0, 0x0, 0x0, 0xf,
    0xd0, 0x0, 0x0, 0x0, 0x0, 0xfd, 0x0, 0x8,
    0xdf, 0xe9, 0x1f, 0xd0, 0x1d, 0xff, 0xcd, 0xfd,
    0xfd, 0x9, 0xfc, 0x10, 0x2, 0xef, 0xd0, 0xff,
    0x10, 0x0, 0x4, 0xfd, 0x3f, 0xc0, 0x0, 0x0,
    0xf, 0xd3, 0xfc, 0x0, 0x0, 0x0, 0xfd, 0xf,
    0xf1, 0x0, 0x0, 0x4f, 0xd0, 0xaf, 0xc1, 0x0,
    0x2d, 0xfd, 0x1, 0xdf, 0xfc, 0xdf, 0xef, 0xd0,
    0x0, 0x8d, 0xfe, 0x92, 0xfd,

    /* U+0065 "e" */
    0x0, 0x7, 0xdf, 0xfc, 0x40, 0x0, 0xc, 0xfe,
    0xbc, 0xff, 0x60, 0x9, 0xf9, 0x0, 0x2, 0xef,
    0x20, 0xfe, 0x0, 0x0, 0x6, 0xf7, 0x3f, 0xff,
    0xff, 0xff, 0xff, 0x93, 0xfd, 0x88, 0x88, 0x88,
    0x84, 0xf, 0xe0, 0x0, 0x0, 0x0, 0x0, 0x9f,
    0xb1, 0x0, 0x1a, 0x30, 0x0, 0xbf, 0xfc, 0xcf,
    0xfa, 0x0, 0x0, 0x6c, 0xff, 0xc6, 0x0,

    /* U+0066 "f" */
    0x0, 0x0, 0x6d, 0xfe, 0x70, 0x0, 0x7, 0xff,
    0xce, 0xc0, 0x0, 0xf, 0xf1, 0x0, 0x0, 0x0,
    0x2f, 0xb0, 0x0, 0x0, 0x0, 0x3f, 0xb0, 0x0,
    0x0, 0xaf, 0xff, 0xff, 0xfe, 0x0, 0x7b, 0xcf,
    0xeb, 0xb9, 0x0, 0x0, 0x3f, 0xb0, 0x0, 0x0,
    0x0, 0x3f, 0xb0, 0x0, 0x0, 0x0, 0x3f, 0xb0,
    0x0, 0x0, 0x0, 0x3f, 0xb0, 0x0, 0x0, 0x0,
    0x3f, 0xb0, 0x0, 0x0, 0x0, 0x3f, 0xb0, 0x0,
    0x0, 0x0, 0x3f, 0xb0, 0x0, 0x0, 0x0, 0x3f,
    0xb0, 0x0, 0x0,

    /* U+0067 "g" */
    0x0, 0x8, 0xef, 0xe9, 0x2f, 0xc0, 0x1d, 0xfd,
    0x99, 0xee, 0xfc, 0xa, 0xf9, 0x0, 0x1, 0xdf,
    0xc1, 0xfe, 0x0, 0x0, 0x4, 0xfc, 0x3f, 0xb0,
    0x0, 0x0, 0xf, 0xc3, 0xfb, 0x0, 0x0, 0x1,
    0xfc, 0x1f, 0xf1, 0x0, 0x0, 0x5f, 0xc0, 0xaf,
    0xb1, 0x0, 0x2e, 0xfc, 0x1, 0xdf, 0xfc, 0xdf,
    0xdf, 0xc0, 0x1, 0x8e, 0xfe, 0x82, 0xfc, 0x0,
    0x0, 0x0, 0x0, 0x5f, 0x90, 0x8b, 0x20, 0x0,
    0x3e, 0xf3, 0x9, 0xff, 0xdc, 0xef, 0xf7, 0x0,
    0x4, 0xbe, 0xfe, 0xb4, 0x0,

    /* U+0068 "h" */
    0x9f, 0x40, 0x0, 0x0, 0x0, 0x9f, 0x40, 0x0,
    0x0, 0x0, 0x9f, 0x40, 0x0, 0x0, 0x0, 0x9f,
    0x40, 0x0, 0x0, 0x0, 0x9f, 0x58, 0xef, 0xd7,
    0x0, 0x9f, 0xef, 0xcd, 0xff, 0x90, 0x9f, 0xe2,
    0x0, 0x4f, 0xf1, 0x9f, 0x70, 0x0, 0xb, 0xf4,
    0x9f, 0x40, 0x0, 0x9, 0xf5, 0x9f, 0x40, 0x0,
    0x9, 0xf5, 0x9f, 0x40, 0x0, 0x9, 0xf5, 0x9f,
    0x40, 0x0, 0x9, 0xf5, 0x9f, 0x40, 0x0, 0x9,
    0xf5, 0x9f, 0x40, 0x0, 0x9, 0xf5,

    /* U+0069 "i" */
    0x8f, 0x4c, 0xf7, 0x15, 0x0, 0x0, 0x9f, 0x49,
    0xf4, 0x9f, 0x49, 0xf4, 0x9f, 0x49, 0xf4, 0x9f,
    0x49, 0xf4, 0x9f, 0x49, 0xf4,

    /* U+006A "j" */
    0x0, 0x0, 0x6f, 0x70, 0x0, 0x9, 0xfa, 0x0,
    0x0, 0x5, 0x10, 0x0, 0x0, 0x0, 0x0, 0x0,
    0x7f, 0x70, 0x0, 0x7, 0xf7, 0x0, 0x0, 0x7f,
    0x70, 0x0, 0x7, 0xf7, 0x0, 0x0, 0x7f, 0x70,
    0x0, 0x7, 0xf7, 0x0, 0x0, 0x7f, 0x70, 0x0,
    0x7, 0xf7, 0x0, 0x0, 0x7f, 0x70, 0x0, 0x7,
    0xf7, 0x0, 0x0, 0x7f, 0x70, 0x20, 0xa, 0xf5,
    0x5f, 0xdd, 0xfe, 0x11, 0xaf, 0xfb, 0x20,

    /* U+006B "k" */
    0x9f, 0x40, 0x0, 0x0, 0x0, 0x9f, 0x40, 0x0,
    0x0, 0x0, 0x9f, 0x40, 0x0, 0x0, 0x0, 0x9f,
    0x40, 0x0, 0x0, 0x0, 0x9f, 0x40, 0x0, 0xbf,
    0x80, 0x9f, 0x40, 0xa, 0xf9, 0x0, 0x9f, 0x40,
    0xaf, 0xa0, 0x0, 0x9f, 0x49, 0xfa, 0x0, 0x0,
    0x9f, 0xcf, 0xb0, 0x0, 0x0, 0x9f, 0xaf, 0xe2,
    0x0, 0x0, 0x9f, 0x46, 0xfe, 0x10, 0x0, 0x9f,
    0x40, 0x8f, 0xd1, 0x0, 0x9f, 0x40, 0x9, 0xfc,
    0x0, 0x9f, 0x40, 0x0, 0xaf, 0xb0,

    /* U+006C "l" */
    0x9f, 0x49, 0xf4, 0x9f, 0x49, 0xf4, 0x9f, 0x49,
    0xf4, 0x9f, 0x49, 0xf4, 0x9f, 0x49, 0xf4, 0x9f,
    0x49, 0xf4, 0x9f, 0x49, 0xf4,

    /* U+006D "m" */
    0x9f, 0x59, 0xef, 0xc5, 0x3, 0xcf, 0xfb, 0x20,
    0x9f, 0xfd, 0x8a, 0xff, 0x9f, 0xb8, 0xcf, 0xf2,
    0x9f, 0xc0, 0x0, 0x5f, 0xf8, 0x0, 0x9, 0xf9,
    0x9f, 0x50, 0x0, 0xe, 0xf1, 0x0, 0x2, 0xfc,
    0x9f, 0x40, 0x0, 0xe, 0xf0, 0x0, 0x2, 0xfc,
    0x9f, 0x40, 0x0, 0xe, 0xf0, 0x0, 0x2, 0xfc,
    0x9f, 0x40, 0x0, 0xe, 0xf0, 0x0, 0x2, 0xfc,
    0x9f, 0x40, 0x0, 0xe, 0xf0, 0x0, 0x2, 0xfc,
    0x9f, 0x40, 0x0, 0xe, 0xf0, 0x0, 0x2, 0xfc,
    0x9f, 0x40, 0x0, 0xe, 0xf0, 0x0, 0x2, 0xfc,

    /* U+006E "n" */
    0x9f, 0x58, 0xef, 0xd6, 0x0, 0x9f, 0xef, 0xcd,
    0xff, 0x70, 0x9f, 0xe2, 0x0, 0x4f, 0xf1, 0x9f,
    0x70, 0x0, 0xb, 0xf4, 0x9f, 0x40, 0x0, 0x9,
    0xf5, 0x9f, 0x40, 0x0, 0x9, 0xf5, 0x9f, 0x40,
    0x0, 0x9, 0xf5, 0x9f, 0x40, 0x0, 0x9, 0xf5,
    0x9f, 0x40, 0x0, 0x9, 0xf5, 0x9f, 0x40, 0x0,
    0x9, 0xf5,

    /* U+006F "o" */
    0x0, 0x6, 0xcf, 0xfc, 0x50, 0x0, 0x0, 0xbf,
    0xfd, 0xdf, 0xfa, 0x0, 0x9, 0xfc, 0x10, 0x2,
    0xdf, 0x70, 0xf, 0xf1, 0x0, 0x0, 0x2f, 0xe0,
    0x3f, 0xb0, 0x0, 0x0, 0xd, 0xf1, 0x3f, 0xb0,
    0x0, 0x0, 0xd, 0xf1, 0xf, 0xf1, 0x0, 0x0,
    0x2f, 0xe0, 0x9, 0xfc, 0x20, 0x2, 0xdf, 0x70,
    0x0, 0xbf, 0xfd, 0xdf, 0xfa, 0x0, 0x0, 0x6,
    0xcf, 0xfc, 0x50, 0x0,

    /* U+0070 "p" */
    0x9f, 0x47, 0xdf, 0xe9, 0x10, 0x9, 0xfd, 0xfd,
    0xce, 0xfe, 0x20, 0x9f, 0xf4, 0x0, 0x9, 0xfd,
    0x9, 0xf8, 0x0, 0x0, 0xc, 0xf4, 0x9f, 0x30,
    0x0, 0x0, 0x8f, 0x79, 0xf3, 0x0, 0x0, 0x8,
    0xf7, 0x9f, 0x70, 0x0, 0x0, 0xcf, 0x49, 0xff,
    0x40, 0x0, 0x9f, 0xd0, 0x9f, 0xef, 0xdc, 0xef,
    0xe3, 0x9, 0xf4, 0x7d, 0xfe, 0xa2, 0x0, 0x9f,
    0x40, 0x0, 0x0, 0x0, 0x9, 0xf4, 0x0, 0x0,
    0x0, 0x0, 0x9f, 0x40, 0x0, 0x0, 0x0, 0x9,
    0xf4, 0x0, 0x0, 0x0, 0x0,

    /* U+0071 "q" */
    0x0, 0x8, 0xdf, 0xe9, 0x1f, 0xd0, 0x1c, 0xff,
    0xcc, 0xfd, 0xfd, 0x9, 0xfc, 0x10, 0x2, 0xdf,
    0xd0, 0xff, 0x10, 0x0, 0x3, 0xfd, 0x3f, 0xc0,
    0x0, 0x0, 0xf, 0xd3, 0xfc, 0x0, 0x0, 0x0,
    0xfd, 0xf, 0xf1, 0x0, 0x0, 0x3f, 0xd0, 0xaf,
    0xc1, 0x0, 0x2d, 0xfd, 0x1, 0xdf, 0xfc, 0xcf,
    0xef, 0xd0, 0x0, 0x8d, 0xfe, 0x91, 0xfd, 0x0,
    0x0, 0x0, 0x0, 0xf, 0xd0, 0x0, 0x0, 0x0,
    0x0, 0xfd, 0x0, 0x0, 0x0, 0x0, 0xf, 0xd0,
    0x0, 0x0, 0x0, 0x0, 0xfd,

    /* U+0072 "r" */
    0x9f, 0x6b, 0xff, 0xb2, 0x9f, 0xfd, 0x9b, 0xd1,
    0x9f, 0xc0, 0x0, 0x0, 0x9f, 0x60, 0x0, 0x0,
    0x9f, 0x40, 0x0, 0x0, 0x9f, 0x40, 0x0, 0x0,
    0x9f, 0x40, 0x0, 0x0, 0x9f, 0x40, 0x0, 0x0,
    0x9f, 0x40, 0x0, 0x0, 0x9f, 0x40, 0x0, 0x0,

    /* U+0073 "s" */
    0x0, 0x8e, 0xfe, 0xa2, 0x0, 0x9f, 0xeb, 0xdf,
    0xe0, 0xe, 0xf0, 0x0, 0x45, 0x0, 0xdf, 0x60,
    0x0, 0x0, 0x4, 0xff, 0xfb, 0x50, 0x0, 0x1,
    0x7b, 0xff, 0xa0, 0x0, 0x0, 0x1, 0xdf, 0x20,
    0xa4, 0x0, 0xb, 0xf3, 0x3f, 0xfd, 0xbd, 0xfd,
    0x0, 0x29, 0xef, 0xe9, 0x10,

    /* U+0074 "t" */
    0x0, 0x1f, 0xd0, 0x0, 0x0, 0x1f, 0xd0, 0x0,
    0x0, 0x1f, 0xd0, 0x0, 0x0, 0x1f, 0xd0, 0x0,
    0x8f, 0xff, 0xff, 0xf4, 0x6b, 0xbf, 0xfb, 0xb3,
    0x0, 0x1f, 0xd0, 0x0, 0x0, 0x1f, 0xd0, 0x0,
    0x0, 0x1f, 0xd0, 0x0, 0x0, 0x1f, 0xd0, 0x0,
    0x0, 0x1f, 0xd0, 0x0, 0x0, 0x1f, 0xd0, 0x0,
    0x0, 0x1f, 0xd0, 0x0, 0x0, 0x1f, 0xd0, 0x0,

    /* U+0075 "u" */
    0xdf, 0x0, 0x0, 0x3f, 0xbd, 0xf0, 0x0, 0x3,
    0xfb, 0xdf, 0x0, 0x0, 0x3f, 0xbd, 0xf0, 0x0,
    0x3, 0xfb, 0xdf, 0x0, 0x0, 0x3f, 0xbd, 0xf0,
    0x0, 0x3, 0xfa, 0xcf, 0x20, 0x0, 0x5f, 0x98,
    0xfa, 0x0, 0x1c, 0xf5, 0x1d, 0xfe, 0xdf, 0xfb,
    0x0, 0x19, 0xef, 0xe8, 0x0,

    /* U+0076 "v" */
    0x8f, 0x80, 0x0, 0x0, 0xbf, 0x41, 0xfe, 0x0,
    0x0, 0x2f, 0xd0, 0x9, 0xf6, 0x0, 0x9, 0xf5,
    0x0, 0x2f, 0xd0, 0x1, 0xfe, 0x0, 0x0, 0xbf,
    0x40, 0x7f, 0x70, 0x0, 0x4, 0xfb, 0xe, 0xe0,
    0x0, 0x0, 0xc, 0xf8, 0xf8, 0x0, 0x0, 0x0,
    0x5f, 0xff, 0x10, 0x0, 0x0, 0x0, 0xdf, 0x90,
    0x0, 0x0, 0x0, 0x6, 0xf2, 0x0, 0x0,

    /* U+0077 "w" */
    0x8f, 0x70, 0x0, 0xd, 0x90, 0x0, 0xb, 0xf4,
    0x1f, 0xd0, 0x0, 0x3f, 0xf0, 0x0, 0x1f, 0xd0,
    0xb, 0xf2, 0x0, 0x9f, 0xf5, 0x0, 0x6f, 0x70,
    0x5, 0xf8, 0x0, 0xed, 0xfb, 0x0, 0xcf, 0x10,
    0x0, 0xee, 0x4, 0xf7, 0xaf, 0x12, 0xfb, 0x0,
    0x0, 0x8f, 0x4a, 0xf1, 0x4f, 0x68, 0xf4, 0x0,
    0x0, 0x2f, 0xbf, 0xa0, 0xe, 0xce, 0xe0, 0x0,
    0x0, 0xc, 0xff, 0x40, 0x8, 0xff, 0x80, 0x0,
    0x0, 0x5, 0xfe, 0x0, 0x2, 0xff, 0x20, 0x0,
    0x0, 0x0, 0xe8, 0x0, 0x0, 0xcb, 0x0, 0x0,

    /* U+0078 "x" */
    0x2f, 0xf3, 0x0, 0x8, 0xfa, 0x0, 0x5f, 0xd0,
    0x3, 0xfd, 0x0, 0x0, 0x9f, 0xa0, 0xdf, 0x30,
    0x0, 0x0, 0xdf, 0xdf, 0x70, 0x0, 0x0, 0x2,
    0xff, 0xb0, 0x0, 0x0, 0x0, 0x5f, 0xfe, 0x10,
    0x0, 0x0, 0x1e, 0xfa, 0xfb, 0x0, 0x0, 0xc,
    0xf5, 0xd, 0xf6, 0x0, 0x8, 0xfa, 0x0, 0x2f,
    0xf2, 0x4, 0xfe, 0x0, 0x0, 0x6f, 0xd0,

    /* U+0079 "y" */
    0x7f, 0xa0, 0x0, 0x0, 0xdf, 0x30, 0xff, 0x10,
    0x0, 0x4f, 0xc0, 0x9, 0xf7, 0x0, 0xb, 0xf4,
    0x0, 0x2f, 0xd0, 0x2, 0xfd, 0x0, 0x0, 0xbf,
    0x40, 0x9f, 0x50, 0x0, 0x4, 0xfb, 0xf, 0xe0,
    0x0, 0x0, 0xd, 0xf9, 0xf6, 0x0, 0x0, 0x0,
    0x6f, 0xfe, 0x0, 0x0, 0x0, 0x0, 0xff, 0x70,
    0x0, 0x0, 0x0, 0xe, 0xf1, 0x0, 0x0, 0x0,
    0x7, 0xf9, 0x0, 0x0, 0x0, 0x0, 0xef, 0x10,
    0x0, 0x0, 0x0, 0x7f, 0x90, 0x0, 0x0, 0x0,
    0xe, 0xf2, 0x0, 0x0, 0x0,

    /* U+007A "z" */
    0x1f, 0xff, 0xff, 0xff, 0xb0, 0xbb, 0xbb, 0xbf,
    0xf6, 0x0, 0x0, 0x9, 0xfa, 0x0, 0x0, 0x5,
    0xfd, 0x0, 0x0, 0x2, 0xff, 0x20, 0x0, 0x0,
    0xcf, 0x60, 0x0, 0x0, 0x9f, 0xa0, 0x0, 0x0,
    0x4f, 0xd0, 0x0, 0x0, 0x1e, 0xfd, 0xbb, 0xbb,
    0x66, 0xff, 0xff, 0xff, 0xf9,

    /* U+007B "{" */
    0x0, 0x1b, 0xff, 0x0, 0xc, 0xf9, 0x70, 0x0,
    0xf9, 0x0, 0x0, 0x1f, 0x80, 0x0, 0x0, 0xf9,
    0x0, 0x0, 0xe, 0xb0, 0x0, 0x0, 0xcc, 0x0,
    0x0, 0x2f, 0x90, 0x0, 0x6f, 0xf2, 0x0, 0x1,
    0x5f, 0x90, 0x0, 0x0, 0xdc, 0x0, 0x0, 0xe,
    0xa0, 0x0, 0x0, 0xf9, 0x0, 0x0, 0x1f, 0x80,
    0x0, 0x0, 0xfd, 0x32, 0x0, 0x6, 0xff, 0xf0,
    0x0, 0x1, 0x45, 0x0,

    /* U+007C "|" */
    0x65, 0xfc, 0xfc, 0xfc, 0xfc, 0xfc, 0xfc, 0xfc,
    0xfc, 0xfc, 0xfc, 0xfc, 0xfc, 0xfc, 0xfc, 0xfc,
    0xfc, 0xfc, 0xfc,

    /* U+007D "}" */
    0x4f, 0xe9, 0x0, 0x1, 0x7a, 0xf9, 0x0, 0x0,
    0xd, 0xd0, 0x0, 0x0, 0xcd, 0x0, 0x0, 0xd,
    0xc0, 0x0, 0x0, 0xea, 0x0, 0x0, 0xf, 0x90,
    0x0, 0x0, 0xdc, 0x20, 0x0, 0x4, 0xff, 0x20,
    0x0, 0xcd, 0x50, 0x0, 0xf, 0x90, 0x0, 0x0,
    0xea, 0x0, 0x0, 0xc, 0xc0, 0x0, 0x0, 0xcd,
    0x0, 0x2, 0x4f, 0xb0, 0x4, 0xff, 0xe3, 0x0,
    0x15, 0x40, 0x0, 0x0,

    /* U+007E "~" */
    0x6, 0xbb, 0x60, 0x1, 0x40, 0x9f, 0xff, 0xfe,
    0xcf, 0xf1, 0x39, 0x11, 0x7d, 0xfd, 0x40,

    /* U+00B0 "°" */
    0x0, 0x1, 0x10, 0x0, 0x1, 0xbf, 0xfd, 0x30,
    0xb, 0xf7, 0x6e, 0xe1, 0x1f, 0x90, 0x5, 0xf5,
    0x1f, 0x80, 0x4, 0xf6, 0xd, 0xf4, 0x3c, 0xf2,
    0x2, 0xef, 0xff, 0x60, 0x0, 0x4, 0x41, 0x0,

    /* U+00B7 "·" */
    0x5a, 0x3f, 0xfb, 0x9f, 0x50,

    /* U+2013 "–" */
    0x59, 0x99, 0x99, 0x99, 0x91, 0x9f, 0xff, 0xff,
    0xff, 0xf2,

    /* U+2014 "—" */
    0x58, 0x88, 0x88, 0x88, 0x88, 0x88, 0x88, 0x83,
    0x9f, 0xff, 0xff, 0xff, 0xff, 0xff, 0xff, 0xf6,

    /* U+2018 "‘" */
    0x0, 0x10, 0x8, 0xc0, 0x1f, 0x50, 0x9f, 0x40,
    0xef, 0xd0, 0x8f, 0x70,

    /* U+2019 "’" */
    0x4f, 0xb0, 0x9f, 0xf1, 0x2e, 0xd0, 0x2f, 0x50,
    0x9c, 0x0, 0x1, 0x0,

    /* U+201C "“" */
    0x0, 0x10, 0x1, 0x0, 0x8c, 0x0, 0xaa, 0x1f,
    0x50, 0x3f, 0x39, 0xf4, 0xb, 0xe3, 0xef, 0xd0,
    0xff, 0xb8, 0xf7, 0xa, 0xf5,

    /* U+201D "”" */
    0x4f, 0xb0, 0x6f, 0x90, 0x9f, 0xf1, 0xbf, 0xf0,
    0x2e, 0xd0, 0x3f, 0xb0, 0x2f, 0x50, 0x3f, 0x20,
    0x9c, 0x0, 0xba, 0x0, 0x1, 0x0, 0x11, 0x0,

    /* U+2022 "•" */
    0x1b, 0xfb, 0x8, 0xff, 0xf6, 0x8f, 0xff, 0x61,
    0xcf, 0xc0, 0x0, 0x0, 0x0,

    /* U+2026 "…" */
    0x8, 0x90, 0x1, 0x98, 0x0, 0x2a, 0x60, 0x4f,
    0xf5, 0x7, 0xff, 0x30, 0x9f, 0xf0, 0x1d, 0xe2,
    0x2, 0xec, 0x0, 0x5f, 0xa0,

    /* U+E034 "" */
    0x4, 0x30, 0x0, 0x0, 0x53, 0xa, 0xff, 0x40,
    0x0, 0xaf, 0xf4, 0xef, 0xf8, 0x0, 0xe, 0xff,
    0x8e, 0xff, 0x80, 0x0, 0xef, 0xf8, 0xef, 0xf8,
    0x0, 0xe, 0xff, 0x8e, 0xff, 0x80, 0x0, 0xef,
    0xf8, 0xef, 0xf8, 0x0, 0xe, 0xff, 0x8e, 0xff,
    0x80, 0x0, 0xef, 0xf8, 0xef, 0xf8, 0x0, 0xe,
    0xff, 0x8e, 0xff, 0x80, 0x0, 0xef, 0xf8, 0xef,
    0xf8, 0x0, 0xe, 0xff, 0x8d, 0xff, 0x70, 0x0,
    0xdf, 0xf7, 0x3c, 0xa0, 0x0, 0x3, 0xca, 0x0,

    /* U+E037 "" */
    0x0, 0x0, 0x0, 0x0, 0xa, 0xa1, 0x0, 0x0,
    0x0, 0xff, 0xe6, 0x0, 0x0, 0xf, 0xff, 0xfc,
    0x20, 0x0, 0xff, 0xff, 0xff, 0x70, 0xf, 0xff,
    0xff, 0xff, 0xd3, 0xff, 0xff, 0xff, 0xff, 0xbf,
    0xff, 0xff, 0xff, 0xd3, 0xff, 0xff, 0xff, 0x70,
    0xf, 0xff, 0xfc, 0x20, 0x0, 0xff, 0xe6, 0x0,
    0x0, 0xa, 0xa1, 0x0, 0x0, 0x0, 0x0, 0x0,
    0x0, 0x0, 0x0,

    /* U+E03D "" */
    0x1b, 0xbb, 0xbb, 0xbb, 0xbb, 0x90, 0x4, 0xbb,
    0xa0, 0x3f, 0xff, 0xff, 0xff, 0xff, 0xd0, 0xe,
    0xff, 0xe1, 0x0, 0x0, 0x0, 0x0, 0x0, 0x0,
    0x1f, 0xa0, 0x0, 0x0, 0x0, 0x0, 0x0, 0x0,
    0x0, 0x1f, 0xa0, 0x0, 0x3f, 0xff, 0xff, 0xff,
    0xff, 0xe0, 0x1f, 0xa0, 0x0, 0x1a, 0xbb, 0xbb,
    0xbb, 0xbb, 0x90, 0x1f, 0xa0, 0x0, 0x0, 0x0,
    0x0, 0x0, 0x0, 0x0, 0x1f, 0xa0, 0x0, 0x1a,
    0xbb, 0xbb, 0xb4, 0x0, 0x39, 0xaf, 0xa0, 0x0,
    0x3e, 0xff, 0xff, 0xf6, 0x2, 0xff, 0xff, 0xa0,
    0x0, 0x0, 0x0, 0x0, 0x0, 0x8, 0xff, 0xff,
    0xa0, 0x0, 0x0, 0x0, 0x0, 0x0, 0x7, 0xff,
    0xff, 0x70, 0x0, 0x0, 0x0, 0x0, 0x0, 0x0,
    0xdf, 0xfe, 0x10, 0x0, 0x0, 0x0, 0x0, 0x0,
    0x0, 0x6, 0x61, 0x0, 0x0,

    /* U+E043 "" */
    0x0, 0x0, 0x0, 0x0, 0x0, 0x14, 0x44, 0x10,
    0xb9, 0x0, 0x0, 0x0, 0x5, 0xff, 0xfa, 0xb,
    0xfa, 0x0, 0x0, 0x0, 0xa, 0xff, 0xa0, 0xb,
    0xfa, 0x0, 0x0, 0x5, 0xfe, 0xfa, 0x0, 0xb,
    0xfa, 0x0, 0x5, 0xfe, 0x26, 0x80, 0x0, 0xb,
    0xf2, 0x6, 0xfe, 0x20, 0x0, 0x0, 0x0, 0x2,
    0x6, 0xfe, 0x20, 0x0, 0x0, 0x0, 0x0, 0x6,
    0xfe, 0x20, 0x0, 0x0, 0x0, 0x0, 0x6, 0xfe,
    0x20, 0x0, 0x0, 0x0, 0x0, 0x6, 0xfe, 0x20,
    0x6a, 0x0, 0x0, 0x0, 0x6, 0xfe, 0x20, 0xc,
    0xfa, 0x1, 0x30, 0x6, 0xfe, 0x20, 0x0, 0xc,
    0xfa, 0xda, 0x6, 0xfe, 0x20, 0x0, 0x0, 0xc,
    0xff, 0xa0, 0xee, 0x20, 0x0, 0x0, 0x1, 0xdf,
    0xfa, 0x3, 0x10, 0x0, 0x0, 0x0, 0x4b, 0xbb,
    0x60,

    /* U+E044 "" */
    0x0, 0x0, 0x0, 0x0, 0x7, 0x38, 0xb2, 0x0,
    0x0, 0x1, 0xfa, 0xdf, 0xf5, 0x0, 0x0, 0x1f,
    0xad, 0xff, 0xfa, 0x10, 0x1, 0xfa, 0xdf, 0xff,
    0xfe, 0x30, 0x1f, 0xad, 0xff, 0xff, 0xfd, 0x1,
    0xfa, 0xdf, 0xff, 0xfe, 0x30, 0x1f, 0xad, 0xff,
    0xfa, 0x10, 0x1, 0xfa, 0xdf, 0xf6, 0x0, 0x0,
    0x1f, 0xa8, 0xb2, 0x0, 0x0, 0x1, 0xfa, 0x0,
    0x0, 0x0, 0x0, 0xa, 0x50,

    /* U+E047 "" */
    0x17, 0x88, 0x88, 0x88, 0x85, 0xb, 0xff, 0xff,
    0xff, 0xff, 0xf5, 0xef, 0xff, 0xff, 0xff, 0xff,
    0x9e, 0xff, 0xff, 0xff, 0xff, 0xf9, 0xef, 0xff,
    0xff, 0xff, 0xff, 0x9e, 0xff, 0xff, 0xff, 0xff,
    0xf9, 0xef, 0xff, 0xff, 0xff, 0xff, 0x9e, 0xff,
    0xff, 0xff, 0xff, 0xf9, 0xef, 0xff, 0xff, 0xff,
    0xff, 0x9d, 0xff, 0xff, 0xff, 0xff, 0xf8, 0x4e,
    0xff, 0xff, 0xff, 0xfc, 0x10,

    /* U+E05F "" */
    0x3b, 0xcc, 0xcc, 0xcc, 0xcc, 0x80, 0x0, 0x4f,
    0xff, 0xff, 0xff, 0xff, 0xc0, 0x0, 0x0, 0x0,
    0x0, 0x0, 0x0, 0x0, 0x0, 0x0, 0x0, 0x0,
    0x0, 0x0, 0x0, 0x0, 0x5f, 0xff, 0xff, 0xff,
    0xff, 0xc0, 0x0, 0x2b, 0xbb, 0xbb, 0xbb, 0xbb,
    0x70, 0x0, 0x0, 0x0, 0x0, 0x0, 0x0, 0x0,
    0x0, 0x3b, 0xbb, 0xbb, 0xb2, 0x3, 0x10, 0x0,
    0x4f, 0xff, 0xff, 0xf4, 0xb, 0xe6, 0x0, 0x0,
    0x0, 0x0, 0x0, 0xb, 0xff, 0xc1, 0x0, 0x0,
    0x0, 0x0, 0xb, 0xff, 0x80, 0x0, 0x0, 0x0,
    0x0, 0xb, 0xc2, 0x0, 0x0, 0x0, 0x0, 0x0,
    0x0, 0x0, 0x0,

    /* U+E0F0 "" */
    0x0, 0x0, 0x0, 0x23, 0x20, 0x0, 0x0, 0x0,
    0x0, 0x6, 0xef, 0xff, 0xe6, 0x0, 0x0, 0x0,
    0x1b, 0xff, 0xff, 0xff, 0xfb, 0x10, 0x0, 0xb,
    0xff, 0xff, 0xff, 0xff, 0xfb, 0x0, 0x5, 0xff,
    0xff, 0xff, 0xff, 0xff, 0xf5, 0x0, 0xcf, 0xff,
    0xff, 0xff, 0xff, 0xff, 0xc0, 0xf, 0xff, 0xff,
    0xff, 0xff, 0xff, 0xff, 0x0, 0xff, 0xff, 0xff,
    0xff, 0xff, 0xff, 0xf0, 0xd, 0xff, 0xff, 0xff,
    0xff, 0xff, 0xfd, 0x0, 0xaf, 0xff, 0xff, 0xff,
    0xff, 0xff, 0xa0, 0x2, 0xff, 0xff, 0xff, 0xff,
    0xff, 0xf2, 0x0, 0x7, 0xff, 0xff, 0xff, 0xff,
    0xf7, 0x0, 0x0, 0x7, 0xff, 0xff, 0xff, 0xf7,
    0x0, 0x0, 0x0, 0x0, 0x22, 0x22, 0x20, 0x0,
    0x0, 0x0, 0x0, 0xdf, 0xff, 0xff, 0xd0, 0x0,
    0x0, 0x0, 0x4, 0x77, 0x77, 0x74, 0x0, 0x0,
    0x0, 0x0, 0x2, 0xaa, 0xa2, 0x0, 0x0, 0x0,
    0x0, 0x0, 0xa, 0xfa, 0x0, 0x0, 0x0, 0x0,
    0x0, 0x0, 0x0, 0x0, 0x0, 0x0, 0x0,

    /* U+E145 "" */
    0x0, 0x0, 0x0, 0x40, 0x0, 0x0, 0x0, 0x0,
    0x0, 0x7f, 0x20, 0x0, 0x0, 0x0, 0x0, 0x8,
    0xf3, 0x0, 0x0, 0x0, 0x0, 0x0, 0x8f, 0x30,
    0x0, 0x0, 0x0, 0x0, 0x8, 0xf3, 0x0, 0x0,
    0x0, 0x22, 0x22, 0x9f, 0x52, 0x22, 0x10, 0xaf,
    0xff, 0xff, 0xff, 0xff, 0xff, 0x53, 0x99, 0x99,
    0xcf, 0xa9, 0x99, 0x81, 0x0, 0x0, 0x8, 0xf3,
    0x0, 0x0, 0x0, 0x0, 0x0, 0x8f, 0x30, 0x0,
    0x0, 0x0, 0x0, 0x8, 0xf3, 0x0, 0x0, 0x0,
    0x0, 0x0, 0x8f, 0x30, 0x0, 0x0, 0x0, 0x0,
    0x3, 0xb0, 0x0, 0x0, 0x0,

    /* U+E1BA "" */
    0x0, 0x0, 0x0, 0x4, 0x78, 0x98, 0x64, 0x0,
    0x0, 0x0, 0x0, 0x0, 0x4, 0xbf, 0xff, 0xff,
    0xff, 0xff, 0xb4, 0x0, 0x0, 0x0, 0x3c, 0xff,
    0xc8, 0x53, 0x23, 0x58, 0xdf, 0xfc, 0x30, 0x0,
    0x7f, 0xfa, 0x20, 0x0, 0x0, 0x0, 0x0, 0x3b,
    0xff, 0x60, 0x7f, 0xe4, 0x0, 0x38, 0xce, 0xfe,
    0xc8, 0x20, 0x4, 0xef, 0x64, 0xfe, 0x23, 0xbf,
    0xff, 0xff, 0xff, 0xff, 0xa2, 0x3f, 0xf3, 0x5,
    0xff, 0xff, 0xff, 0xff, 0xff, 0xff, 0xff, 0xff,
    0xf4, 0x0, 0x5, 0xff, 0xff, 0xff, 0xff, 0xff,
    0xff, 0xff, 0xf4, 0x0, 0x0, 0x5, 0xff, 0xff,
    0xff, 0xff, 0xff, 0xff, 0xf4, 0x0, 0x0, 0x0,
    0x5, 0xff, 0xff, 0xff, 0xff, 0xff, 0xf4, 0x0,
    0x0, 0x0, 0x0, 0x5, 0xff, 0xff, 0xff, 0xff,
    0xf4, 0x0, 0x0, 0x0, 0x0, 0x0, 0x6, 0xff,
    0xff, 0xff, 0xf4, 0x0, 0x0, 0x0, 0x0, 0x0,
    0x0, 0x6, 0xff, 0xff, 0xf5, 0x0, 0x0, 0x0,
    0x0, 0x0, 0x0, 0x0, 0x6, 0xff, 0xf5, 0x0,
    0x0, 0x0, 0x0, 0x0, 0x0, 0x0, 0x0, 0x6,
    0xe5, 0x0, 0x0, 0x0, 0x0, 0x0, 0x0, 0x0,
    0x0, 0x0, 0x0, 0x0, 0x0, 0x0, 0x0, 0x0,

    /* U+E1C4 "" */
    0x0, 0x0, 0x0, 0x0, 0x13, 0x20, 0x0, 0x0,
    0x0, 0x0, 0x0, 0x0, 0x29, 0xef, 0xff, 0xfb,
    0x40, 0x0, 0x0, 0x0, 0x0, 0x8f, 0xff, 0xff,
    0xff, 0xff, 0xb1, 0x0, 0x0, 0x0, 0xaf, 0xff,
    0xff, 0xff, 0xff, 0xff, 0xd1, 0x0, 0x0, 0x7f,
    0xff, 0xff, 0xff, 0xff, 0xff, 0xff, 0xc0, 0x0,
    0x1f, 0xff, 0xff, 0xff, 0xff, 0xff, 0xff, 0xff,
    0x60, 0x8, 0xff, 0xff, 0xfd, 0x5d, 0xff, 0xff,
    0xff, 0xfd, 0x0, 0xdf, 0xff, 0xff, 0x70, 0x7,
    0xff, 0xff, 0xff, 0xf2, 0xf, 0xff, 0xff, 0xf7,
    0x0, 0x2, 0xdf, 0xff, 0xff, 0x40, 0xff, 0xff,
    0xff, 0x70, 0x0, 0x4, 0xff, 0xff, 0xf5, 0xf,
    0xff, 0xff, 0xf7, 0x0, 0x2, 0xcf, 0xff, 0xff,
    0x40, 0xdf, 0xff, 0xff, 0x70, 0x7, 0xff, 0xff,
    0xff, 0xf2, 0x8, 0xff, 0xff, 0xfd, 0x5d, 0xff,
    0xff, 0xff, 0xfd, 0x0, 0x1f, 0xff, 0xff, 0xff,
    0xff, 0xff, 0xff, 0xff, 0x60, 0x0, 0x7f, 0xff,
    0xff, 0xff, 0xff, 0xff, 0xff, 0xc0, 0x0, 0x0,
    0xaf, 0xff, 0xff, 0xff, 0xff, 0xff, 0xd1, 0x0,
    0x0, 0x0, 0x8f, 0xff, 0xff, 0xff, 0xff, 0xb1,
    0x0, 0x0, 0x0, 0x0, 0x29, 0xef, 0xff, 0xfb,
    0x50, 0x0, 0x0, 0x0, 0x0, 0x0, 0x0, 0x13,
    0x20, 0x0, 0x0, 0x0, 0x0,

    /* U+E2EA "" */
    0x0, 0x0, 0x0, 0x0, 0x98, 0x0, 0x0, 0x0,
    0x0, 0xcf, 0xf0, 0x0, 0x0, 0x0, 0xbf, 0xf5,
    0x0, 0x0, 0x0, 0xbf, 0xf5, 0x0, 0x0, 0x0,
    0xbf, 0xf5, 0x0, 0x0, 0x0, 0xbf, 0xf5, 0x0,
    0x0, 0x0, 0xbf, 0xf5, 0x0, 0x0, 0x0, 0xbf,
    0xf5, 0x0, 0x0, 0x0, 0x4f, 0xf9, 0x0, 0x0,
    0x0, 0x0, 0xbf, 0xf5, 0x0, 0x0, 0x0, 0x0,
    0xbf, 0xf5, 0x0, 0x0, 0x0, 0x0, 0xbf, 0xf5,
    0x0, 0x0, 0x0, 0x0, 0xbf, 0xf5, 0x0, 0x0,
    0x0, 0x0, 0xbf, 0xf5, 0x0, 0x0, 0x0, 0x0,
    0xbf, 0xf5, 0x0, 0x0, 0x0, 0x0, 0xbf, 0xf0,
    0x0, 0x0, 0x0, 0x0, 0x98, 0x0,

    /* U+E39E "" */
    0x0, 0x0, 0x0, 0x0, 0x1, 0x0, 0x0, 0x0,
    0x0, 0x0, 0x0, 0x0, 0x29, 0xef, 0xff, 0xe9,
    0x20, 0x0, 0x0, 0x0, 0x0, 0x8f, 0xfe, 0xa9,
    0xae, 0xff, 0x80, 0x0, 0x0, 0x0, 0xbf, 0xe5,
    0x0, 0x0, 0x5, 0xef, 0xb0, 0x0, 0x0, 0x9f,
    0xb1, 0x0, 0x0, 0x0, 0x1, 0xbf, 0x90, 0x0,
    0x3f, 0xe0, 0x0, 0x0, 0x0, 0x0, 0x0, 0xef,
    0x30, 0xa, 0xf4, 0x0, 0x0, 0x0, 0x0, 0x0,
    0x4, 0xfa, 0x0, 0xfd, 0x0, 0x0, 0x2c, 0xfc,
    0x20, 0x0, 0xd, 0xf0, 0x2f, 0x90, 0x0, 0xd,
    0xff, 0xfd, 0x0, 0x0, 0x9f, 0x23, 0xf8, 0x0,
    0x1, 0xff, 0xff, 0xf1, 0x0, 0x8, 0xf3, 0x2f,
    0x90, 0x0, 0xd, 0xff, 0xfd, 0x0, 0x0, 0x9f,
    0x20, 0xfd, 0x0, 0x0, 0x2c, 0xfc, 0x20, 0x0,
    0xd, 0xf0, 0xa, 0xf4, 0x0, 0x0, 0x0, 0x0,
    0x0, 0x4, 0xfa, 0x0, 0x3f, 0xe0, 0x0, 0x0,
    0x0, 0x0, 0x0, 0xef, 0x30, 0x0, 0x9f, 0xb1,
    0x0, 0x0, 0x0, 0x1, 0xbf, 0x90, 0x0, 0x0,
    0xbf, 0xe5, 0x0, 0x0, 0x5, 0xef, 0xb0, 0x0,
    0x0, 0x0, 0x9f, 0xfe, 0xa9, 0xae, 0xff, 0x90,
    0x0, 0x0, 0x0, 0x0, 0x29, 0xef, 0xff, 0xe9,
    0x20, 0x0, 0x0, 0x0, 0x0, 0x0, 0x0, 0x1,
    0x0, 0x0, 0x0, 0x0, 0x0,

    /* U+E3AB "" */
    0x0, 0x0, 0x0, 0x0, 0x0, 0x0, 0x0, 0x0,
    0x0, 0x0, 0x0, 0x0, 0x0, 0x0, 0x9, 0xe3,
    0x0, 0x0, 0x0, 0x0, 0x0, 0x0, 0x0, 0x0,
    0x9f, 0xff, 0x30, 0x0, 0x0, 0x0, 0x0, 0x2,
    0x88, 0x8b, 0xff, 0xff, 0xf8, 0x88, 0x70, 0x0,
    0x0, 0xb, 0xff, 0xff, 0xff, 0xff, 0xff, 0xff,
    0xf4, 0x0, 0x0, 0xb, 0xff, 0xff, 0xff, 0xb6,
    0xcf, 0xff, 0xf4, 0x0, 0x0, 0xb, 0xff, 0xff,
    0xff, 0x40, 0x7, 0xff, 0xf4, 0x0, 0x0, 0xc,
    0xff, 0xff, 0xff, 0x40, 0x0, 0x7f, 0xf6, 0x0,
    0x0, 0x9f, 0xff, 0xff, 0xff, 0x40, 0x0, 0xe,
    0xff, 0x30, 0x9, 0xff, 0xff, 0xff, 0xff, 0x40,
    0x0, 0xa, 0xff, 0xf3, 0x2f, 0xff, 0xff, 0xff,
    0xff, 0x40, 0x0, 0x8, 0xff, 0xfb, 0x9, 0xff,
    0xff, 0xff, 0xff, 0x40, 0x0, 0xa, 0xff, 0xf3,
    0x0, 0x9f, 0xff, 0xff, 0xff, 0x40, 0x0, 0xe,
    0xff, 0x30, 0x0, 0xc, 0xff, 0xff, 0xff, 0x40,
    0x0, 0x7f, 0xf6, 0x0, 0x0, 0xb, 0xff, 0xff,
    0xff, 0x40, 0x7, 0xff, 0xf4, 0x0, 0x0, 0xb,
    0xff, 0xff, 0xff, 0xb6, 0xcf, 0xff, 0xf4, 0x0,
    0x0, 0xb, 0xff, 0xff, 0xff, 0xff, 0xff, 0xff,
    0xf4, 0x0, 0x0, 0x2, 0x88, 0x8b, 0xff, 0xff,
    0xf8, 0x88, 0x70, 0x0, 0x0, 0x0, 0x0, 0x0,
    0x9f, 0xff, 0x30, 0x0, 0x0, 0x0, 0x0, 0x0,
    0x0, 0x0, 0x9, 0xe3, 0x0, 0x0, 0x0, 0x0,
    0x0, 0x0, 0x0, 0x0, 0x0, 0x0, 0x0, 0x0,
    0x0, 0x0,

    /* U+E405 "" */
    0x0, 0x0, 0x0, 0x3, 0x55, 0x20, 0x0, 0x0,
    0x0, 0x6f, 0xff, 0xf4, 0x0, 0x0, 0x0, 0xaf,
    0xff, 0xf8, 0x0, 0x0, 0x0, 0xaf, 0xff, 0xe2,
    0x0, 0x0, 0x0, 0xaf, 0x21, 0x0, 0x0, 0x0,
    0x0, 0xaf, 0x10, 0x0, 0x0, 0x0, 0x0, 0xaf,
    0x10, 0x0, 0x0, 0x0, 0x0, 0xaf, 0x10, 0x0,
    0x0, 0x0, 0x0, 0xaf, 0x10, 0x0, 0x0, 0x6,
    0x86, 0xbf, 0x10, 0x0, 0x1, 0xcf, 0xff, 0xff,
    0x10, 0x0, 0x8, 0xff, 0xff, 0xff, 0x10, 0x0,
    0xd, 0xff, 0xff, 0xff, 0x10, 0x0, 0xc, 0xff,
    0xff, 0xff, 0x0, 0x0, 0x7, 0xff, 0xff, 0xf9,
    0x0, 0x0, 0x0, 0x9f, 0xff, 0xb0, 0x0, 0x0,
    0x0, 0x2, 0x42, 0x0, 0x0, 0x0,

    /* U+E429 "" */
    0x0, 0x0, 0x0, 0x0, 0x0, 0x2, 0x30, 0x0,
    0x0, 0x0, 0x0, 0x0, 0x0, 0x0, 0xce, 0x0,
    0x0, 0x19, 0xaa, 0xaa, 0xaa, 0xa6, 0xd, 0xfa,
    0xaa, 0x12, 0xff, 0xff, 0xff, 0xff, 0x90, 0xdf,
    0xff, 0xf4, 0x0, 0x0, 0x0, 0x0, 0x0, 0xd,
    0xf0, 0x0, 0x0, 0x0, 0x1, 0x20, 0x0, 0x0,
    0x78, 0x0, 0x0, 0x0, 0x0, 0xcd, 0x0, 0x0,
    0x0, 0x0, 0x0, 0x0, 0x89, 0x9e, 0xe0, 0x9,
    0x99, 0x99, 0x99, 0x81, 0x3f, 0xff, 0xfe, 0x1,
    0xff, 0xff, 0xff, 0xff, 0x40, 0x12, 0x2d, 0xe0,
    0x2, 0x22, 0x22, 0x22, 0x10, 0x0, 0x0, 0x89,
    0x0, 0x0, 0x0, 0x0, 0x0, 0x0, 0x0, 0x0,
    0x0, 0xa, 0x40, 0x0, 0x0, 0x0, 0x0, 0x0,
    0x0, 0x1, 0xfa, 0x0, 0x0, 0x0, 0x2, 0xff,
    0xff, 0xe0, 0x1f, 0xff, 0xff, 0xff, 0xf4, 0x19,
    0xaa, 0xa9, 0x1, 0xfe, 0xaa, 0xaa, 0xaa, 0x10,
    0x0, 0x0, 0x0, 0x1f, 0x90, 0x0, 0x0, 0x0,
    0x0, 0x0, 0x0, 0x0, 0x41, 0x0, 0x0, 0x0,
    0x0,

    /* U+E518 "" */
    0x0, 0x0, 0x0, 0x0, 0x0, 0x0, 0x0, 0x0,
    0x0, 0x0, 0x0, 0x0, 0x0, 0x0, 0x0, 0x3f,
    0x30, 0x0, 0x0, 0x0, 0x0, 0x0, 0x0, 0x0,
    0x0, 0x5, 0xf5, 0x0, 0x0, 0x0, 0x0, 0x0,
    0x0, 0x2, 0x0, 0x0, 0x4f, 0x40, 0x0, 0x2,
    0x0, 0x0, 0x0, 0x2, 0xfb, 0x0, 0x0, 0x40,
    0x0, 0xb, 0xf2, 0x0, 0x0, 0x0, 0xb, 0xf5,
    0x0, 0x0, 0x0, 0x5, 0xfb, 0x0, 0x0, 0x0,
    0x0, 0x5, 0x0, 0x5a, 0xda, 0x50, 0x5, 0x0,
    0x0, 0x0, 0x0, 0x0, 0x0, 0x9f, 0xff, 0xff,
    0x90, 0x0, 0x0, 0x0, 0x0, 0x0, 0x0, 0x5f,
    0xff, 0xff, 0xff, 0x50, 0x0, 0x0, 0x0, 0x35,
    0x40, 0xb, 0xff, 0xff, 0xff, 0xfa, 0x0, 0x45,
    0x30, 0xf, 0xff, 0x40, 0xdf, 0xff, 0xff, 0xff,
    0xd0, 0x4f, 0xff, 0x0, 0x35, 0x40, 0xb, 0xff,
    0xff, 0xff, 0xfa, 0x0, 0x45, 0x30, 0x0, 0x0,
    0x0, 0x5f, 0xff, 0xff, 0xff, 0x50, 0x0, 0x0,
    0x0, 0x0, 0x0, 0x0, 0x9f, 0xff, 0xff, 0x90,
    0x0, 0x0, 0x0, 0x0, 0x0, 0x5, 0x0, 0x5b,
    0xdb, 0x50, 0x5, 0x0, 0x0, 0x0, 0x0, 0xb,
    0xf5, 0x0, 0x0, 0x0, 0x5, 0xfb, 0x0, 0x0,
    0x0, 0x2, 0xfb, 0x0, 0x0, 0x40, 0x0, 0xb,
    0xf2, 0x0, 0x0, 0x0, 0x2, 0x0, 0x0, 0x4f,
    0x40, 0x0, 0x2, 0x0, 0x0, 0x0, 0x0, 0x0,
    0x0, 0x5, 0xf5, 0x0, 0x0, 0x0, 0x0, 0x0,
    0x0, 0x0, 0x0, 0x0, 0x3f, 0x30, 0x0, 0x0,
    0x0, 0x0, 0x0, 0x0, 0x0, 0x0, 0x0, 0x0,
    0x0, 0x0, 0x0, 0x0, 0x0,

    /* U+E5CA "" */
    0x0, 0x0, 0x0, 0x0, 0x0, 0x0, 0x6, 0x80,
    0x0, 0x0, 0x0, 0x0, 0x0, 0x0, 0x7f, 0xd0,
    0x0, 0x0, 0x0, 0x0, 0x0, 0x7, 0xfd, 0x10,
    0x0, 0x0, 0x0, 0x0, 0x0, 0x7f, 0xd1, 0x0,
    0x0, 0x0, 0x0, 0x0, 0x7, 0xfd, 0x10, 0x0,
    0x0, 0x0, 0x0, 0x0, 0x7f, 0xd1, 0x0, 0x0,
    0x8f, 0x40, 0x0, 0x7, 0xfd, 0x10, 0x0, 0x0,
    0x3f, 0xf4, 0x0, 0x7f, 0xd1, 0x0, 0x0, 0x0,
    0x4, 0xff, 0x47, 0xfd, 0x10, 0x0, 0x0, 0x0,
    0x0, 0x4f, 0xff, 0xd1, 0x0, 0x0, 0x0, 0x0,
    0x0, 0x4, 0xfd, 0x10, 0x0, 0x0, 0x0, 0x0,
    0x0, 0x0, 0x10, 0x0, 0x0, 0x0, 0x0, 0x0,

    /* U+E5CD "" */
    0x5, 0x20, 0x0, 0x0, 0x0, 0x6, 0x0, 0xfe,
    0x20, 0x0, 0x0, 0xc, 0xf4, 0x6, 0xfe, 0x20,
    0x0, 0xc, 0xfa, 0x0, 0x6, 0xfe, 0x20, 0xc,
    0xfa, 0x0, 0x0, 0x6, 0xfe, 0x3c, 0xfa, 0x0,
    0x0, 0x0, 0x6, 0xff, 0xfa, 0x0, 0x0, 0x0,
    0x0, 0xd, 0xff, 0x20, 0x0, 0x0, 0x0, 0xc,
    0xfc, 0xfe, 0x20, 0x0, 0x0, 0xc, 0xfa, 0x6,
    0xfe, 0x20, 0x0, 0xc, 0xfa, 0x0, 0x6, 0xfe,
    0x20, 0xc, 0xfa, 0x0, 0x0, 0x6, 0xfe, 0x10,
    0xe9, 0x0, 0x0, 0x0, 0x6, 0xe3, 0x0, 0x0,
    0x0, 0x0, 0x0, 0x0, 0x0,

    /* U+E5CF "" */
    0x0, 0x0, 0x0, 0x0, 0x0, 0x1, 0xfa, 0x0,
    0x0, 0x4, 0xf7, 0xb, 0xfa, 0x0, 0x4, 0xff,
    0x30, 0xb, 0xfa, 0x4, 0xff, 0x30, 0x0, 0xb,
    0xfc, 0xff, 0x30, 0x0, 0x0, 0xb, 0xff, 0x30,
    0x0, 0x0, 0x0, 0x8, 0x30, 0x0, 0x0,

    /* U+E5D5 "" */
    0x0, 0x0, 0x1, 0x67, 0x62, 0x0, 0x0, 0x0,
    0x0, 0x2c, 0xff, 0xff, 0xfc, 0x30, 0x20, 0x0,
    0x5f, 0xfa, 0x64, 0x7b, 0xff, 0xbf, 0x70, 0x2f,
    0xf5, 0x0, 0x0, 0x5, 0xff, 0xf8, 0xc, 0xf4,
    0x0, 0x0, 0x0, 0x8f, 0xff, 0x81, 0xfc, 0x0,
    0x0, 0x0, 0x4f, 0xff, 0xf8, 0x5f, 0x50, 0x0,
    0x0, 0x1, 0x9a, 0xa9, 0x27, 0xf4, 0x0, 0x0,
    0x0, 0x0, 0x0, 0x0, 0x6f, 0x60, 0x0, 0x0,
    0x0, 0x0, 0x0, 0x2, 0xfa, 0x0, 0x0, 0x0,
    0x0, 0x6, 0x60, 0xc, 0xf3, 0x0, 0x0, 0x0,
    0x4, 0xfb, 0x0, 0x3f, 0xe3, 0x0, 0x0, 0x4,
    0xef, 0x20, 0x0, 0x5f, 0xfa, 0x65, 0x6b, 0xff,
    0x50, 0x0, 0x0, 0x2c, 0xff, 0xff, 0xfc, 0x30,
    0x0, 0x0, 0x0, 0x3, 0x67, 0x52, 0x0, 0x0,
    0x0,

    /* U+E63E "" */
    0x0, 0x0, 0x0, 0x0, 0x0, 0x0, 0x0, 0x0,
    0x0, 0x0, 0x0, 0x0, 0x0, 0x0, 0x10, 0x0,
    0x0, 0x0, 0x0, 0x0, 0x0, 0x27, 0xbe, 0xff,
    0xfe, 0xb7, 0x10, 0x0, 0x0, 0x2, 0xaf, 0xff,
    0xff, 0xff, 0xff, 0xff, 0xa2, 0x0, 0x7, 0xff,
    0xff, 0xd9, 0x76, 0x79, 0xdf, 0xff, 0xf6, 0x6,
    0xff, 0xf9, 0x20, 0x0, 0x0, 0x0, 0x29, 0xff,
    0xf5, 0x5f, 0xd2, 0x0, 0x0, 0x2, 0x0, 0x0,
    0x3, 0xdf, 0x40, 0x10, 0x0, 0x29, 0xef, 0xff,
    0xd9, 0x10, 0x0, 0x10, 0x0, 0x0, 0x8f, 0xff,
    0xff, 0xff, 0xff, 0x70, 0x0, 0x0, 0x0, 0xf,
    0xff, 0xa6, 0x46, 0xaf, 0xfe, 0x0, 0x0, 0x0,
    0x0, 0x57, 0x10, 0x0, 0x0, 0x28, 0x40, 0x0,
    0x0, 0x0, 0x0, 0x0, 0x1, 0x30, 0x0, 0x0,
    0x0, 0x0, 0x0, 0x0, 0x0, 0x7, 0xff, 0xf6,
    0x0, 0x0, 0x0, 0x0, 0x0, 0x0, 0x0, 0x5f,
    0xff, 0x50, 0x0, 0x0, 0x0, 0x0, 0x0, 0x0,
    0x0, 0x6f, 0x60, 0x0, 0x0, 0x0, 0x0, 0x0,
    0x0, 0x0, 0x0, 0x0, 0x0, 0x0, 0x0, 0x0,

    /* U+E836 "" */
    0x0, 0x0, 0x0, 0x0, 0x1, 0x0, 0x0, 0x0,
    0x0, 0x0, 0x0, 0x0, 0x29, 0xef, 0xff, 0xe9,
    0x20, 0x0, 0x0, 0x0, 0x0, 0x8f, 0xfe, 0xa9,
    0xae, 0xff, 0x80, 0x0, 0x0, 0x0, 0xbf, 0xe5,
    0x0, 0x0, 0x5, 0xef, 0xb0, 0x0, 0x0, 0x9f,
    0xb1, 0x0, 0x0, 0x0, 0x1, 0xbf, 0x90, 0x0,
    0x3f, 0xe0, 0x0, 0x0, 0x0, 0x0, 0x0, 0xef,
    0x30, 0xa, 0xf4, 0x0, 0x0, 0x0, 0x0, 0x0,
    0x4, 0xfa, 0x0, 0xfd, 0x0, 0x0, 0x0, 0x0,
    0x0, 0x0, 0xd, 0xf0, 0x2f, 0x90, 0x0, 0x0,
    0x0, 0x0, 0x0, 0x0, 0x9f, 0x23, 0xf8, 0x0,
    0x0, 0x0, 0x0, 0x0, 0x0, 0x8, 0xf3, 0x2f,
    0x90, 0x0, 0x0, 0x0, 0x0, 0x0, 0x0, 0x9f,
    0x20, 0xfd, 0x0, 0x0, 0x0, 0x0, 0x0, 0x0,
    0xd, 0xf0, 0xa, 0xf4, 0x0, 0x0, 0x0, 0x0,
    0x0, 0x4, 0xfa, 0x0, 0x3f, 0xe0, 0x0, 0x0,
    0x0, 0x0, 0x0, 0xef, 0x30, 0x0, 0x9f, 0xb1,
    0x0, 0x0, 0x0, 0x1, 0xbf, 0x90, 0x0, 0x0,
    0xbf, 0xe5, 0x0, 0x0, 0x5, 0xef, 0xb0, 0x0,
    0x0, 0x0, 0x9f, 0xfe, 0xa9, 0xae, 0xff, 0x90,
    0x0, 0x0, 0x0, 0x0, 0x29, 0xef, 0xff, 0xe9,
    0x20, 0x0, 0x0, 0x0, 0x0, 0x0, 0x0, 0x1,
    0x0, 0x0, 0x0, 0x0, 0x0,

    /* U+E872 "" */
    0x0, 0x0, 0x55, 0x55, 0x30, 0x0, 0x3, 0x88,
    0xcf, 0xff, 0xff, 0x98, 0x71, 0xaf, 0xff, 0xff,
    0xff, 0xff, 0xff, 0x50, 0x33, 0x33, 0x33, 0x33,
    0x33, 0x20, 0x4, 0xdf, 0xff, 0xff, 0xff, 0xc1,
    0x0, 0xdf, 0xff, 0xff, 0xff, 0xff, 0x80, 0xe,
    0xff, 0xff, 0xff, 0xff, 0xf9, 0x0, 0xef, 0xff,
    0xff, 0xff, 0xff, 0x90, 0xe, 0xff, 0xff, 0xff,
    0xff, 0xf9, 0x0, 0xef, 0xff, 0xff, 0xff, 0xff,
    0x90, 0xe, 0xff, 0xff, 0xff, 0xff, 0xf9, 0x0,
    0xef, 0xff, 0xff, 0xff, 0xff, 0x90, 0xe, 0xff,
    0xff, 0xff, 0xff, 0xf9, 0x0, 0xef, 0xff, 0xff,
    0xff, 0xff, 0x90, 0xe, 0xff, 0xff, 0xff, 0xff,
    0xf9, 0x0, 0x9f, 0xff, 0xff, 0xff, 0xff, 0x40,
    0x0, 0x34, 0x44, 0x44, 0x44, 0x20, 0x0,

    /* U+E88A "" */
    0x0, 0x0, 0x0, 0x0, 0x0, 0x0, 0x0, 0x0,
    0x0, 0x0, 0x0, 0x0, 0x4, 0xea, 0x0, 0x0,
    0x0, 0x0, 0x0, 0x0, 0x0, 0x5f, 0xff, 0xc1,
    0x0, 0x0, 0x0, 0x0, 0x0, 0x7, 0xff, 0xff,
    0xfd, 0x20, 0x0, 0x0, 0x0, 0x0, 0x9f, 0xff,
    0xff, 0xff, 0xe3, 0x0, 0x0, 0x0, 0xb, 0xff,
    0xff, 0xff, 0xff, 0xff, 0x40, 0x0, 0x1, 0xcf,
    0xff, 0xff, 0xff, 0xff, 0xff, 0xf6, 0x0, 0x1d,
    0xff, 0xff, 0xff, 0xff, 0xff, 0xff, 0xff, 0x70,
    0x17, 0xbf, 0xff, 0xff, 0xff, 0xff, 0xff, 0xf7,
    0x50, 0x0, 0x6f, 0xff, 0xff, 0xff, 0xff, 0xff,
    0xe0, 0x0, 0x0, 0x6f, 0xff, 0xf4, 0x44, 0x9f,
    0xff, 0xe0, 0x0, 0x0, 0x6f, 0xff, 0xe0, 0x0,
    0x6f, 0xff, 0xe0, 0x0, 0x0, 0x6f, 0xff, 0xe0,
    0x0, 0x6f, 0xff, 0xe0, 0x0, 0x0, 0x6f, 0xff,
    0xe0, 0x0, 0x6f, 0xff, 0xe0, 0x0, 0x0, 0x6f,
    0xff, 0xe0, 0x0, 0x6f, 0xff, 0xe0, 0x0, 0x0,
    0x17, 0x88, 0x40, 0x0, 0x17, 0x88, 0x40, 0x0,

    /* U+E8AC "" */
    0x0, 0x0, 0x0, 0x2, 0x60, 0x0, 0x0, 0x0,
    0x0, 0x0, 0x0, 0x0, 0xaf, 0x10, 0x0, 0x0,
    0x0, 0x0, 0x13, 0x0, 0xa, 0xf1, 0x0, 0x3,
    0x0, 0x0, 0xc, 0xe0, 0x0, 0xaf, 0x10, 0x4,
    0xf7, 0x0, 0x7, 0xf9, 0x0, 0xa, 0xf1, 0x0,
    0xe, 0xf2, 0x0, 0xfe, 0x0, 0x0, 0xaf, 0x10,
    0x0, 0x4f, 0xa0, 0x5f, 0x90, 0x0, 0xa, 0xf1,
    0x0, 0x0, 0xef, 0x7, 0xf6, 0x0, 0x0, 0xaf,
    0x10, 0x0, 0xa, 0xf2, 0x7f, 0x40, 0x0, 0x8,
    0xe0, 0x0, 0x0, 0x9f, 0x26, 0xf7, 0x0, 0x0,
    0x0, 0x0, 0x0, 0xc, 0xf1, 0x2f, 0xb0, 0x0,
    0x0, 0x0, 0x0, 0x1, 0xfd, 0x0, 0xbf, 0x40,
    0x0, 0x0, 0x0, 0x0, 0x9f, 0x70, 0x2, 0xfe,
    0x10, 0x0, 0x0, 0x0, 0x5f, 0xe0, 0x0, 0x6,
    0xff, 0x60, 0x0, 0x1, 0xaf, 0xf3, 0x0, 0x0,
    0x4, 0xef, 0xfc, 0xad, 0xff, 0xe3, 0x0, 0x0,
    0x0, 0x1, 0x9e, 0xff, 0xfd, 0x70, 0x0, 0x0,
    0x0, 0x0, 0x0, 0x1, 0x20, 0x0, 0x0, 0x0,
    0x0,

    /* U+E8B6 "" */
    0x0, 0x0, 0x14, 0x53, 0x0, 0x0, 0x0, 0x0,
    0x0, 0x7, 0xff, 0xff, 0xe4, 0x0, 0x0, 0x0,
    0x0, 0xcf, 0xd8, 0x7a, 0xff, 0x70, 0x0, 0x0,
    0x7, 0xfa, 0x0, 0x0, 0x2e, 0xf3, 0x0, 0x0,
    0x1f, 0xd0, 0x0, 0x0, 0x4, 0xf9, 0x0, 0x0,
    0x4f, 0x80, 0x0, 0x0, 0x0, 0xee, 0x0, 0x0,
    0x5f, 0x70, 0x0, 0x0, 0x0, 0xcf, 0x0, 0x0,
    0x3f, 0xa0, 0x0, 0x0, 0x0, 0xfd, 0x0, 0x0,
    0xe, 0xf2, 0x0, 0x0, 0x7, 0xf7, 0x0, 0x0,
    0x4, 0xfd, 0x40, 0x0, 0x7f, 0xe0, 0x0, 0x0,
    0x0, 0x7f, 0xfe, 0xcf, 0xfe, 0xda, 0x0, 0x0,
    0x0, 0x3, 0x9e, 0xfd, 0x70, 0xaf, 0xc0, 0x0,
    0x0, 0x0, 0x0, 0x0, 0x0, 0xc, 0xfb, 0x0,
    0x0, 0x0, 0x0, 0x0, 0x0, 0x0, 0xcf, 0xb0,
    0x0, 0x0, 0x0, 0x0, 0x0, 0x0, 0xc, 0xf6,
    0x0, 0x0, 0x0, 0x0, 0x0, 0x0, 0x0, 0x61,

    /* U+EBD6 "" */
    0x0, 0x0, 0x0, 0x4, 0x78, 0x98, 0x64, 0x0,
    0x0, 0x0, 0x0, 0x0, 0x4, 0xbf, 0xff, 0xff,
    0xff, 0xff, 0xb4, 0x0, 0x0, 0x0, 0x3c, 0xff,
    0xc8, 0x53, 0x23, 0x58, 0xcf, 0xfc, 0x30, 0x0,
    0x7f, 0xfa, 0x20, 0x0, 0x0, 0x0, 0x0, 0x3a,
    0xff, 0x60, 0x7f, 0xd3, 0x0, 0x0, 0x0, 0x0,
    0x0, 0x0, 0x4, 0xef, 0x64, 0xfe, 0x20, 0x0,
    0x0, 0x0, 0x0, 0x0, 0x0, 0x3f, 0xf3, 0x5,
    0xfe, 0x20, 0x0, 0x0, 0x0, 0x0, 0x0, 0x3f,
    0xf4, 0x0, 0x5, 0xfe, 0x20, 0x3, 0x57, 0x53,
    0x0, 0x3f, 0xf4, 0x0, 0x0, 0x5, 0xfe, 0x7d,
    0xff, 0xff, 0xfd, 0x7f, 0xf4, 0x0, 0x0, 0x0,
    0x5, 0xff, 0xff, 0xff, 0xff, 0xff, 0xf4, 0x0,
    0x0, 0x0, 0x0, 0x5, 0xff, 0xff, 0xff, 0xff,
    0xf4, 0x0, 0x0, 0x0, 0x0, 0x0, 0x6, 0xff,
    0xff, 0xff, 0xf4, 0x0, 0x0, 0x0, 0x0, 0x0,
    0x0, 0x6, 0xff, 0xff, 0xf5, 0x0, 0x0, 0x0,
    0x0, 0x0, 0x0, 0x0, 0x6, 0xff, 0xf5, 0x0,
    0x0, 0x0, 0x0, 0x0, 0x0, 0x0, 0x0, 0x6,
    0xe5, 0x0, 0x0, 0x0, 0x0, 0x0, 0x0, 0x0,
    0x0, 0x0, 0x0, 0x0, 0x0, 0x0, 0x0, 0x0,

    /* U+EBE1 "" */
    0x0, 0x0, 0x0, 0x4, 0x78, 0x98, 0x64, 0x0,
    0x0, 0x0, 0x0, 0x0, 0x4, 0xbf, 0xff, 0xff,
    0xff, 0xff, 0xb4, 0x0, 0x0, 0x0, 0x3c, 0xff,
    0xc8, 0x53, 0x23, 0x58, 0xdf, 0xfc, 0x30, 0x0,
    0x7f, 0xf9, 0x20, 0x0, 0x0, 0x0, 0x0, 0x3a,
    0xff, 0x60, 0x7f, 0xd3, 0x0, 0x0, 0x0, 0x0,
    0x0, 0x0, 0x4, 0xef, 0x64, 0xfe, 0x20, 0x0,
    0x0, 0x13, 0x10, 0x0, 0x0, 0x3f, 0xf3, 0x5,
    0xfe, 0x20, 0x4c, 0xff, 0xff, 0xfb, 0x30, 0x3f,
    0xf4, 0x0, 0x5, 0xfe, 0xcf, 0xff, 0xff, 0xff,
    0xff, 0xcf, 0xf4, 0x0, 0x0, 0x5, 0xff, 0xff,
    0xff, 0xff, 0xff, 0xff, 0xf4, 0x0, 0x0, 0x0,
    0x5, 0xff, 0xff, 0xff, 0xff, 0xff, 0xf4, 0x0,
    0x0, 0x0, 0x0, 0x5, 0xff, 0xff, 0xff, 0xff,
    0xf4, 0x0, 0x0, 0x0, 0x0, 0x0, 0x6, 0xff,
    0xff, 0xff, 0xf4, 0x0, 0x0, 0x0, 0x0, 0x0,
    0x0, 0x6, 0xff, 0xff, 0xf5, 0x0, 0x0, 0x0,
    0x0, 0x0, 0x0, 0x0, 0x6, 0xff, 0xf5, 0x0,
    0x0, 0x0, 0x0, 0x0, 0x0, 0x0, 0x0, 0x6,
    0xe5, 0x0, 0x0, 0x0, 0x0, 0x0, 0x0, 0x0,
    0x0, 0x0, 0x0, 0x0, 0x0, 0x0, 0x0, 0x0,

    /* U+EBE4 "" */
    0x0, 0x0, 0x0, 0x4, 0x68, 0x98, 0x64, 0x0,
    0x0, 0x0, 0x0, 0x0, 0x5, 0xaf, 0xff, 0xff,
    0xff, 0xff, 0xa5, 0x0, 0x0, 0x0, 0x3c, 0xff,
    0xc8, 0x53, 0x23, 0x58, 0xcf, 0xfc, 0x30, 0x0,
    0x7f, 0xf9, 0x20, 0x0, 0x0, 0x0, 0x0, 0x29,
    0xff, 0x70, 0x9f, 0xd3, 0x0, 0x0, 0x0, 0x0,
    0x0, 0x0, 0x3, 0xdf, 0x94, 0xff, 0x40, 0x0,
    0x0, 0x0, 0x0, 0x0, 0x0, 0x4f, 0xf4, 0x4,
    0xff, 0x40, 0x0, 0x0, 0x0, 0x0, 0x0, 0x4f,
    0xf4, 0x0, 0x4, 0xff, 0x40, 0x0, 0x0, 0x0,
    0x0, 0x4f, 0xf4, 0x0, 0x0, 0x4, 0xff, 0x40,
    0x0, 0x0, 0x0, 0x4f, 0xf4, 0x0, 0x0, 0x0,
    0x4, 0xff, 0x57, 0xbc, 0xb7, 0x5f, 0xf4, 0x0,
    0x0, 0x0, 0x0, 0x4, 0xff, 0xff, 0xff, 0xff,
    0xf4, 0x0, 0x0, 0x0, 0x0, 0x0, 0x4, 0xff,
    0xff, 0xff, 0xf4, 0x0, 0x0, 0x0, 0x0, 0x0,
    0x0, 0x4, 0xff, 0xff, 0xf4, 0x0, 0x0, 0x0,
    0x0, 0x0, 0x0, 0x0, 0x4, 0xff, 0xf4, 0x0,
    0x0, 0x0, 0x0, 0x0, 0x0, 0x0, 0x0, 0x4,
    0xf4, 0x0, 0x0, 0x0, 0x0, 0x0, 0x0, 0x0,
    0x0, 0x0, 0x1, 0x0, 0x0, 0x0, 0x0, 0x0,

    /* U+EF4A "" */
    0x0, 0x0, 0x0, 0x0, 0x23, 0x20, 0x0, 0x0,
    0x0, 0x0, 0x0, 0x0, 0x3a, 0xff, 0xff, 0xfa,
    0x30, 0x0, 0x0, 0x0, 0x0, 0xaf, 0xff, 0xff,
    0xff, 0xff, 0xa0, 0x0, 0x0, 0x0, 0xcf, 0xff,
    0xff, 0xff, 0xff, 0xff, 0xc0, 0x0, 0x0, 0xaf,
    0xff, 0xff, 0xff, 0xff, 0xff, 0xff, 0xa0, 0x0,
    0x3f, 0xff, 0xff, 0xff, 0xff, 0xff, 0xff, 0xff,
    0x30, 0xa, 0xff, 0xff, 0xff, 0xff, 0xff, 0xff,
    0xff, 0xfa, 0x0, 0xff, 0xff, 0xff, 0xff, 0xff,
    0xff, 0xff, 0xff, 0xf0, 0x2f, 0xff, 0xff, 0xff,
    0xff, 0xff, 0xff, 0xff, 0xff, 0x23, 0xff, 0xff,
    0xff, 0xff, 0xff, 0xff, 0xff, 0xff, 0xf3, 0x2f,
    0xff, 0xff, 0xff, 0xff, 0xff, 0xff, 0xff, 0xff,
    0x20, 0xff, 0xff, 0xff, 0xff, 0xff, 0xff, 0xff,
    0xff, 0xf0, 0xa, 0xff, 0xff, 0xff, 0xff, 0xff,
    0xff, 0xff, 0xfa, 0x0, 0x3f, 0xff, 0xff, 0xff,
    0xff, 0xff, 0xff, 0xff, 0x30, 0x0, 0xaf, 0xff,
    0xff, 0xff, 0xff, 0xff, 0xff, 0xa0, 0x0, 0x0,
    0xcf, 0xff, 0xff, 0xff, 0xff, 0xff, 0xc0, 0x0,
    0x0, 0x0, 0xaf, 0xff, 0xff, 0xff, 0xff, 0xa0,
    0x0, 0x0, 0x0, 0x0, 0x3a, 0xff, 0xff, 0xfa,
    0x30, 0x0, 0x0, 0x0, 0x0, 0x0, 0x0, 0x23,
    0x20, 0x0, 0x0, 0x0, 0x0,

    /* U+F001 "" */
    0x0, 0x0, 0x0, 0x0, 0x0, 0x0, 0x0, 0x0,
    0x0, 0x1, 0x0, 0x0, 0x0, 0x0, 0x0, 0x0,
    0x0, 0x0, 0x0, 0x38, 0xdf, 0xc0, 0x0, 0x0,
    0x0, 0x0, 0x0, 0x0, 0x15, 0xae, 0xff, 0xff,
    0xf0, 0x0, 0x0, 0x0, 0x0, 0x2, 0x7c, 0xff,
    0xff, 0xff, 0xff, 0xf0, 0x0, 0x0, 0x0, 0x49,
    0xef, 0xff, 0xff, 0xff, 0xff, 0xff, 0xf0, 0x0,
    0x0, 0x8, 0xff, 0xff, 0xff, 0xff, 0xff, 0xff,
    0xff, 0xf0, 0x0, 0x0, 0xb, 0xff, 0xff, 0xff,
    0xff, 0xff, 0xfd, 0xdf, 0xf0, 0x0, 0x0, 0xb,
    0xff, 0xff, 0xff, 0xff, 0xb6, 0x10, 0x9f, 0xf0,
    0x0, 0x0, 0xb, 0xff, 0xff, 0xd9, 0x40, 0x0,
    0x0, 0x9f, 0xf0, 0x0, 0x0, 0xb, 0xff, 0x72,
    0x0, 0x0, 0x0, 0x0, 0x9f, 0xf0, 0x0, 0x0,
    0xb, 0xfe, 0x0, 0x0, 0x0, 0x0, 0x0, 0x9f,
    0xf0, 0x0, 0x0, 0xb, 0xfe, 0x0, 0x0, 0x0,
    0x0, 0x0, 0x9f, 0xf0, 0x0, 0x0, 0xb, 0xfe,
    0x0, 0x0, 0x0, 0x0, 0x0, 0x9f, 0xf0, 0x0,
    0x0, 0xb, 0xfe, 0x0, 0x0, 0x0, 0x0, 0x0,
    0x9f, 0xf0, 0x0, 0x0, 0xb, 0xfe, 0x0, 0x0,
    0x0, 0x5c, 0xff, 0xff, 0xf0, 0x0, 0x0, 0xb,
    0xfe, 0x0, 0x0, 0x7, 0xff, 0xff, 0xff, 0xf0,
    0x0, 0x25, 0x5c, 0xfe, 0x0, 0x0, 0xc, 0xff,
    0xff, 0xff, 0xf0, 0x2c, 0xff, 0xff, 0xfe, 0x0,
    0x0, 0x9, 0xff, 0xff, 0xff, 0xc0, 0xcf, 0xff,
    0xff, 0xfe, 0x0, 0x0, 0x0, 0x8f, 0xff, 0xfa,
    0x10, 0xef, 0xff, 0xff, 0xfd, 0x0, 0x0, 0x0,
    0x0, 0x22, 0x0, 0x0, 0x6f, 0xff, 0xff, 0xf6,
    0x0, 0x0, 0x0, 0x0, 0x0, 0x0, 0x0, 0x3,
    0xac, 0xc9, 0x30, 0x0, 0x0, 0x0, 0x0, 0x0,
    0x0, 0x0,

    /* U+F008 "" */
    0x83, 0x0, 0xcc, 0xcc, 0xcc, 0xcc, 0xcc, 0xcc,
    0xc0, 0x3, 0x8f, 0xa7, 0x8f, 0xff, 0xff, 0xff,
    0xff, 0xff, 0xff, 0x87, 0xaf, 0xff, 0xee, 0xff,
    0x33, 0x33, 0x33, 0x33, 0x3f, 0xfe, 0xef, 0xff,
    0x50, 0x1f, 0xe0, 0x0, 0x0, 0x0, 0x0, 0xef,
    0x10, 0x5f, 0xf5, 0x1, 0xfe, 0x0, 0x0, 0x0,
    0x0, 0xe, 0xf1, 0x5, 0xff, 0xb8, 0x9f, 0xe0,
    0x0, 0x0, 0x0, 0x0, 0xef, 0x98, 0xbf, 0xfe,
    0xdd, 0xfe, 0x0, 0x0, 0x0, 0x0, 0xe, 0xfd,
    0xde, 0xff, 0x50, 0x1f, 0xfe, 0xdd, 0xdd, 0xdd,
    0xde, 0xff, 0x10, 0x5f, 0xf5, 0x1, 0xff, 0xff,
    0xff, 0xff, 0xff, 0xff, 0xf1, 0x5, 0xff, 0xc9,
    0xaf, 0xf2, 0x11, 0x11, 0x11, 0x12, 0xff, 0xa9,
    0xcf, 0xfe, 0xcd, 0xfe, 0x0, 0x0, 0x0, 0x0,
    0xe, 0xfd, 0xce, 0xff, 0x50, 0x1f, 0xe0, 0x0,
    0x0, 0x0, 0x0, 0xef, 0x10, 0x5f, 0xf5, 0x1,
    0xfe, 0x0, 0x0, 0x0, 0x0, 0xe, 0xf1, 0x5,
    0xff, 0xca, 0xbf, 0xe0, 0x0, 0x0, 0x0, 0x0,
    0xef, 0xba, 0xcf, 0xfd, 0xbc, 0xff, 0xff, 0xff,
    0xff, 0xff, 0xff, 0xfc, 0xbd, 0xfc, 0x50, 0x1f,
    0xff, 0xff, 0xff, 0xff, 0xff, 0xff, 0x10, 0x5c,

    /* U+F00B "" */
    0x1, 0x11, 0x10, 0x0, 0x1, 0x11, 0x11, 0x11,
    0x11, 0x11, 0xd, 0xff, 0xff, 0xe0, 0x6f, 0xff,
    0xff, 0xff, 0xff, 0xff, 0xfd, 0xff, 0xff, 0xff,
    0x19, 0xff, 0xff, 0xff, 0xff, 0xff, 0xff, 0xff,
    0xff, 0xff, 0xf1, 0x9f, 0xff, 0xff, 0xff, 0xff,
    0xff, 0xff, 0xff, 0xff, 0xff, 0x19, 0xff, 0xff,
    0xff, 0xff, 0xff, 0xff, 0xfe, 0xff, 0xff, 0xf0,
    0x7f, 0xff, 0xff, 0xff, 0xff, 0xff, 0xfe, 0x13,
    0x33, 0x31, 0x0, 0x23, 0x33, 0x33, 0x33, 0x33,
    0x33, 0x12, 0x44, 0x44, 0x20, 0x4, 0x44, 0x44,
    0x44, 0x44, 0x44, 0x42, 0xef, 0xff, 0xff, 0x8,
    0xff, 0xff, 0xff, 0xff, 0xff, 0xff, 0xef, 0xff,
    0xff, 0xf1, 0x9f, 0xff, 0xff, 0xff, 0xff, 0xff,
    0xff, 0xff, 0xff, 0xff, 0x19, 0xff, 0xff, 0xff,
    0xff, 0xff, 0xff, 0xff, 0xff, 0xff, 0xf1, 0x9f,
    0xff, 0xff, 0xff, 0xff, 0xff, 0xff, 0xbf, 0xff,
    0xfc, 0x5, 0xff, 0xff, 0xff, 0xff, 0xff, 0xff,
    0xb0, 0x0, 0x0, 0x0, 0x0, 0x0, 0x0, 0x0,
    0x0, 0x0, 0x0, 0xbf, 0xff, 0xfc, 0x5, 0xef,
    0xff, 0xff, 0xff, 0xff, 0xff, 0xbf, 0xff, 0xff,
    0xf1, 0x9f, 0xff, 0xff, 0xff, 0xff, 0xff, 0xff,
    0xff, 0xff, 0xff, 0x19, 0xff, 0xff, 0xff, 0xff,
    0xff, 0xff, 0xff, 0xff, 0xff, 0xf1, 0x9f, 0xff,
    0xff, 0xff, 0xff, 0xff, 0xff, 0xef, 0xff, 0xff,
    0x18, 0xff, 0xff, 0xff, 0xff, 0xff, 0xff, 0xe2,
    0x44, 0x44, 0x20, 0x4, 0x44, 0x44, 0x44, 0x44,
    0x44, 0x42,

    /* U+F00C "" */
    0x0, 0x0, 0x0, 0x0, 0x0, 0x0, 0x0, 0x0,
    0x3, 0xa2, 0x0, 0x0, 0x0, 0x0, 0x0, 0x0,
    0x0, 0x0, 0x3, 0xff, 0xe2, 0x0, 0x0, 0x0,
    0x0, 0x0, 0x0, 0x0, 0x3, 0xff, 0xff, 0xe0,
    0x0, 0x0, 0x0, 0x0, 0x0, 0x0, 0x3, 0xff,
    0xff, 0xfb, 0x0, 0x0, 0x0, 0x0, 0x0, 0x0,
    0x3, 0xff, 0xff, 0xfc, 0x0, 0x6, 0x10, 0x0,
    0x0, 0x0, 0x3, 0xff, 0xff, 0xfb, 0x0, 0xc,
    0xfd, 0x10, 0x0, 0x0, 0x3, 0xff, 0xff, 0xfb,
    0x0, 0xc, 0xff, 0xfd, 0x10, 0x0, 0x3, 0xff,
    0xff, 0xfb, 0x0, 0x0, 0xdf, 0xff, 0xfd, 0x10,
    0x3, 0xff, 0xff, 0xfb, 0x0, 0x0, 0x2, 0xef,
    0xff, 0xfd, 0x13, 0xff, 0xff, 0xfb, 0x0, 0x0,
    0x0, 0x2, 0xef, 0xff, 0xfd, 0xff, 0xff, 0xfb,
    0x0, 0x0, 0x0, 0x0, 0x2, 0xef, 0xff, 0xff,
    0xff, 0xfb, 0x0, 0x0, 0x0, 0x0, 0x0, 0x2,
    0xef, 0xff, 0xff, 0xfb, 0x0, 0x0, 0x0, 0x0,
    0x0, 0x0, 0x2, 0xef, 0xff, 0xfb, 0x0, 0x0,
    0x0, 0x0, 0x0, 0x0, 0x0, 0x1, 0xdf, 0xfb,
    0x0, 0x0, 0x0, 0x0, 0x0, 0x0, 0x0, 0x0,
    0x1, 0xda, 0x0, 0x0, 0x0, 0x0, 0x0, 0x0,

    /* U+F00D "" */
    0x0, 0x0, 0x0, 0x0, 0x0, 0x0, 0x0, 0x1,
    0xdf, 0x50, 0x0, 0x0, 0x1, 0xcf, 0x60, 0xcf,
    0xff, 0x50, 0x0, 0x1, 0xdf, 0xff, 0x3e, 0xff,
    0xff, 0x50, 0x1, 0xdf, 0xff, 0xf5, 0x3e, 0xff,
    0xff, 0x51, 0xdf, 0xff, 0xf9, 0x0, 0x3f, 0xff,
    0xff, 0xdf, 0xff, 0xf9, 0x0, 0x0, 0x3f, 0xff,
    0xff, 0xff, 0xf9, 0x0, 0x0, 0x0, 0x3f, 0xff,
    0xff, 0xf9, 0x0, 0x0, 0x0, 0x1, 0xdf, 0xff,
    0xff, 0x50, 0x0, 0x0, 0x1, 0xdf, 0xff, 0xff,
    0xff, 0x50, 0x0, 0x1, 0xdf, 0xff, 0xff, 0xff,
    0xff, 0x50, 0x1, 0xdf, 0xff, 0xf9, 0x3f, 0xff,
    0xff, 0x50, 0xcf, 0xff, 0xf9, 0x0, 0x3f, 0xff,
    0xff, 0x3e, 0xff, 0xf9, 0x0, 0x0, 0x3f, 0xff,
    0xf5, 0x3f, 0xf9, 0x0, 0x0, 0x0, 0x3e, 0xfa,
    0x0, 0x24, 0x0, 0x0, 0x0, 0x0, 0x14, 0x0,

    /* U+F011 "" */
    0x0, 0x0, 0x0, 0x0, 0x1, 0x20, 0x0, 0x0,
    0x0, 0x0, 0x0, 0x0, 0x0, 0x0, 0x2, 0xff,
    0xe0, 0x0, 0x0, 0x0, 0x0, 0x0, 0x0, 0x22,
    0x0, 0x3f, 0xff, 0x0, 0x3, 0x10, 0x0, 0x0,
    0x0, 0x5f, 0xf2, 0x3, 0xff, 0xf0, 0x4, 0xfe,
    0x20, 0x0, 0x0, 0x4f, 0xff, 0x90, 0x3f, 0xff,
    0x0, 0xcf, 0xfe, 0x20, 0x0, 0x1f, 0xff, 0xf5,
    0x3, 0xff, 0xf0, 0x8, 0xff, 0xfc, 0x0, 0xa,
    0xff, 0xf5, 0x0, 0x3f, 0xff, 0x0, 0x8, 0xff,
    0xf6, 0x1, 0xff, 0xf9, 0x0, 0x3, 0xff, 0xf0,
    0x0, 0xc, 0xff, 0xe0, 0x6f, 0xff, 0x10, 0x0,
    0x3f, 0xff, 0x0, 0x0, 0x4f, 0xff, 0x39, 0xff,
    0xb0, 0x0, 0x3, 0xff, 0xf0, 0x0, 0x0, 0xef,
    0xf6, 0xbf, 0xf9, 0x0, 0x0, 0x3f, 0xff, 0x0,
    0x0, 0xc, 0xff, 0x8b, 0xff, 0x80, 0x0, 0x3,
    0xff, 0xf0, 0x0, 0x0, 0xbf, 0xf8, 0xaf, 0xfa,
    0x0, 0x0, 0x9, 0xa7, 0x0, 0x0, 0xd, 0xff,
    0x77, 0xff, 0xe0, 0x0, 0x0, 0x0, 0x0, 0x0,
    0x2, 0xff, 0xf4, 0x2f, 0xff, 0x60, 0x0, 0x0,
    0x0, 0x0, 0x0, 0x9f, 0xff, 0x0, 0xcf, 0xff,
    0x20, 0x0, 0x0, 0x0, 0x0, 0x4f, 0xff, 0x90,
    0x3, 0xff, 0xfe, 0x30, 0x0, 0x0, 0x0, 0x5f,
    0xff, 0xf1, 0x0, 0x6, 0xff, 0xff, 0xa4, 0x10,
    0x15, 0xbf, 0xff, 0xf4, 0x0, 0x0, 0x8, 0xff,
    0xff, 0xff, 0xff, 0xff, 0xff, 0xf6, 0x0, 0x0,
    0x0, 0x5, 0xff, 0xff, 0xff, 0xff, 0xff, 0xe4,
    0x0, 0x0, 0x0, 0x0, 0x1, 0x8d, 0xff, 0xff,
    0xfc, 0x70, 0x0, 0x0, 0x0, 0x0, 0x0, 0x0,
    0x1, 0x34, 0x31, 0x0, 0x0, 0x0, 0x0,

    /* U+F013 "" */
    0x0, 0x0, 0x0, 0x0, 0x0, 0x0, 0x0, 0x0,
    0x0, 0x0, 0x0, 0x0, 0x0, 0x0, 0x1c, 0xef,
    0xec, 0x10, 0x0, 0x0, 0x0, 0x0, 0x0, 0x0,
    0x2, 0xff, 0xff, 0xf2, 0x0, 0x0, 0x0, 0x0,
    0x0, 0x0, 0x0, 0x3f, 0xff, 0xff, 0x30, 0x0,
    0x0, 0x0, 0x0, 0x3d, 0x51, 0xaf, 0xff, 0xff,
    0xff, 0xa1, 0x6d, 0x30, 0x0, 0xd, 0xff, 0xff,
    0xff, 0xff, 0xff, 0xff, 0xff, 0xfd, 0x0, 0x8,
    0xff, 0xff, 0xff, 0xff, 0xff, 0xff, 0xff, 0xff,
    0xf8, 0x0, 0xef, 0xff, 0xff, 0xff, 0xfe, 0xff,
    0xff, 0xff, 0xff, 0xe0, 0x1e, 0xff, 0xff, 0xff,
    0x90, 0x0, 0x9f, 0xff, 0xff, 0xfe, 0x10, 0x9,
    0xff, 0xff, 0xb0, 0x0, 0x0, 0xbf, 0xff, 0xf9,
    0x0, 0x0, 0x5f, 0xff, 0xf5, 0x0, 0x0, 0x5,
    0xff, 0xff, 0x50, 0x0, 0x5, 0xff, 0xff, 0x40,
    0x0, 0x0, 0x4f, 0xff, 0xf5, 0x0, 0x0, 0x6f,
    0xff, 0xf9, 0x0, 0x0, 0x9, 0xff, 0xff, 0x60,
    0x0, 0xbf, 0xff, 0xff, 0xf5, 0x0, 0x5, 0xff,
    0xff, 0xff, 0xb1, 0x1f, 0xff, 0xff, 0xff, 0xfc,
    0xac, 0xff, 0xff, 0xff, 0xff, 0x10, 0x9f, 0xff,
    0xff, 0xff, 0xff, 0xff, 0xff, 0xff, 0xff, 0x90,
    0x2, 0xff, 0xff, 0xff, 0xff, 0xff, 0xff, 0xff,
    0xff, 0xf2, 0x0, 0x5, 0xfa, 0x4d, 0xff, 0xff,
    0xff, 0xfd, 0x49, 0xf5, 0x0, 0x0, 0x1, 0x0,
    0x6, 0xff, 0xff, 0xf6, 0x0, 0x1, 0x0, 0x0,
    0x0, 0x0, 0x0, 0x2f, 0xff, 0xff, 0x20, 0x0,
    0x0, 0x0, 0x0, 0x0, 0x0, 0x1, 0xff, 0xff,
    0xf1, 0x0, 0x0, 0x0, 0x0, 0x0, 0x0, 0x0,
    0x1, 0x24, 0x31, 0x0, 0x0, 0x0, 0x0,

    /* U+F015 "" */
    0x0, 0x0, 0x0, 0x0, 0x0, 0x0, 0x0, 0x0,
    0x0, 0x10, 0x0, 0x0, 0x0, 0x0, 0x0, 0x0,
    0x0, 0x8f, 0xe4, 0x0, 0x3f, 0xff, 0x0, 0x0,
    0x0, 0x0, 0x0, 0x0, 0x1b, 0xff, 0xff, 0x60,
    0x4f, 0xff, 0x0, 0x0, 0x0, 0x0, 0x0, 0x2,
    0xdf, 0xff, 0xff, 0xf9, 0x4f, 0xff, 0x0, 0x0,
    0x0, 0x0, 0x0, 0x4f, 0xff, 0xc1, 0x5f, 0xff,
    0xef, 0xff, 0x0, 0x0, 0x0, 0x0, 0x7, 0xff,
    0xfa, 0x3, 0x12, 0xef, 0xff, 0xff, 0x0, 0x0,
    0x0, 0x0, 0xaf, 0xff, 0x70, 0x7f, 0xe3, 0x1c,
    0xff, 0xff, 0x0, 0x0, 0x0, 0x1c, 0xff, 0xf4,
    0xa, 0xff, 0xff, 0x50, 0x9f, 0xff, 0x70, 0x0,
    0x3, 0xef, 0xfd, 0x21, 0xcf, 0xff, 0xff, 0xf8,
    0x7, 0xff, 0xfa, 0x0, 0x5f, 0xff, 0xc1, 0x3e,
    0xff, 0xff, 0xff, 0xff, 0xb0, 0x4e, 0xff, 0xd2,
    0xdf, 0xf9, 0x5, 0xff, 0xff, 0xff, 0xff, 0xff,
    0xfd, 0x22, 0xdf, 0xf7, 0x3f, 0x60, 0x8f, 0xff,
    0xff, 0xff, 0xff, 0xff, 0xff, 0xe3, 0x1b, 0xc0,
    0x0, 0x1, 0xff, 0xff, 0xff, 0xff, 0xff, 0xff,
    0xff, 0xfb, 0x0, 0x0, 0x0, 0x1, 0xff, 0xff,
    0xff, 0xff, 0xff, 0xff, 0xff, 0xfb, 0x0, 0x0,
    0x0, 0x1, 0xff, 0xff, 0xfe, 0x11, 0x15, 0xff,
    0xff, 0xfb, 0x0, 0x0, 0x0, 0x1, 0xff, 0xff,
    0xfd, 0x0, 0x3, 0xff, 0xff, 0xfb, 0x0, 0x0,
    0x0, 0x1, 0xff, 0xff, 0xfd, 0x0, 0x3, 0xff,
    0xff, 0xfb, 0x0, 0x0, 0x0, 0x1, 0xff, 0xff,
    0xfd, 0x0, 0x3, 0xff, 0xff, 0xfb, 0x0, 0x0,
    0x0, 0x0, 0xff, 0xff, 0xfd, 0x0, 0x3, 0xff,
    0xff, 0xfa, 0x0, 0x0, 0x0, 0x0, 0x35, 0x55,
    0x52, 0x0, 0x0, 0x45, 0x55, 0x51, 0x0, 0x0,

    /* U+F019 "" */
    0x0, 0x0, 0x0, 0x0, 0x46, 0x66, 0x40, 0x0,
    0x0, 0x0, 0x0, 0x0, 0x0, 0x0, 0x1f, 0xff,
    0xff, 0x10, 0x0, 0x0, 0x0, 0x0, 0x0, 0x0,
    0x2, 0xff, 0xff, 0xf2, 0x0, 0x0, 0x0, 0x0,
    0x0, 0x0, 0x0, 0x2f, 0xff, 0xff, 0x20, 0x0,
    0x0, 0x0, 0x0, 0x0, 0x0, 0x2, 0xff, 0xff,
    0xf2, 0x0, 0x0, 0x0, 0x0, 0x0, 0x0, 0x0,
    0x2f, 0xff, 0xff, 0x20, 0x0, 0x0, 0x0, 0x0,
    0x0, 0x0, 0x2, 0xff, 0xff, 0xf2, 0x0, 0x0,
    0x0, 0x0, 0x0, 0x0, 0x0, 0x2f, 0xff, 0xff,
    0x20, 0x0, 0x0, 0x0, 0x0, 0x2, 0x88, 0x89,
    0xff, 0xff, 0xf9, 0x88, 0x82, 0x0, 0x0, 0x0,
    0x7f, 0xff, 0xff, 0xff, 0xff, 0xff, 0xff, 0x70,
    0x0, 0x0, 0x0, 0xbf, 0xff, 0xff, 0xff, 0xff,
    0xff, 0xb0, 0x0, 0x0, 0x0, 0x0, 0xbf, 0xff,
    0xff, 0xff, 0xff, 0xb0, 0x0, 0x0, 0x0, 0x0,
    0x0, 0xbf, 0xff, 0xff, 0xff, 0xb0, 0x0, 0x0,
    0x0, 0x0, 0x0, 0x0, 0xbf, 0xff, 0xff, 0xb0,
    0x0, 0x0, 0x0, 0x0, 0x0, 0x0, 0x0, 0xbf,
    0xff, 0xb0, 0x0, 0x0, 0x0, 0xb, 0xff, 0xff,
    0xff, 0x60, 0xbf, 0xb0, 0x6f, 0xff, 0xff, 0xfb,
    0xff, 0xff, 0xff, 0xff, 0x50, 0x50, 0x5f, 0xff,
    0xff, 0xff, 0xff, 0xff, 0xff, 0xff, 0xff, 0x72,
    0x7f, 0xff, 0xff, 0xff, 0xff, 0xff, 0xff, 0xff,
    0xff, 0xff, 0xff, 0xff, 0xfe, 0xfe, 0xff, 0xff,
    0xff, 0xff, 0xff, 0xff, 0xff, 0xff, 0xf6, 0x3f,
    0x9, 0xff, 0xff, 0xff, 0xff, 0xff, 0xff, 0xff,
    0xff, 0xb9, 0xf7, 0xdf, 0xf9, 0xdd, 0xdd, 0xdd,
    0xdd, 0xdd, 0xdd, 0xdd, 0xdd, 0xdd, 0xd9,

    /* U+F01C "" */
    0x0, 0x0, 0x6, 0xaa, 0xaa, 0xaa, 0xaa, 0xaa,
    0xaa, 0x30, 0x0, 0x0, 0x0, 0x0, 0x8f, 0xff,
    0xff, 0xff, 0xff, 0xff, 0xff, 0xf2, 0x0, 0x0,
    0x0, 0x3, 0xff, 0xff, 0xff, 0xff, 0xff, 0xff,
    0xff, 0xfc, 0x0, 0x0, 0x0, 0xd, 0xff, 0x40,
    0x0, 0x0, 0x0, 0x0, 0xa, 0xff, 0x80, 0x0,
    0x0, 0x8f, 0xf9, 0x0, 0x0, 0x0, 0x0, 0x0,
    0x1, 0xef, 0xf3, 0x0, 0x3, 0xff, 0xd0, 0x0,
    0x0, 0x0, 0x0, 0x0, 0x0, 0x4f, 0xfd, 0x0,
    0xd, 0xff, 0x40, 0x0, 0x0, 0x0, 0x0, 0x0,
    0x0, 0xa, 0xff, 0x80, 0x8f, 0xf9, 0x0, 0x0,
    0x0, 0x0, 0x0, 0x0, 0x0, 0x1, 0xef, 0xf3,
    0xff, 0xfe, 0xee, 0xee, 0x50, 0x0, 0x0, 0xb,
    0xee, 0xee, 0xff, 0xf9, 0xff, 0xff, 0xff, 0xff,
    0xd0, 0x0, 0x0, 0x4f, 0xff, 0xff, 0xff, 0xfa,
    0xff, 0xff, 0xff, 0xff, 0xf7, 0x44, 0x44, 0xcf,
    0xff, 0xff, 0xff, 0xfa, 0xff, 0xff, 0xff, 0xff,
    0xff, 0xff, 0xff, 0xff, 0xff, 0xff, 0xff, 0xfa,
    0xff, 0xff, 0xff, 0xff, 0xff, 0xff, 0xff, 0xff,
    0xff, 0xff, 0xff, 0xfa, 0xff, 0xff, 0xff, 0xff,
    0xff, 0xff, 0xff, 0xff, 0xff, 0xff, 0xff, 0xfa,
    0xef, 0xff, 0xff, 0xff, 0xff, 0xff, 0xff, 0xff,
    0xff, 0xff, 0xff, 0xf8, 0x4e, 0xff, 0xff, 0xff,
    0xff, 0xff, 0xff, 0xff, 0xff, 0xff, 0xff, 0xc1,

    /* U+F021 "" */
    0x0, 0x0, 0x0, 0x0, 0x0, 0x0, 0x0, 0x0,
    0x0, 0x46, 0x50, 0x0, 0x0, 0x3, 0x9d, 0xff,
    0xfc, 0x71, 0x0, 0xe, 0xff, 0x0, 0x0, 0x1b,
    0xff, 0xff, 0xff, 0xff, 0xf9, 0x10, 0xdf, 0xf0,
    0x0, 0x3e, 0xff, 0xff, 0xfe, 0xff, 0xff, 0xfe,
    0x3c, 0xff, 0x0, 0x3f, 0xff, 0xfa, 0x30, 0x0,
    0x4b, 0xff, 0xff, 0xef, 0xf0, 0x1e, 0xff, 0xe3,
    0x0, 0x0, 0x0, 0x4, 0xef, 0xff, 0xff, 0x8,
    0xff, 0xe2, 0x0, 0x0, 0x0, 0x10, 0x2, 0xef,
    0xff, 0xf0, 0xff, 0xf4, 0x0, 0x0, 0x0, 0x2f,
    0xff, 0xff, 0xff, 0xff, 0x4f, 0xfc, 0x0, 0x0,
    0x0, 0x3, 0xff, 0xff, 0xff, 0xff, 0xf5, 0xdd,
    0x50, 0x0, 0x0, 0x0, 0x1c, 0xdd, 0xdd, 0xdd,
    0xdb, 0x0, 0x0, 0x0, 0x0, 0x0, 0x0, 0x0,
    0x0, 0x0, 0x0, 0x0, 0x0, 0x0, 0x0, 0x0,
    0x0, 0x0, 0x0, 0x0, 0x0, 0x0, 0xbc, 0xcc,
    0xcc, 0xcc, 0xc1, 0x0, 0x0, 0x0, 0x5, 0xcc,
    0x4f, 0xff, 0xff, 0xff, 0xff, 0x30, 0x0, 0x0,
    0x0, 0xcf, 0xf4, 0xff, 0xff, 0xff, 0xff, 0xf2,
    0x0, 0x0, 0x0, 0x4f, 0xff, 0xf, 0xff, 0xfe,
    0x10, 0x11, 0x0, 0x0, 0x0, 0x1e, 0xff, 0x80,
    0xff, 0xff, 0xfd, 0x30, 0x0, 0x0, 0x0, 0x3e,
    0xff, 0xe1, 0xf, 0xfe, 0xff, 0xff, 0x93, 0x0,
    0x2, 0x9f, 0xff, 0xf4, 0x0, 0xff, 0xc4, 0xff,
    0xff, 0xff, 0xde, 0xff, 0xff, 0xf4, 0x0, 0xf,
    0xfd, 0x1, 0xaf, 0xff, 0xff, 0xff, 0xff, 0xc2,
    0x0, 0x0, 0xff, 0xe0, 0x0, 0x39, 0xef, 0xff,
    0xea, 0x40, 0x0, 0x0, 0x5, 0x64, 0x0, 0x0,
    0x0, 0x11, 0x0, 0x0, 0x0, 0x0, 0x0,

    /* U+F026 "" */
    0x0, 0x0, 0x0, 0x0, 0x3b, 0x20, 0x0, 0x0,
    0x0, 0x3f, 0xf7, 0x0, 0x0, 0x0, 0x3f, 0xff,
    0x80, 0x0, 0x0, 0x3f, 0xff, 0xf8, 0x9d, 0xdd,
    0xdf, 0xff, 0xff, 0x8f, 0xff, 0xff, 0xff, 0xff,
    0xf8, 0xff, 0xff, 0xff, 0xff, 0xff, 0x8f, 0xff,
    0xff, 0xff, 0xff, 0xf8, 0xff, 0xff, 0xff, 0xff,
    0xff, 0x8f, 0xff, 0xff, 0xff, 0xff, 0xf8, 0xff,
    0xff, 0xff, 0xff, 0xff, 0x8d, 0xff, 0xff, 0xff,
    0xff, 0xf8, 0x0, 0x0, 0x6, 0xff, 0xff, 0x80,
    0x0, 0x0, 0x6, 0xff, 0xf8, 0x0, 0x0, 0x0,
    0x6, 0xff, 0x80, 0x0, 0x0, 0x0, 0x6, 0xe4,
    0x0, 0x0, 0x0, 0x0, 0x0, 0x0,

    /* U+F027 "" */
    0x0, 0x0, 0x0, 0x0, 0x3b, 0x20, 0x0, 0x0,
    0x0, 0x0, 0x0, 0x3, 0xff, 0x70, 0x0, 0x0,
    0x0, 0x0, 0x0, 0x3f, 0xff, 0x80, 0x0, 0x0,
    0x0, 0x0, 0x3, 0xff, 0xff, 0x80, 0x0, 0x0,
    0x9d, 0xdd, 0xdf, 0xff, 0xff, 0x80, 0x1, 0x0,
    0xff, 0xff, 0xff, 0xff, 0xff, 0x80, 0x6f, 0x70,
    0xff, 0xff, 0xff, 0xff, 0xff, 0x80, 0x4f, 0xf4,
    0xff, 0xff, 0xff, 0xff, 0xff, 0x80, 0x7, 0xfa,
    0xff, 0xff, 0xff, 0xff, 0xff, 0x80, 0x4, 0xfb,
    0xff, 0xff, 0xff, 0xff, 0xff, 0x80, 0x1d, 0xf7,
    0xff, 0xff, 0xff, 0xff, 0xff, 0x80, 0x8f, 0xc0,
    0xdf, 0xff, 0xff, 0xff, 0xff, 0x80, 0x6, 0x0,
    0x0, 0x0, 0x6, 0xff, 0xff, 0x80, 0x0, 0x0,
    0x0, 0x0, 0x0, 0x6f, 0xff, 0x80, 0x0, 0x0,
    0x0, 0x0, 0x0, 0x6, 0xff, 0x80, 0x0, 0x0,
    0x0, 0x0, 0x0, 0x0, 0x6e, 0x40, 0x0, 0x0,
    0x0, 0x0, 0x0, 0x0, 0x0, 0x0, 0x0, 0x0,

    /* U+F028 "" */
    0x0, 0x0, 0x0, 0x0, 0x0, 0x0, 0x0, 0x0,
    0x7, 0x80, 0x0, 0x0, 0x0, 0x0, 0x0, 0x0,
    0x0, 0x0, 0x0, 0x0, 0xf, 0xfc, 0x10, 0x0,
    0x0, 0x0, 0x0, 0x0, 0x3b, 0x20, 0x0, 0x0,
    0x3, 0xef, 0xc0, 0x0, 0x0, 0x0, 0x0, 0x3,
    0xff, 0x70, 0x0, 0x5, 0x10, 0x1d, 0xf9, 0x0,
    0x0, 0x0, 0x0, 0x3f, 0xff, 0x80, 0x0, 0x3f,
    0xe4, 0x3, 0xff, 0x30, 0x0, 0x0, 0x3, 0xff,
    0xff, 0x80, 0x0, 0xa, 0xff, 0x20, 0x7f, 0xb0,
    0x9d, 0xdd, 0xdf, 0xff, 0xff, 0x80, 0x1, 0x0,
    0x9f, 0xc0, 0xe, 0xf2, 0xff, 0xff, 0xff, 0xff,
    0xff, 0x80, 0x7f, 0x80, 0xd, 0xf3, 0x9, 0xf6,
    0xff, 0xff, 0xff, 0xff, 0xff, 0x80, 0x4f, 0xf4,
    0x7, 0xf8, 0x6, 0xf9, 0xff, 0xff, 0xff, 0xff,
    0xff, 0x80, 0x6, 0xfa, 0x4, 0xfa, 0x4, 0xfb,
    0xff, 0xff, 0xff, 0xff, 0xff, 0x80, 0x5, 0xfb,
    0x4, 0xfa, 0x4, 0xfb, 0xff, 0xff, 0xff, 0xff,
    0xff, 0x80, 0x2d, 0xf6, 0x6, 0xf9, 0x5, 0xfa,
    0xff, 0xff, 0xff, 0xff, 0xff, 0x80, 0x8f, 0xc0,
    0xc, 0xf5, 0x9, 0xf7, 0xdf, 0xff, 0xff, 0xff,
    0xff, 0x80, 0x5, 0x0, 0x6f, 0xe0, 0xd, 0xf3,
    0x0, 0x0, 0x6, 0xff, 0xff, 0x80, 0x0, 0x6,
    0xff, 0x40, 0x5f, 0xd0, 0x0, 0x0, 0x0, 0x6f,
    0xff, 0x80, 0x0, 0x3f, 0xf7, 0x0, 0xef, 0x60,
    0x0, 0x0, 0x0, 0x6, 0xff, 0x80, 0x0, 0x9,
    0x40, 0xb, 0xfc, 0x0, 0x0, 0x0, 0x0, 0x0,
    0x6e, 0x40, 0x0, 0x0, 0x0, 0xaf, 0xe2, 0x0,
    0x0, 0x0, 0x0, 0x0, 0x0, 0x0, 0x0, 0x0,
    0xd, 0xfe, 0x30, 0x0, 0x0, 0x0, 0x0, 0x0,
    0x0, 0x0, 0x0, 0x0, 0xc, 0xc2, 0x0, 0x0,
    0x0, 0x0, 0x0, 0x0, 0x0, 0x0, 0x0, 0x0,
    0x0, 0x0, 0x0, 0x0,

    /* U+F03E "" */
    0x4d, 0xff, 0xff, 0xff, 0xff, 0xff, 0xff, 0xff,
    0xff, 0xfd, 0x4e, 0xff, 0xff, 0xff, 0xff, 0xff,
    0xff, 0xff, 0xff, 0xff, 0xfe, 0xff, 0xfb, 0x69,
    0xff, 0xff, 0xff, 0xff, 0xff, 0xff, 0xff, 0xff,
    0xfb, 0x0, 0x8, 0xff, 0xff, 0xff, 0xff, 0xff,
    0xff, 0xff, 0xff, 0x50, 0x0, 0x2f, 0xff, 0xff,
    0xff, 0xff, 0xff, 0xff, 0xff, 0xf7, 0x0, 0x4,
    0xff, 0xff, 0xff, 0xb2, 0xdf, 0xff, 0xff, 0xff,
    0xe3, 0x1, 0xdf, 0xff, 0xff, 0xb0, 0x1, 0xdf,
    0xff, 0xff, 0xff, 0xfe, 0xff, 0xff, 0xff, 0xb0,
    0x0, 0x1, 0xdf, 0xff, 0xff, 0xff, 0xf9, 0xbf,
    0xff, 0xb0, 0x0, 0x0, 0x1, 0xdf, 0xff, 0xff,
    0xf8, 0x0, 0xbf, 0xb0, 0x0, 0x0, 0x0, 0xa,
    0xff, 0xff, 0xf8, 0x0, 0x0, 0x80, 0x0, 0x0,
    0x0, 0x0, 0xaf, 0xff, 0xfb, 0x0, 0x0, 0x0,
    0x0, 0x0, 0x0, 0x0, 0xa, 0xff, 0xff, 0xa0,
    0x0, 0x0, 0x0, 0x0, 0x0, 0x0, 0x0, 0xaf,
    0xff, 0xfd, 0xaa, 0xaa, 0xaa, 0xaa, 0xaa, 0xaa,
    0xaa, 0xad, 0xff, 0xef, 0xff, 0xff, 0xff, 0xff,
    0xff, 0xff, 0xff, 0xff, 0xff, 0xe4, 0xef, 0xff,
    0xff, 0xff, 0xff, 0xff, 0xff, 0xff, 0xff, 0xe4,

    /* U+F043 "" */
    0x0, 0x0, 0x0, 0x1, 0x0, 0x0, 0x0, 0x0,
    0x0, 0x0, 0xd, 0xf4, 0x0, 0x0, 0x0, 0x0,
    0x0, 0x4, 0xff, 0xb0, 0x0, 0x0, 0x0, 0x0,
    0x0, 0xaf, 0xff, 0x10, 0x0, 0x0, 0x0, 0x0,
    0x2f, 0xff, 0xf8, 0x0, 0x0, 0x0, 0x0, 0x9,
    0xff, 0xff, 0xf1, 0x0, 0x0, 0x0, 0x3, 0xff,
    0xff, 0xff, 0xa0, 0x0, 0x0, 0x0, 0xcf, 0xff,
    0xff, 0xff, 0x40, 0x0, 0x0, 0x8f, 0xff, 0xff,
    0xff, 0xfe, 0x10, 0x0, 0x3f, 0xff, 0xff, 0xff,
    0xff, 0xfb, 0x0, 0xd, 0xff, 0xff, 0xff, 0xff,
    0xff, 0xf4, 0x5, 0xff, 0xff, 0xff, 0xff, 0xff,
    0xff, 0xc0, 0xbf, 0xff, 0xff, 0xff, 0xff, 0xff,
    0xff, 0x2e, 0xff, 0xff, 0xff, 0xff, 0xff, 0xff,
    0xf5, 0xff, 0xb2, 0xff, 0xff, 0xff, 0xff, 0xff,
    0x6e, 0xfb, 0xe, 0xff, 0xff, 0xff, 0xff, 0xf5,
    0xaf, 0xf1, 0x6f, 0xff, 0xff, 0xff, 0xff, 0x14,
    0xff, 0xc0, 0x5b, 0xff, 0xff, 0xff, 0xb0, 0xb,
    0xff, 0xd5, 0x14, 0xff, 0xff, 0xf2, 0x0, 0xc,
    0xff, 0xff, 0xff, 0xff, 0xf5, 0x0, 0x0, 0x9,
    0xff, 0xff, 0xff, 0xd3, 0x0, 0x0, 0x0, 0x1,
    0x69, 0x98, 0x30, 0x0, 0x0,

    /* U+F048 "" */
    0x0, 0x10, 0x0, 0x0, 0x0, 0x0, 0x0, 0x1f,
    0xfc, 0x0, 0x0, 0x0, 0x7, 0xf9, 0x2f, 0xfc,
    0x0, 0x0, 0x0, 0x8f, 0xff, 0x2f, 0xfc, 0x0,
    0x0, 0x9, 0xff, 0xff, 0x2f, 0xfc, 0x0, 0x0,
    0xaf, 0xff, 0xff, 0x2f, 0xfc, 0x0, 0xb, 0xff,
    0xff, 0xff, 0x2f, 0xfc, 0x1, 0xcf, 0xff, 0xff,
    0xff, 0x2f, 0xfc, 0x1d, 0xff, 0xff, 0xff, 0xff,
    0x2f, 0xfe, 0xef, 0xff, 0xff, 0xff, 0xff, 0x2f,
    0xff, 0xff, 0xff, 0xff, 0xff, 0xff, 0x2f, 0xff,
    0xff, 0xff, 0xff, 0xff, 0xff, 0x2f, 0xff, 0xff,
    0xff, 0xff, 0xff, 0xff, 0x2f, 0xfc, 0x4f, 0xff,
    0xff, 0xff, 0xff, 0x2f, 0xfc, 0x3, 0xff, 0xff,
    0xff, 0xff, 0x2f, 0xfc, 0x0, 0x2e, 0xff, 0xff,
    0xff, 0x2f, 0xfc, 0x0, 0x2, 0xdf, 0xff, 0xff,
    0x2f, 0xfc, 0x0, 0x0, 0x1d, 0xff, 0xff, 0x2f,
    0xfc, 0x0, 0x0, 0x1, 0xcf, 0xff, 0x2f, 0xfc,
    0x0, 0x0, 0x0, 0xb, 0xfc, 0x4, 0x53, 0x0,
    0x0, 0x0, 0x0, 0x41,

    /* U+F04B "" */
    0x4, 0x40, 0x0, 0x0, 0x0, 0x0, 0x0, 0x0,
    0x0, 0xa, 0xff, 0xc3, 0x0, 0x0, 0x0, 0x0,
    0x0, 0x0, 0x0, 0xff, 0xff, 0xf9, 0x10, 0x0,
    0x0, 0x0, 0x0, 0x0, 0xf, 0xff, 0xff, 0xfe,
    0x60, 0x0, 0x0, 0x0, 0x0, 0x0, 0xff, 0xff,
    0xff, 0xff, 0xc3, 0x0, 0x0, 0x0, 0x0, 0xf,
    0xff, 0xff, 0xff, 0xff, 0xfa, 0x10, 0x0, 0x0,
    0x0, 0xff, 0xff, 0xff, 0xff, 0xff, 0xff, 0x70,
    0x0, 0x0, 0xf, 0xff, 0xff, 0xff, 0xff, 0xff,
    0xff, 0xd4, 0x0, 0x0, 0xff, 0xff, 0xff, 0xff,
    0xff, 0xff, 0xff, 0xfa, 0x10, 0xf, 0xff, 0xff,
    0xff, 0xff, 0xff, 0xff, 0xff, 0xff, 0x60, 0xff,
    0xff, 0xff, 0xff, 0xff, 0xff, 0xff, 0xff, 0xff,
    0x3f, 0xff, 0xff, 0xff, 0xff, 0xff, 0xff, 0xff,
    0xff, 0xf4, 0xff, 0xff, 0xff, 0xff, 0xff, 0xff,
    0xff, 0xff, 0xfa, 0xf, 0xff, 0xff, 0xff, 0xff,
    0xff, 0xff, 0xff, 0xe5, 0x0, 0xff, 0xff, 0xff,
    0xff, 0xff, 0xff, 0xff, 0x80, 0x0, 0xf, 0xff,
    0xff, 0xff, 0xff, 0xff, 0xfb, 0x20, 0x0, 0x0,
    0xff, 0xff, 0xff, 0xff, 0xff, 0xd4, 0x0, 0x0,
    0x0, 0xf, 0xff, 0xff, 0xff, 0xff, 0x70, 0x0,
    0x0, 0x0, 0x0, 0xff, 0xff, 0xff, 0xfa, 0x10,
    0x0, 0x0, 0x0, 0x0, 0xf, 0xff, 0xff, 0xd4,
    0x0, 0x0, 0x0, 0x0, 0x0, 0x0, 0xbf, 0xfe,
    0x60, 0x0, 0x0, 0x0, 0x0, 0x0, 0x0, 0x1,
    0x88, 0x10, 0x0, 0x0, 0x0, 0x0, 0x0, 0x0,
    0x0,

    /* U+F04C "" */
    0x0, 0x11, 0x11, 0x0, 0x0, 0x0, 0x11, 0x11,
    0x0, 0x6, 0xff, 0xff, 0xff, 0x40, 0x2, 0xef,
    0xff, 0xff, 0x80, 0xef, 0xff, 0xff, 0xfc, 0x0,
    0xaf, 0xff, 0xff, 0xff, 0x1f, 0xff, 0xff, 0xff,
    0xe0, 0xb, 0xff, 0xff, 0xff, 0xf2, 0xff, 0xff,
    0xff, 0xfe, 0x0, 0xbf, 0xff, 0xff, 0xff, 0x2f,
    0xff, 0xff, 0xff, 0xe0, 0xb, 0xff, 0xff, 0xff,
    0xf2, 0xff, 0xff, 0xff, 0xfe, 0x0, 0xbf, 0xff,
    0xff, 0xff, 0x2f, 0xff, 0xff, 0xff, 0xe0, 0xb,
    0xff, 0xff, 0xff, 0xf2, 0xff, 0xff, 0xff, 0xfe,
    0x0, 0xbf, 0xff, 0xff, 0xff, 0x2f, 0xff, 0xff,
    0xff, 0xe0, 0xb, 0xff, 0xff, 0xff, 0xf2, 0xff,
    0xff, 0xff, 0xfe, 0x0, 0xbf, 0xff, 0xff, 0xff,
    0x2f, 0xff, 0xff, 0xff, 0xe0, 0xb, 0xff, 0xff,
    0xff, 0xf2, 0xff, 0xff, 0xff, 0xfe, 0x0, 0xbf,
    0xff, 0xff, 0xff, 0x2f, 0xff, 0xff, 0xff, 0xe0,
    0xb, 0xff, 0xff, 0xff, 0xf2, 0xff, 0xff, 0xff,
    0xfe, 0x0, 0xbf, 0xff, 0xff, 0xff, 0x2f, 0xff,
    0xff, 0xff, 0xe0, 0xb, 0xff, 0xff, 0xff, 0xf2,
    0xff, 0xff, 0xff, 0xfe, 0x0, 0xbf, 0xff, 0xff,
    0xff, 0x2f, 0xff, 0xff, 0xff, 0xd0, 0xa, 0xff,
    0xff, 0xff, 0xf1, 0x8f, 0xff, 0xff, 0xf6, 0x0,
    0x4f, 0xff, 0xff, 0xfa, 0x0, 0x24, 0x44, 0x42,
    0x0, 0x0, 0x14, 0x44, 0x43, 0x0,

    /* U+F04D "" */
    0x0, 0x11, 0x11, 0x11, 0x11, 0x11, 0x11, 0x11,
    0x0, 0x5, 0xff, 0xff, 0xff, 0xff, 0xff, 0xff,
    0xff, 0xff, 0xa0, 0xef, 0xff, 0xff, 0xff, 0xff,
    0xff, 0xff, 0xff, 0xff, 0x4f, 0xff, 0xff, 0xff,
    0xff, 0xff, 0xff, 0xff, 0xff, 0xf6, 0xff, 0xff,
    0xff, 0xff, 0xff, 0xff, 0xff, 0xff, 0xff, 0x6f,
    0xff, 0xff, 0xff, 0xff, 0xff, 0xff, 0xff, 0xff,
    0xf6, 0xff, 0xff, 0xff, 0xff, 0xff, 0xff, 0xff,
    0xff, 0xff, 0x6f, 0xff, 0xff, 0xff, 0xff, 0xff,
    0xff, 0xff, 0xff, 0xf6, 0xff, 0xff, 0xff, 0xff,
    0xff, 0xff, 0xff, 0xff, 0xff, 0x6f, 0xff, 0xff,
    0xff, 0xff, 0xff, 0xff, 0xff, 0xff, 0xf6, 0xff,
    0xff, 0xff, 0xff, 0xff, 0xff, 0xff, 0xff, 0xff,
    0x6f, 0xff, 0xff, 0xff, 0xff, 0xff, 0xff, 0xff,
    0xff, 0xf6, 0xff, 0xff, 0xff, 0xff, 0xff, 0xff,
    0xff, 0xff, 0xff, 0x6f, 0xff, 0xff, 0xff, 0xff,
    0xff, 0xff, 0xff, 0xff, 0xf6, 0xff, 0xff, 0xff,
    0xff, 0xff, 0xff, 0xff, 0xff, 0xff, 0x6f, 0xff,
    0xff, 0xff, 0xff, 0xff, 0xff, 0xff, 0xff, 0xf6,
    0xff, 0xff, 0xff, 0xff, 0xff, 0xff, 0xff, 0xff,
    0xff, 0x6f, 0xff, 0xff, 0xff, 0xff, 0xff, 0xff,
    0xff, 0xff, 0xf5, 0x9f, 0xff, 0xff, 0xff, 0xff,
    0xff, 0xff, 0xff, 0xfd, 0x10, 0x35, 0x55, 0x55,
    0x55, 0x55, 0x55, 0x55, 0x54, 0x0,

    /* U+F051 "" */
    0x0, 0x0, 0x0, 0x0, 0x0, 0x0, 0x10, 0xd,
    0xe4, 0x0, 0x0, 0x0, 0xf, 0xfd, 0x3f, 0xff,
    0x40, 0x0, 0x0, 0x1f, 0xfe, 0x4f, 0xff, 0xf6,
    0x0, 0x0, 0x1f, 0xfe, 0x4f, 0xff, 0xff, 0x70,
    0x0, 0x1f, 0xfe, 0x4f, 0xff, 0xff, 0xf8, 0x0,
    0x1f, 0xfe, 0x4f, 0xff, 0xff, 0xff, 0x90, 0x1f,
    0xfe, 0x4f, 0xff, 0xff, 0xff, 0xfa, 0x1f, 0xfe,
    0x4f, 0xff, 0xff, 0xff, 0xff, 0xcf, 0xfe, 0x4f,
    0xff, 0xff, 0xff, 0xff, 0xff, 0xfe, 0x4f, 0xff,
    0xff, 0xff, 0xff, 0xff, 0xfe, 0x4f, 0xff, 0xff,
    0xff, 0xff, 0xef, 0xfe, 0x4f, 0xff, 0xff, 0xff,
    0xfd, 0x2f, 0xfe, 0x4f, 0xff, 0xff, 0xff, 0xc1,
    0x1f, 0xfe, 0x4f, 0xff, 0xff, 0xfb, 0x0, 0x1f,
    0xfe, 0x4f, 0xff, 0xff, 0xa0, 0x0, 0x1f, 0xfe,
    0x4f, 0xff, 0xf9, 0x0, 0x0, 0x1f, 0xfe, 0x4f,
    0xff, 0x80, 0x0, 0x0, 0x1f, 0xfe, 0x1f, 0xf7,
    0x0, 0x0, 0x0, 0x1f, 0xfd, 0x2, 0x30, 0x0,
    0x0, 0x0, 0x4, 0x53,

    /* U+F052 "" */
    0x0, 0x0, 0x0, 0x0, 0x0, 0x0, 0x0, 0x0,
    0x0, 0x0, 0x0, 0x0, 0x0, 0x0, 0x3d, 0xf7,
    0x0, 0x0, 0x0, 0x0, 0x0, 0x0, 0x0, 0x2,
    0xef, 0xff, 0x70, 0x0, 0x0, 0x0, 0x0, 0x0,
    0x0, 0x1e, 0xff, 0xff, 0xf5, 0x0, 0x0, 0x0,
    0x0, 0x0, 0x1, 0xdf, 0xff, 0xff, 0xff, 0x40,
    0x0, 0x0, 0x0, 0x0, 0xc, 0xff, 0xff, 0xff,
    0xff, 0xf3, 0x0, 0x0, 0x0, 0x0, 0xbf, 0xff,
    0xff, 0xff, 0xff, 0xfe, 0x20, 0x0, 0x0, 0xa,
    0xff, 0xff, 0xff, 0xff, 0xff, 0xff, 0xe2, 0x0,
    0x0, 0x9f, 0xff, 0xff, 0xff, 0xff, 0xff, 0xff,
    0xfd, 0x10, 0x7, 0xff, 0xff, 0xff, 0xff, 0xff,
    0xff, 0xff, 0xff, 0xc0, 0xf, 0xff, 0xff, 0xff,
    0xff, 0xff, 0xff, 0xff, 0xff, 0xf5, 0xd, 0xff,
    0xff, 0xff, 0xff, 0xff, 0xff, 0xff, 0xff, 0xf3,
    0x2, 0xac, 0xcc, 0xcc, 0xcc, 0xcc, 0xcc, 0xcc,
    0xcb, 0x60, 0x0, 0x0, 0x0, 0x0, 0x0, 0x0,
    0x0, 0x0, 0x0, 0x0, 0x9, 0xff, 0xff, 0xff,
    0xff, 0xff, 0xff, 0xff, 0xff, 0xd1, 0xf, 0xff,
    0xff, 0xff, 0xff, 0xff, 0xff, 0xff, 0xff, 0xf5,
    0xf, 0xff, 0xff, 0xff, 0xff, 0xff, 0xff, 0xff,
    0xff, 0xf6, 0xf, 0xff, 0xff, 0xff, 0xff, 0xff,
    0xff, 0xff, 0xff, 0xf5, 0xd, 0xff, 0xff, 0xff,
    0xff, 0xff, 0xff, 0xff, 0xff, 0xf3, 0x1, 0x44,
    0x44, 0x44, 0x44, 0x44, 0x44, 0x44, 0x44, 0x20,

    /* U+F053 "" */
    0x0, 0x0, 0x0, 0x0, 0x8a, 0x0, 0x0, 0x0,
    0x0, 0xa, 0xff, 0xb0, 0x0, 0x0, 0x0, 0xaf,
    0xff, 0xd0, 0x0, 0x0, 0xa, 0xff, 0xfe, 0x10,
    0x0, 0x0, 0xaf, 0xff, 0xe1, 0x0, 0x0, 0xa,
    0xff, 0xfe, 0x10, 0x0, 0x0, 0xaf, 0xff, 0xe1,
    0x0, 0x0, 0xa, 0xff, 0xfe, 0x10, 0x0, 0x0,
    0x9f, 0xff, 0xe1, 0x0, 0x0, 0x0, 0xbf, 0xff,
    0xb0, 0x0, 0x0, 0x0, 0x1d, 0xff, 0xfb, 0x0,
    0x0, 0x0, 0x1, 0xdf, 0xff, 0xb0, 0x0, 0x0,
    0x0, 0x1d, 0xff, 0xfb, 0x0, 0x0, 0x0, 0x1,
    0xdf, 0xff, 0xb0, 0x0, 0x0, 0x0, 0x1d, 0xff,
    0xfb, 0x0, 0x0, 0x0, 0x1, 0xdf, 0xff, 0xb0,
    0x0, 0x0, 0x0, 0x1d, 0xff, 0xd0, 0x0, 0x0,
    0x0, 0x1, 0xce, 0x20, 0x0, 0x0, 0x0, 0x0,
    0x0, 0x0,

    /* U+F054 "" */
    0x9, 0xa0, 0x0, 0x0, 0x0, 0x0, 0x9f, 0xfb,
    0x0, 0x0, 0x0, 0x0, 0xbf, 0xff, 0xb0, 0x0,
    0x0, 0x0, 0x1c, 0xff, 0xfb, 0x0, 0x0, 0x0,
    0x1, 0xcf, 0xff, 0xb0, 0x0, 0x0, 0x0, 0x1c,
    0xff, 0xfb, 0x0, 0x0, 0x0, 0x1, 0xcf, 0xff,
    0xb0, 0x0, 0x0, 0x0, 0x1c, 0xff, 0xfb, 0x0,
    0x0, 0x0, 0x1, 0xcf, 0xff, 0xb0, 0x0, 0x0,
    0x0, 0xaf, 0xff, 0xd0, 0x0, 0x0, 0x9, 0xff,
    0xfe, 0x20, 0x0, 0x0, 0x9f, 0xff, 0xe2, 0x0,
    0x0, 0x9, 0xff, 0xfe, 0x20, 0x0, 0x0, 0x9f,
    0xff, 0xe2, 0x0, 0x0, 0x9, 0xff, 0xfe, 0x20,
    0x0, 0x0, 0x9f, 0xff, 0xe2, 0x0, 0x0, 0x0,
    0xbf, 0xfe, 0x20, 0x0, 0x0, 0x0, 0x1d, 0xd2,
    0x0, 0x0, 0x0, 0x0, 0x0, 0x0, 0x0, 0x0,
    0x0, 0x0,

    /* U+F067 "" */
    0x0, 0x0, 0x0, 0x0, 0x0, 0x0, 0x0, 0x0,
    0x0, 0x0, 0x0, 0x0, 0x0, 0x7f, 0xfc, 0x0,
    0x0, 0x0, 0x0, 0x0, 0x0, 0x0, 0xc, 0xff,
    0xf2, 0x0, 0x0, 0x0, 0x0, 0x0, 0x0, 0x0,
    0xcf, 0xff, 0x20, 0x0, 0x0, 0x0, 0x0, 0x0,
    0x0, 0xc, 0xff, 0xf2, 0x0, 0x0, 0x0, 0x0,
    0x0, 0x0, 0x0, 0xcf, 0xff, 0x20, 0x0, 0x0,
    0x0, 0x0, 0x0, 0x0, 0xc, 0xff, 0xf2, 0x0,
    0x0, 0x0, 0x0, 0x0, 0x0, 0x0, 0xcf, 0xff,
    0x20, 0x0, 0x0, 0x0, 0x7d, 0xdd, 0xdd, 0xdf,
    0xff, 0xfd, 0xdd, 0xdd, 0xdb, 0x1f, 0xff, 0xff,
    0xff, 0xff, 0xff, 0xff, 0xff, 0xff, 0xf5, 0xff,
    0xff, 0xff, 0xff, 0xff, 0xff, 0xff, 0xff, 0xff,
    0x5b, 0xff, 0xff, 0xff, 0xff, 0xff, 0xff, 0xff,
    0xff, 0xe2, 0x1, 0x11, 0x11, 0x1c, 0xff, 0xf3,
    0x11, 0x11, 0x10, 0x0, 0x0, 0x0, 0x0, 0xcf,
    0xff, 0x20, 0x0, 0x0, 0x0, 0x0, 0x0, 0x0,
    0xc, 0xff, 0xf2, 0x0, 0x0, 0x0, 0x0, 0x0,
    0x0, 0x0, 0xcf, 0xff, 0x20, 0x0, 0x0, 0x0,
    0x0, 0x0, 0x0, 0xc, 0xff, 0xf2, 0x0, 0x0,
    0x0, 0x0, 0x0, 0x0, 0x0, 0xcf, 0xff, 0x20,
    0x0, 0x0, 0x0, 0x0, 0x0, 0x0, 0x9, 0xff,
    0xe0, 0x0, 0x0, 0x0, 0x0, 0x0, 0x0, 0x0,
    0x4, 0x41, 0x0, 0x0, 0x0, 0x0,

    /* U+F068 "" */
    0x8e, 0xee, 0xee, 0xee, 0xee, 0xee, 0xee, 0xee,
    0xec, 0x1f, 0xff, 0xff, 0xff, 0xff, 0xff, 0xff,
    0xff, 0xff, 0xf5, 0xff, 0xff, 0xff, 0xff, 0xff,
    0xff, 0xff, 0xff, 0xff, 0x5a, 0xff, 0xff, 0xff,
    0xff, 0xff, 0xff, 0xff, 0xff, 0xe2, 0x0, 0x0,
    0x0, 0x0, 0x0, 0x0, 0x0, 0x0, 0x0, 0x0,

    /* U+F06E "" */
    0x0, 0x0, 0x0, 0x1, 0x69, 0xbc, 0xcb, 0x84,
    0x0, 0x0, 0x0, 0x0, 0x0, 0x0, 0x2, 0xaf,
    0xff, 0xff, 0xff, 0xff, 0xe7, 0x0, 0x0, 0x0,
    0x0, 0x0, 0x7f, 0xff, 0xfa, 0x42, 0x36, 0xcf,
    0xff, 0xe4, 0x0, 0x0, 0x0, 0xb, 0xff, 0xfe,
    0x30, 0x0, 0x0, 0x6, 0xff, 0xff, 0x60, 0x0,
    0x0, 0xcf, 0xff, 0xf2, 0x0, 0xb, 0xb6, 0x0,
    0x7f, 0xff, 0xf7, 0x0, 0x9, 0xff, 0xff, 0x70,
    0x0, 0xe, 0xff, 0xb0, 0xd, 0xff, 0xff, 0x40,
    0x4f, 0xff, 0xff, 0x20, 0x0, 0x2f, 0xff, 0xf6,
    0x7, 0xff, 0xff, 0xe0, 0xdf, 0xff, 0xff, 0x0,
    0xb9, 0xff, 0xff, 0xfa, 0x4, 0xff, 0xff, 0xf8,
    0xef, 0xff, 0xff, 0x1, 0xff, 0xff, 0xff, 0xfb,
    0x4, 0xff, 0xff, 0xf9, 0x5f, 0xff, 0xff, 0x10,
    0xdf, 0xff, 0xff, 0xf7, 0x6, 0xff, 0xff, 0xf1,
    0xb, 0xff, 0xff, 0x60, 0x4f, 0xff, 0xff, 0xd0,
    0xc, 0xff, 0xff, 0x60, 0x1, 0xdf, 0xff, 0xe1,
    0x4, 0xcf, 0xfa, 0x10, 0x5f, 0xff, 0xf9, 0x0,
    0x0, 0x1d, 0xff, 0xfc, 0x10, 0x0, 0x0, 0x4,
    0xff, 0xff, 0x90, 0x0, 0x0, 0x0, 0xaf, 0xff,
    0xe7, 0x20, 0x3, 0x9f, 0xff, 0xf6, 0x0, 0x0,
    0x0, 0x0, 0x4, 0xcf, 0xff, 0xff, 0xff, 0xff,
    0xfa, 0x20, 0x0, 0x0, 0x0, 0x0, 0x0, 0x3,
    0x8c, 0xef, 0xfe, 0xb7, 0x10, 0x0, 0x0, 0x0,

    /* U+F070 "" */
    0x5, 0x0, 0x0, 0x0, 0x0, 0x0, 0x0, 0x0,
    0x0, 0x0, 0x0, 0x0, 0x0, 0x9, 0xfc, 0x10,
    0x0, 0x0, 0x0, 0x0, 0x0, 0x0, 0x0, 0x0,
    0x0, 0x0, 0x0, 0xdf, 0xfe, 0x40, 0x0, 0x0,
    0x0, 0x0, 0x0, 0x0, 0x0, 0x0, 0x0, 0x0,
    0x1, 0xbf, 0xff, 0x70, 0x0, 0x37, 0xac, 0xcb,
    0x95, 0x0, 0x0, 0x0, 0x0, 0x0, 0x0, 0x8f,
    0xff, 0xb7, 0xef, 0xff, 0xff, 0xff, 0xff, 0x91,
    0x0, 0x0, 0x0, 0x0, 0x0, 0x4e, 0xff, 0xff,
    0xfd, 0x73, 0x25, 0xaf, 0xff, 0xf6, 0x0, 0x0,
    0x0, 0x0, 0x0, 0x2d, 0xff, 0xfb, 0x0, 0x0,
    0x0, 0x3e, 0xff, 0xfa, 0x0, 0x0, 0x0, 0x0,
    0x0, 0xa, 0xff, 0xf9, 0x8, 0xc8, 0x10, 0x3f,
    0xff, 0xfb, 0x0, 0x0, 0x0, 0x35, 0x0, 0x6,
    0xff, 0xfc, 0xaf, 0xfe, 0x10, 0x9f, 0xff, 0xf8,
    0x0, 0x0, 0xe, 0xf8, 0x0, 0x3, 0xef, 0xff,
    0xff, 0xfb, 0x3, 0xff, 0xff, 0xf3, 0x0, 0x8,
    0xff, 0xfc, 0x10, 0x1, 0xbf, 0xff, 0xff, 0xf0,
    0xf, 0xff, 0xff, 0xc0, 0x0, 0x9f, 0xff, 0xfe,
    0x20, 0x0, 0x8f, 0xff, 0xff, 0x0, 0xff, 0xff,
    0xfd, 0x0, 0x2, 0xff, 0xff, 0xf7, 0x0, 0x0,
    0x4e, 0xff, 0xf2, 0x2f, 0xff, 0xff, 0x50, 0x0,
    0x7, 0xff, 0xff, 0xc0, 0x0, 0x0, 0x1c, 0xff,
    0xfc, 0xff, 0xff, 0xa0, 0x0, 0x0, 0xa, 0xff,
    0xff, 0x50, 0x0, 0x0, 0x9, 0xff, 0xff, 0xff,
    0xc0, 0x0, 0x0, 0x0, 0xa, 0xff, 0xff, 0x40,
    0x0, 0x0, 0x5, 0xff, 0xff, 0xd1, 0x0, 0x0,
    0x0, 0x0, 0x7, 0xff, 0xff, 0x93, 0x0, 0x0,
    0x2, 0xdf, 0xfe, 0x40, 0x0, 0x0, 0x0, 0x0,
    0x2, 0xbf, 0xff, 0xff, 0xfc, 0x20, 0x1, 0xbf,
    0xff, 0x80, 0x0, 0x0, 0x0, 0x0, 0x0, 0x27,
    0xbe, 0xff, 0xea, 0x0, 0x0, 0x7f, 0xff, 0xb1,
    0x0, 0x0, 0x0, 0x0, 0x0, 0x0, 0x0, 0x0,
    0x0, 0x0, 0x0, 0x4e, 0xff, 0xe1, 0x0, 0x0,
    0x0, 0x0, 0x0, 0x0, 0x0, 0x0, 0x0, 0x0,
    0x0, 0x1c, 0xfe, 0x10, 0x0, 0x0, 0x0, 0x0,
    0x0, 0x0, 0x0, 0x0, 0x0, 0x0, 0x0, 0x7,
    0x30,

    /* U+F071 "" */
    0x0, 0x0, 0x0, 0x0, 0x0, 0x0, 0x21, 0x0,
    0x0, 0x0, 0x0, 0x0, 0x0, 0x0, 0x0, 0x0,
    0x0, 0x0, 0xaf, 0xf5, 0x0, 0x0, 0x0, 0x0,
    0x0, 0x0, 0x0, 0x0, 0x0, 0x0, 0x5f, 0xff,
    0xe1, 0x0, 0x0, 0x0, 0x0, 0x0, 0x0, 0x0,
    0x0, 0x0, 0xe, 0xff, 0xff, 0x80, 0x0, 0x0,
    0x0, 0x0, 0x0, 0x0, 0x0, 0x0, 0x8, 0xff,
    0xff, 0xff, 0x20, 0x0, 0x0, 0x0, 0x0, 0x0,
    0x0, 0x0, 0x2, 0xff, 0xff, 0xff, 0xfb, 0x0,
    0x0, 0x0, 0x0, 0x0, 0x0, 0x0, 0x0, 0xaf,
    0xff, 0xff, 0xff, 0xf4, 0x0, 0x0, 0x0, 0x0,
    0x0, 0x0, 0x0, 0x4f, 0xff, 0xff, 0xff, 0xff,
    0xd0, 0x0, 0x0, 0x0, 0x0, 0x0, 0x0, 0xd,
    0xff, 0xf1, 0x0, 0x7f, 0xff, 0x70, 0x0, 0x0,
    0x0, 0x0, 0x0, 0x6, 0xff, 0xff, 0x10, 0x7,
    0xff, 0xff, 0x10, 0x0, 0x0, 0x0, 0x0, 0x1,
    0xef, 0xff, 0xf2, 0x0, 0x8f, 0xff, 0xf9, 0x0,
    0x0, 0x0, 0x0, 0x0, 0x9f, 0xff, 0xff, 0x30,
    0x9, 0xff, 0xff, 0xf3, 0x0, 0x0, 0x0, 0x0,
    0x2f, 0xff, 0xff, 0xf4, 0x0, 0xaf, 0xff, 0xff,
    0xc0, 0x0, 0x0, 0x0, 0xb, 0xff, 0xff, 0xff,
    0x50, 0xb, 0xff, 0xff, 0xff, 0x50, 0x0, 0x0,
    0x4, 0xff, 0xff, 0xff, 0xfd, 0xbb, 0xff, 0xff,
    0xff, 0xfe, 0x0, 0x0, 0x0, 0xdf, 0xff, 0xff,
    0xff, 0x91, 0x3e, 0xff, 0xff, 0xff, 0xf8, 0x0,
    0x0, 0x7f, 0xff, 0xff, 0xff, 0xf0, 0x0, 0x6f,
    0xff, 0xff, 0xff, 0xf1, 0x0, 0x1f, 0xff, 0xff,
    0xff, 0xff, 0x0, 0x6, 0xff, 0xff, 0xff, 0xff,
    0xa0, 0x9, 0xff, 0xff, 0xff, 0xff, 0xfa, 0x13,
    0xef, 0xff, 0xff, 0xff, 0xff, 0x30, 0xff, 0xff,
    0xff, 0xff, 0xff, 0xff, 0xff, 0xff, 0xff, 0xff,
    0xff, 0xf9, 0xc, 0xff, 0xff, 0xff, 0xff, 0xff,
    0xff, 0xff, 0xff, 0xff, 0xff, 0xff, 0x60, 0x18,
    0xaa, 0xaa, 0xaa, 0xaa, 0xaa, 0xaa, 0xaa, 0xaa,
    0xaa, 0xaa, 0x60,

    /* U+F074 "" */
    0x0, 0x0, 0x0, 0x0, 0x0, 0x0, 0x0, 0x0,
    0x0, 0x0, 0x0, 0x0, 0x0, 0x0, 0x0, 0x0,
    0x0, 0x0, 0x1d, 0x90, 0x0, 0x0, 0x0, 0x0,
    0x0, 0x0, 0x0, 0x0, 0x3, 0xff, 0x90, 0x4,
    0x55, 0x55, 0x10, 0x0, 0x0, 0x0, 0x45, 0x7f,
    0xff, 0x90, 0xff, 0xff, 0xfe, 0x20, 0x0, 0x0,
    0xaf, 0xff, 0xff, 0xff, 0x9f, 0xff, 0xff, 0xfd,
    0x10, 0x0, 0x9f, 0xff, 0xff, 0xff, 0xfe, 0xef,
    0xff, 0xff, 0xfd, 0x10, 0x7f, 0xff, 0xff, 0xff,
    0xff, 0x40, 0x0, 0x9, 0xff, 0xb0, 0x6f, 0xff,
    0xd1, 0x4f, 0xff, 0x40, 0x0, 0x0, 0xa, 0xc0,
    0x5f, 0xff, 0xe1, 0x3, 0xff, 0x40, 0x0, 0x0,
    0x0, 0x1, 0x4f, 0xff, 0xe2, 0x0, 0x7, 0x30,
    0x0, 0x0, 0x0, 0x0, 0x3f, 0xff, 0xf3, 0x0,
    0x0, 0x0, 0x0, 0x0, 0x0, 0x0, 0x2e, 0xff,
    0xf4, 0x16, 0x0, 0x1e, 0x90, 0x0, 0x0, 0x0,
    0x2e, 0xff, 0xf5, 0xc, 0xf6, 0x4, 0xff, 0xa0,
    0x5, 0x66, 0x6d, 0xff, 0xf6, 0xa, 0xff, 0xf7,
    0x8f, 0xff, 0xa0, 0xff, 0xff, 0xff, 0xf7, 0x0,
    0x3f, 0xff, 0xff, 0xff, 0xff, 0x9f, 0xff, 0xff,
    0xf8, 0x0, 0x0, 0x3f, 0xff, 0xff, 0xff, 0xfe,
    0xde, 0xee, 0xe9, 0x0, 0x0, 0x0, 0x4e, 0xee,
    0xff, 0xff, 0x30, 0x0, 0x0, 0x0, 0x0, 0x0,
    0x0, 0x0, 0x4f, 0xff, 0x30, 0x0, 0x0, 0x0,
    0x0, 0x0, 0x0, 0x0, 0x3, 0xff, 0x30, 0x0,
    0x0, 0x0, 0x0, 0x0, 0x0, 0x0, 0x0, 0x6,
    0x30, 0x0,

    /* U+F077 "" */
    0x0, 0x0, 0x0, 0x0, 0x13, 0x0, 0x0, 0x0,
    0x0, 0x0, 0x0, 0x0, 0x0, 0x2e, 0xf6, 0x0,
    0x0, 0x0, 0x0, 0x0, 0x0, 0x0, 0x2e, 0xff,
    0xf6, 0x0, 0x0, 0x0, 0x0, 0x0, 0x0, 0x2e,
    0xff, 0xff, 0xf6, 0x0, 0x0, 0x0, 0x0, 0x0,
    0x2e, 0xff, 0xff, 0xff, 0xf6, 0x0, 0x0, 0x0,
    0x0, 0x2e, 0xff, 0xf9, 0x4f, 0xff, 0xf6, 0x0,
    0x0, 0x0, 0x2e, 0xff, 0xf9, 0x0, 0x4f, 0xff,
    0xf6, 0x0, 0x0, 0x2e, 0xff, 0xf9, 0x0, 0x0,
    0x4f, 0xff, 0xf6, 0x0, 0x2e, 0xff, 0xf9, 0x0,
    0x0, 0x0, 0x4f, 0xff, 0xf6, 0xa, 0xff, 0xf9,
    0x0, 0x0, 0x0, 0x0, 0x4f, 0xff, 0xf1, 0x4f,
    0xf9, 0x0, 0x0, 0x0, 0x0, 0x0, 0x4f, 0xfa,
    0x0, 0x36, 0x0, 0x0, 0x0, 0x0, 0x0, 0x0,
    0x36, 0x0,

    /* U+F078 "" */
    0x1, 0x30, 0x0, 0x0, 0x0, 0x0, 0x0, 0x1,
    0x30, 0x2, 0xef, 0x60, 0x0, 0x0, 0x0, 0x0,
    0x1, 0xef, 0x60, 0xbf, 0xff, 0x60, 0x0, 0x0,
    0x0, 0x1, 0xef, 0xff, 0x14, 0xff, 0xff, 0x60,
    0x0, 0x0, 0x1, 0xef, 0xff, 0x90, 0x4, 0xff,
    0xff, 0x60, 0x0, 0x1, 0xef, 0xff, 0xa0, 0x0,
    0x4, 0xff, 0xff, 0x60, 0x1, 0xef, 0xff, 0xa0,
    0x0, 0x0, 0x4, 0xff, 0xff, 0x61, 0xef, 0xff,
    0xa0, 0x0, 0x0, 0x0, 0x4, 0xff, 0xff, 0xef,
    0xff, 0xa0, 0x0, 0x0, 0x0, 0x0, 0x4, 0xff,
    0xff, 0xff, 0xa0, 0x0, 0x0, 0x0, 0x0, 0x0,
    0x4, 0xff, 0xff, 0xa0, 0x0, 0x0, 0x0, 0x0,
    0x0, 0x0, 0x4, 0xff, 0xa0, 0x0, 0x0, 0x0,
    0x0, 0x0, 0x0, 0x0, 0x4, 0x70, 0x0, 0x0,
    0x0, 0x0,

    /* U+F079 "" */
    0x0, 0x0, 0x8c, 0x20, 0x0, 0x0, 0x0, 0x0,
    0x0, 0x0, 0x0, 0x0, 0x0, 0x0, 0x0, 0x9f,
    0xfe, 0x20, 0x1, 0x89, 0x99, 0x99, 0x99, 0x99,
    0x81, 0x0, 0x0, 0x0, 0x9f, 0xff, 0xfe, 0x20,
    0x5f, 0xff, 0xff, 0xff, 0xff, 0xff, 0x80, 0x0,
    0x0, 0x9f, 0xff, 0xff, 0xfe, 0x30, 0xbf, 0xff,
    0xff, 0xff, 0xff, 0xf8, 0x0, 0x0, 0x9f, 0xfd,
    0xff, 0xdf, 0xfe, 0x20, 0x0, 0x0, 0x0, 0x2,
    0xff, 0x80, 0x0, 0xb, 0xfe, 0x2f, 0xf9, 0x7f,
    0xf3, 0x0, 0x0, 0x0, 0x0, 0x1f, 0xf8, 0x0,
    0x0, 0x17, 0x21, 0xff, 0x90, 0x65, 0x0, 0x0,
    0x0, 0x0, 0x1, 0xff, 0x80, 0x0, 0x0, 0x0,
    0x1f, 0xf9, 0x0, 0x0, 0x0, 0x0, 0x0, 0x0,
    0x1f, 0xf8, 0x0, 0x0, 0x0, 0x1, 0xff, 0x90,
    0x0, 0x0, 0x0, 0x0, 0x0, 0x1, 0xff, 0x80,
    0x0, 0x0, 0x0, 0x1f, 0xf9, 0x0, 0x0, 0x0,
    0x0, 0x0, 0x61, 0x1f, 0xf8, 0x4, 0x30, 0x0,
    0x1, 0xff, 0x90, 0x0, 0x0, 0x0, 0x0, 0xbf,
    0xc2, 0xff, 0x86, 0xff, 0x20, 0x0, 0x1f, 0xf9,
    0x0, 0x0, 0x0, 0x0, 0xa, 0xff, 0xdf, 0xfd,
    0xff, 0xf2, 0x0, 0x1, 0xff, 0xff, 0xff, 0xff,
    0xff, 0xd3, 0xb, 0xff, 0xff, 0xff, 0xf3, 0x0,
    0x0, 0xf, 0xff, 0xff, 0xff, 0xff, 0xff, 0xd0,
    0xb, 0xff, 0xff, 0xf3, 0x0, 0x0, 0x0, 0x8a,
    0xaa, 0xaa, 0xaa, 0xaa, 0xa6, 0x0, 0xa, 0xff,
    0xe3, 0x0, 0x0, 0x0, 0x0, 0x0, 0x0, 0x0,
    0x0, 0x0, 0x0, 0x0, 0xa, 0xe3, 0x0, 0x0,

    /* U+F07B "" */
    0x2a, 0xcc, 0xcc, 0xcc, 0xa0, 0x0, 0x0, 0x0,
    0x0, 0x0, 0xd, 0xff, 0xff, 0xff, 0xff, 0xb0,
    0x0, 0x0, 0x0, 0x0, 0x0, 0xff, 0xff, 0xff,
    0xff, 0xff, 0xb2, 0x22, 0x22, 0x22, 0x20, 0xf,
    0xff, 0xff, 0xff, 0xff, 0xff, 0xff, 0xff, 0xff,
    0xff, 0xf6, 0xff, 0xff, 0xff, 0xff, 0xff, 0xff,
    0xff, 0xff, 0xff, 0xff, 0xef, 0xff, 0xff, 0xff,
    0xff, 0xff, 0xff, 0xff, 0xff, 0xff, 0xff, 0xff,
    0xff, 0xff, 0xff, 0xff, 0xff, 0xff, 0xff, 0xff,
    0xff, 0xff, 0xff, 0xff, 0xff, 0xff, 0xff, 0xff,
    0xff, 0xff, 0xff, 0xff, 0xff, 0xff, 0xff, 0xff,
    0xff, 0xff, 0xff, 0xff, 0xff, 0xff, 0xff, 0xff,
    0xff, 0xff, 0xff, 0xff, 0xff, 0xff, 0xff, 0xff,
    0xff, 0xff, 0xff, 0xff, 0xff, 0xff, 0xff, 0xff,
    0xff, 0xff, 0xff, 0xff, 0xff, 0xff, 0xff, 0xff,
    0xff, 0xff, 0xff, 0xff, 0xff, 0xff, 0xff, 0xff,
    0xff, 0xff, 0xff, 0xff, 0xff, 0xff, 0xff, 0xff,
    0xff, 0xff, 0xff, 0xff, 0xff, 0xff, 0xff, 0xff,
    0xff, 0xff, 0xff, 0xef, 0xff, 0xff, 0xff, 0xff,
    0xff, 0xff, 0xff, 0xff, 0xff, 0xe4, 0xef, 0xff,
    0xff, 0xff, 0xff, 0xff, 0xff, 0xff, 0xff, 0xe4,

    /* U+F093 "" */
    0x0, 0x0, 0x0, 0x0, 0x0, 0x40, 0x0, 0x0,
    0x0, 0x0, 0x0, 0x0, 0x0, 0x0, 0x0, 0xbf,
    0xb0, 0x0, 0x0, 0x0, 0x0, 0x0, 0x0, 0x0,
    0x0, 0xbf, 0xff, 0xb0, 0x0, 0x0, 0x0, 0x0,
    0x0, 0x0, 0x0, 0xbf, 0xff, 0xff, 0xb0, 0x0,
    0x0, 0x0, 0x0, 0x0, 0x0, 0xbf, 0xff, 0xff,
    0xff, 0xb0, 0x0, 0x0, 0x0, 0x0, 0x0, 0xbf,
    0xff, 0xff, 0xff, 0xff, 0xb0, 0x0, 0x0, 0x0,
    0x0, 0xbf, 0xff, 0xff, 0xff, 0xff, 0xff, 0xb0,
    0x0, 0x0, 0x0, 0x7f, 0xff, 0xff, 0xff, 0xff,
    0xff, 0xff, 0x70, 0x0, 0x0, 0x1, 0x77, 0x78,
    0xff, 0xff, 0xf8, 0x77, 0x71, 0x0, 0x0, 0x0,
    0x0, 0x0, 0x2f, 0xff, 0xff, 0x20, 0x0, 0x0,
    0x0, 0x0, 0x0, 0x0, 0x2, 0xff, 0xff, 0xf2,
    0x0, 0x0, 0x0, 0x0, 0x0, 0x0, 0x0, 0x2f,
    0xff, 0xff, 0x20, 0x0, 0x0, 0x0, 0x0, 0x0,
    0x0, 0x2, 0xff, 0xff, 0xf2, 0x0, 0x0, 0x0,
    0x0, 0x0, 0x0, 0x0, 0x2f, 0xff, 0xff, 0x20,
    0x0, 0x0, 0x0, 0x0, 0x0, 0x0, 0x2, 0xff,
    0xff, 0xf2, 0x0, 0x0, 0x0, 0xb, 0xff, 0xff,
    0xf9, 0x1f, 0xff, 0xff, 0x19, 0xff, 0xff, 0xfb,
    0xff, 0xff, 0xff, 0xd0, 0x57, 0x77, 0x50, 0xdf,
    0xff, 0xff, 0xff, 0xff, 0xff, 0xff, 0xa2, 0x11,
    0x12, 0xaf, 0xff, 0xff, 0xff, 0xff, 0xff, 0xff,
    0xff, 0xff, 0xff, 0xff, 0xfe, 0xfe, 0xff, 0xff,
    0xff, 0xff, 0xff, 0xff, 0xff, 0xff, 0xf6, 0x3f,
    0x9, 0xff, 0xff, 0xff, 0xff, 0xff, 0xff, 0xff,
    0xff, 0xb9, 0xf7, 0xdf, 0xf9, 0xdd, 0xdd, 0xdd,
    0xdd, 0xdd, 0xdd, 0xdd, 0xdd, 0xdd, 0xd9,

    /* U+F095 "" */
    0x0, 0x0, 0x0, 0x0, 0x0, 0x0, 0x0, 0x0,
    0x43, 0x0, 0x0, 0x0, 0x0, 0x0, 0x0, 0x0,
    0x0, 0x0, 0x4, 0xff, 0xfb, 0x83, 0x0, 0x0,
    0x0, 0x0, 0x0, 0x0, 0x0, 0xb, 0xff, 0xff,
    0xff, 0x0, 0x0, 0x0, 0x0, 0x0, 0x0, 0x0,
    0x2f, 0xff, 0xff, 0xff, 0x0, 0x0, 0x0, 0x0,
    0x0, 0x0, 0x0, 0x9f, 0xff, 0xff, 0xfe, 0x0,
    0x0, 0x0, 0x0, 0x0, 0x0, 0x0, 0xff, 0xff,
    0xff, 0xfc, 0x0, 0x0, 0x0, 0x0, 0x0, 0x0,
    0x1, 0xff, 0xff, 0xff, 0xf9, 0x0, 0x0, 0x0,
    0x0, 0x0, 0x0, 0x0, 0x3e, 0xff, 0xff, 0xf6,
    0x0, 0x0, 0x0, 0x0, 0x0, 0x0, 0x0, 0x2,
    0xdf, 0xff, 0xf1, 0x0, 0x0, 0x0, 0x0, 0x0,
    0x0, 0x0, 0x0, 0xaf, 0xff, 0xb0, 0x0, 0x0,
    0x0, 0x0, 0x0, 0x0, 0x0, 0x3, 0xff, 0xff,
    0x50, 0x0, 0x0, 0x0, 0x0, 0x0, 0x0, 0x0,
    0xd, 0xff, 0xfd, 0x0, 0x0, 0x0, 0x0, 0x0,
    0x0, 0x0, 0x0, 0xbf, 0xff, 0xf3, 0x0, 0x0,
    0x0, 0x3, 0x82, 0x0, 0x0, 0xa, 0xff, 0xff,
    0x90, 0x0, 0x0, 0x5, 0xcf, 0xfd, 0x10, 0x1,
    0xbf, 0xff, 0xfc, 0x0, 0x0, 0x6, 0xef, 0xff,
    0xff, 0xb0, 0x6e, 0xff, 0xff, 0xd1, 0x0, 0x0,
    0xe, 0xff, 0xff, 0xff, 0xfe, 0xff, 0xff, 0xfd,
    0x10, 0x0, 0x0, 0xb, 0xff, 0xff, 0xff, 0xff,
    0xff, 0xff, 0xb1, 0x0, 0x0, 0x0, 0x8, 0xff,
    0xff, 0xff, 0xff, 0xff, 0xf7, 0x0, 0x0, 0x0,
    0x0, 0x4, 0xff, 0xff, 0xff, 0xff, 0xfa, 0x20,
    0x0, 0x0, 0x0, 0x0, 0x0, 0xff, 0xff, 0xff,
    0xd8, 0x20, 0x0, 0x0, 0x0, 0x0, 0x0, 0x0,
    0x69, 0x87, 0x41, 0x0, 0x0, 0x0, 0x0, 0x0,
    0x0, 0x0,

    /* U+F0B0 "" */
    0x0, 0x0, 0x0, 0x4, 0x78, 0x98, 0x64, 0x0,
    0x0, 0x0, 0x0, 0x0, 0x5, 0xbf, 0xff, 0xff,
    0xff, 0xff, 0xb4, 0x0, 0x0, 0x0, 0x4d, 0xff,
    0xc8, 0x43, 0x23, 0x58, 0xcf, 0xfc, 0x30, 0x0,
    0x8f, 0xf9, 0x20, 0x0, 0x0, 0x0, 0x0, 0x3a,
    0xff, 0x70, 0x8f, 0xd3, 0x0, 0x0, 0x0, 0x0,
    0x0, 0x0, 0x3, 0xef, 0x64, 0xff, 0x30, 0x0,
    0x0, 0x0, 0x0, 0x0, 0x0, 0x4f, 0xf2, 0x4,
    0xff, 0x30, 0x0, 0x0, 0x0, 0x0, 0x0, 0x4f,
    0xf3, 0x0, 0x4, 0xff, 0x30, 0x0, 0x0, 0x0,
    0x0, 0x4f, 0xf3, 0x0, 0x0, 0x4, 0xff, 0x30,
    0x0, 0x0, 0x0, 0x4f, 0xf3, 0x0, 0x0, 0x0,
    0x4, 0xff, 0x30, 0x0, 0x0, 0x4f, 0xf3, 0x0,
    0x0, 0x0, 0x0, 0x5, 0xff, 0x30, 0x0, 0x4f,
    0xf3, 0x0, 0x0, 0x0, 0x0, 0x0, 0x5, 0xff,
    0x30, 0x4f, 0xf3, 0x0, 0x0, 0x0, 0x0, 0x0,
    0x0, 0x5, 0xfe, 0x7f, 0xf3, 0x0, 0x0, 0x0,
    0x0, 0x0, 0x0, 0x0, 0x5, 0xff, 0xf4, 0x0,
    0x0, 0x0, 0x0, 0x0, 0x0, 0x0, 0x0, 0x5,
    0xc4, 0x0, 0x0, 0x0, 0x0, 0x0,

    /* U+F0C4 "" */
    0x0, 0x0, 0x0, 0x0, 0x0, 0x0, 0x0, 0x0,
    0x0, 0x0, 0x3c, 0xff, 0xb2, 0x0, 0x0, 0x0,
    0x2, 0x54, 0x0, 0x3f, 0xff, 0xff, 0xe1, 0x0,
    0x0, 0x7, 0xff, 0xfe, 0x2b, 0xff, 0xbc, 0xff,
    0x90, 0x0, 0x7, 0xff, 0xff, 0xe1, 0xff, 0xb0,
    0xd, 0xfd, 0x0, 0x7, 0xff, 0xff, 0xd2, 0xf,
    0xfd, 0x0, 0xef, 0xc0, 0x8, 0xff, 0xff, 0xd1,
    0x0, 0xaf, 0xfe, 0xef, 0xfc, 0x8, 0xff, 0xff,
    0xd1, 0x0, 0x1, 0xef, 0xff, 0xff, 0xfd, 0xff,
    0xff, 0xd1, 0x0, 0x0, 0x1, 0x9d, 0xef, 0xff,
    0xff, 0xff, 0xd1, 0x0, 0x0, 0x0, 0x0, 0x0,
    0xcf, 0xff, 0xff, 0xd1, 0x0, 0x0, 0x0, 0x0,
    0x0, 0x8, 0xff, 0xff, 0xfc, 0x10, 0x0, 0x0,
    0x0, 0x4, 0x8a, 0xff, 0xff, 0xff, 0xfc, 0x10,
    0x0, 0x0, 0xb, 0xff, 0xff, 0xff, 0xff, 0xff,
    0xfd, 0x10, 0x0, 0x8, 0xff, 0xff, 0xff, 0xe2,
    0xbf, 0xff, 0xfd, 0x10, 0x0, 0xef, 0xe3, 0x4f,
    0xfb, 0x0, 0xbf, 0xff, 0xfd, 0x10, 0xf, 0xfb,
    0x0, 0xdf, 0xd0, 0x0, 0xaf, 0xff, 0xfd, 0x10,
    0xcf, 0xf9, 0xaf, 0xfa, 0x0, 0x0, 0xaf, 0xff,
    0xfd, 0x14, 0xff, 0xff, 0xff, 0x20, 0x0, 0x0,
    0x8f, 0xff, 0xe2, 0x4, 0xdf, 0xfd, 0x30, 0x0,
    0x0, 0x0, 0x36, 0x61, 0x0, 0x0, 0x11, 0x0,
    0x0, 0x0, 0x0, 0x0, 0x0, 0x0,

    /* U+F0C5 "" */
    0x0, 0x0, 0x0, 0x22, 0x22, 0x22, 0x20, 0x10,
    0x0, 0x0, 0x0, 0x0, 0xaf, 0xff, 0xff, 0xff,
    0x1c, 0x80, 0x0, 0x0, 0x0, 0xc, 0xff, 0xff,
    0xff, 0xf1, 0xcf, 0x80, 0x0, 0x0, 0x0, 0xcf,
    0xff, 0xff, 0xff, 0x1c, 0xff, 0x80, 0x37, 0x76,
    0xc, 0xff, 0xff, 0xff, 0xf1, 0x9c, 0xcc, 0x1f,
    0xff, 0xf0, 0xcf, 0xff, 0xff, 0xff, 0x50, 0x0,
    0x0, 0xff, 0xff, 0xc, 0xff, 0xff, 0xff, 0xff,
    0xff, 0xff, 0x2f, 0xff, 0xf0, 0xcf, 0xff, 0xff,
    0xff, 0xff, 0xff, 0xf2, 0xff, 0xff, 0xc, 0xff,
    0xff, 0xff, 0xff, 0xff, 0xff, 0x2f, 0xff, 0xf0,
    0xcf, 0xff, 0xff, 0xff, 0xff, 0xff, 0xf2, 0xff,
    0xff, 0xc, 0xff, 0xff, 0xff, 0xff, 0xff, 0xff,
    0x2f, 0xff, 0xf0, 0xcf, 0xff, 0xff, 0xff, 0xff,
    0xff, 0xf2, 0xff, 0xff, 0xc, 0xff, 0xff, 0xff,
    0xff, 0xff, 0xff, 0x2f, 0xff, 0xf0, 0xcf, 0xff,
    0xff, 0xff, 0xff, 0xff, 0xf2, 0xff, 0xff, 0xc,
    0xff, 0xff, 0xff, 0xff, 0xff, 0xff, 0x2f, 0xff,
    0xf0, 0xcf, 0xff, 0xff, 0xff, 0xff, 0xff, 0xf2,
    0xff, 0xff, 0xc, 0xff, 0xff, 0xff, 0xff, 0xff,
    0xff, 0x2f, 0xff, 0xf2, 0x6c, 0xcc, 0xcc, 0xcc,
    0xcc, 0xcc, 0xa0, 0xff, 0xff, 0xc2, 0x0, 0x0,
    0x0, 0x0, 0x0, 0x0, 0xf, 0xff, 0xff, 0xff,
    0xff, 0xff, 0xff, 0x10, 0x0, 0x0, 0xff, 0xff,
    0xff, 0xff, 0xff, 0xff, 0xf1, 0x0, 0x0, 0x6,
    0xaa, 0xaa, 0xaa, 0xaa, 0xaa, 0xa7, 0x0, 0x0,
    0x0,

    /* U+F0C7 "" */
    0x0, 0x0, 0x0, 0x0, 0x0, 0x0, 0x0, 0x0,
    0x0, 0x5, 0xff, 0xff, 0xff, 0xff, 0xff, 0xff,
    0xe4, 0x0, 0x0, 0xef, 0xff, 0xff, 0xff, 0xff,
    0xff, 0xff, 0xf5, 0x0, 0xf, 0xfe, 0x99, 0x99,
    0x99, 0x99, 0x9a, 0xff, 0xf5, 0x0, 0xff, 0xa0,
    0x0, 0x0, 0x0, 0x0, 0xe, 0xff, 0xf5, 0xf,
    0xfa, 0x0, 0x0, 0x0, 0x0, 0x0, 0xef, 0xff,
    0xf2, 0xff, 0xa0, 0x0, 0x0, 0x0, 0x0, 0xe,
    0xff, 0xff, 0x5f, 0xfa, 0x0, 0x0, 0x0, 0x0,
    0x0, 0xef, 0xff, 0xf5, 0xff, 0xb0, 0x0, 0x0,
    0x0, 0x0, 0x1f, 0xff, 0xff, 0x5f, 0xff, 0xff,
    0xff, 0xff, 0xff, 0xff, 0xff, 0xff, 0xf5, 0xff,
    0xff, 0xff, 0xff, 0xff, 0xff, 0xff, 0xff, 0xff,
    0x5f, 0xff, 0xff, 0xff, 0xfb, 0xae, 0xff, 0xff,
    0xff, 0xf5, 0xff, 0xff, 0xff, 0xf3, 0x0, 0xc,
    0xff, 0xff, 0xff, 0x5f, 0xff, 0xff, 0xfa, 0x0,
    0x0, 0x5f, 0xff, 0xff, 0xf5, 0xff, 0xff, 0xff,
    0xa0, 0x0, 0x5, 0xff, 0xff, 0xff, 0x5f, 0xff,
    0xff, 0xff, 0x20, 0x0, 0xcf, 0xff, 0xff, 0xf5,
    0xff, 0xff, 0xff, 0xff, 0xa9, 0xef, 0xff, 0xff,
    0xff, 0x5e, 0xff, 0xff, 0xff, 0xff, 0xff, 0xff,
    0xff, 0xff, 0xf4, 0x6f, 0xff, 0xff, 0xff, 0xff,
    0xff, 0xff, 0xff, 0xfa, 0x0, 0x1, 0x11, 0x11,
    0x11, 0x11, 0x11, 0x11, 0x10, 0x0,

    /* U+F0C9 "" */
    0xce, 0xee, 0xee, 0xee, 0xee, 0xee, 0xee, 0xee,
    0xee, 0x3f, 0xff, 0xff, 0xff, 0xff, 0xff, 0xff,
    0xff, 0xff, 0xf6, 0xef, 0xff, 0xff, 0xff, 0xff,
    0xff, 0xff, 0xff, 0xff, 0x40, 0x0, 0x0, 0x0,
    0x0, 0x0, 0x0, 0x0, 0x0, 0x0, 0x0, 0x0,
    0x0, 0x0, 0x0, 0x0, 0x0, 0x0, 0x0, 0x0,
    0x0, 0x0, 0x0, 0x0, 0x0, 0x0, 0x0, 0x0,
    0x0, 0x12, 0x22, 0x22, 0x22, 0x22, 0x22, 0x22,
    0x22, 0x21, 0xf, 0xff, 0xff, 0xff, 0xff, 0xff,
    0xff, 0xff, 0xff, 0xf5, 0xff, 0xff, 0xff, 0xff,
    0xff, 0xff, 0xff, 0xff, 0xff, 0x6b, 0xdd, 0xdd,
    0xdd, 0xdd, 0xdd, 0xdd, 0xdd, 0xdd, 0xc3, 0x0,
    0x0, 0x0, 0x0, 0x0, 0x0, 0x0, 0x0, 0x0,
    0x0, 0x0, 0x0, 0x0, 0x0, 0x0, 0x0, 0x0,
    0x0, 0x0, 0x0, 0x0, 0x0, 0x0, 0x0, 0x0,
    0x0, 0x0, 0x0, 0xc, 0xee, 0xee, 0xee, 0xee,
    0xee, 0xee, 0xee, 0xee, 0xe3, 0xff, 0xff, 0xff,
    0xff, 0xff, 0xff, 0xff, 0xff, 0xff, 0x6e, 0xff,
    0xff, 0xff, 0xff, 0xff, 0xff, 0xff, 0xff, 0xf4,
    0x0, 0x0, 0x0, 0x0, 0x0, 0x0, 0x0, 0x0,
    0x0, 0x0,

    /* U+F0E0 "" */
    0x7, 0x88, 0x88, 0x88, 0x88, 0x88, 0x88, 0x88,
    0x88, 0x87, 0xb, 0xff, 0xff, 0xff, 0xff, 0xff,
    0xff, 0xff, 0xff, 0xff, 0xfb, 0xff, 0xff, 0xff,
    0xff, 0xff, 0xff, 0xff, 0xff, 0xff, 0xff, 0xfe,
    0xff, 0xff, 0xff, 0xff, 0xff, 0xff, 0xff, 0xff,
    0xff, 0xfe, 0x2c, 0xff, 0xff, 0xff, 0xff, 0xff,
    0xff, 0xff, 0xff, 0xfc, 0x23, 0x9, 0xff, 0xff,
    0xff, 0xff, 0xff, 0xff, 0xff, 0xf9, 0x6, 0xf8,
    0x5, 0xff, 0xff, 0xff, 0xff, 0xff, 0xff, 0xf5,
    0x1b, 0xff, 0xfc, 0x22, 0xcf, 0xff, 0xff, 0xff,
    0xff, 0xc2, 0x4e, 0xff, 0xff, 0xff, 0x60, 0x8f,
    0xff, 0xff, 0xff, 0x80, 0x8f, 0xff, 0xff, 0xff,
    0xff, 0xb1, 0x4e, 0xff, 0xfe, 0x42, 0xcf, 0xff,
    0xff, 0xff, 0xff, 0xff, 0xe4, 0x19, 0xe9, 0x14,
    0xef, 0xff, 0xff, 0xff, 0xff, 0xff, 0xff, 0xf9,
    0x20, 0x29, 0xff, 0xff, 0xff, 0xff, 0xff, 0xff,
    0xff, 0xff, 0xff, 0xff, 0xff, 0xff, 0xff, 0xff,
    0xff, 0xff, 0xff, 0xff, 0xff, 0xff, 0xff, 0xff,
    0xff, 0xff, 0xff, 0xef, 0xff, 0xff, 0xff, 0xff,
    0xff, 0xff, 0xff, 0xff, 0xff, 0xe4, 0xef, 0xff,
    0xff, 0xff, 0xff, 0xff, 0xff, 0xff, 0xff, 0xe4,

    /* U+F0E7 "" */
    0x0, 0x2, 0x22, 0x22, 0x21, 0x0, 0x0, 0x0,
    0x9, 0xff, 0xff, 0xff, 0xf1, 0x0, 0x0, 0x0,
    0xcf, 0xff, 0xff, 0xff, 0x0, 0x0, 0x0, 0xe,
    0xff, 0xff, 0xff, 0xa0, 0x0, 0x0, 0x0, 0xff,
    0xff, 0xff, 0xf5, 0x0, 0x0, 0x0, 0x3f, 0xff,
    0xff, 0xff, 0x0, 0x0, 0x0, 0x5, 0xff, 0xff,
    0xff, 0xb0, 0x0, 0x0, 0x0, 0x7f, 0xff, 0xff,
    0xfc, 0x99, 0x99, 0x70, 0x9, 0xff, 0xff, 0xff,
    0xff, 0xff, 0xff, 0x10, 0xbf, 0xff, 0xff, 0xff,
    0xff, 0xff, 0xa0, 0xd, 0xff, 0xff, 0xff, 0xff,
    0xff, 0xf1, 0x0, 0xff, 0xff, 0xff, 0xff, 0xff,
    0xf7, 0x0, 0x6, 0xaa, 0xaa, 0xbf, 0xff, 0xfd,
    0x0, 0x0, 0x0, 0x0, 0x5, 0xff, 0xff, 0x50,
    0x0, 0x0, 0x0, 0x0, 0x9f, 0xff, 0xb0, 0x0,
    0x0, 0x0, 0x0, 0xd, 0xff, 0xf2, 0x0, 0x0,
    0x0, 0x0, 0x0, 0xff, 0xf9, 0x0, 0x0, 0x0,
    0x0, 0x0, 0x4f, 0xfe, 0x10, 0x0, 0x0, 0x0,
    0x0, 0x8, 0xff, 0x60, 0x0, 0x0, 0x0, 0x0,
    0x0, 0xcf, 0xd0, 0x0, 0x0, 0x0, 0x0, 0x0,
    0xf, 0xf4, 0x0, 0x0, 0x0, 0x0, 0x0, 0x0,
    0xa8, 0x0, 0x0, 0x0, 0x0,

    /* U+F0EA "" */
    0x0, 0x0, 0x4, 0x74, 0x0, 0x0, 0x0, 0x0,
    0x0, 0x1, 0x33, 0x37, 0xff, 0xf8, 0x33, 0x31,
    0x0, 0x0, 0x0, 0xef, 0xff, 0xfd, 0x3c, 0xff,
    0xff, 0xe0, 0x0, 0x0, 0xf, 0xff, 0xff, 0xa0,
    0x9f, 0xff, 0xff, 0x10, 0x0, 0x0, 0xff, 0xff,
    0xff, 0xcf, 0xff, 0xff, 0xf1, 0x0, 0x0, 0xf,
    0xff, 0xff, 0xff, 0xff, 0xff, 0xff, 0x10, 0x0,
    0x0, 0xff, 0xff, 0xfe, 0x40, 0x0, 0x0, 0x0,
    0x0, 0x0, 0xf, 0xff, 0xff, 0x63, 0xde, 0xee,
    0xee, 0x1a, 0x40, 0x0, 0xff, 0xff, 0xf4, 0x7f,
    0xff, 0xff, 0xf1, 0xcf, 0x40, 0xf, 0xff, 0xff,
    0x47, 0xff, 0xff, 0xff, 0x1c, 0xff, 0x40, 0xff,
    0xff, 0xf4, 0x7f, 0xff, 0xff, 0xf1, 0xcf, 0xff,
    0x1f, 0xff, 0xff, 0x47, 0xff, 0xff, 0xff, 0x10,
    0x0, 0x0, 0xff, 0xff, 0xf4, 0x7f, 0xff, 0xff,
    0xf9, 0x55, 0x55, 0xf, 0xff, 0xff, 0x47, 0xff,
    0xff, 0xff, 0xff, 0xff, 0xf2, 0xff, 0xff, 0xf4,
    0x7f, 0xff, 0xff, 0xff, 0xff, 0xff, 0x2f, 0xff,
    0xff, 0x47, 0xff, 0xff, 0xff, 0xff, 0xff, 0xf2,
    0xff, 0xff, 0xf4, 0x7f, 0xff, 0xff, 0xff, 0xff,
    0xff, 0x2a, 0xee, 0xee, 0x37, 0xff, 0xff, 0xff,
    0xff, 0xff, 0xf2, 0x0, 0x0, 0x0, 0x7f, 0xff,
    0xff, 0xff, 0xff, 0xff, 0x20, 0x0, 0x0, 0x7,
    0xff, 0xff, 0xff, 0xff, 0xff, 0xf2, 0x0, 0x0,
    0x0, 0x7f, 0xff, 0xff, 0xff, 0xff, 0xff, 0x20,
    0x0, 0x0, 0x3, 0xdd, 0xdd, 0xdd, 0xdd, 0xdd,
    0xb0,

    /* U+F0F3 "" */
    0x0, 0x0, 0x0, 0x0, 0x1, 0x0, 0x0, 0x0,
    0x0, 0x0, 0x0, 0x0, 0x0, 0xd, 0xf4, 0x0,
    0x0, 0x0, 0x0, 0x0, 0x0, 0x0, 0x1, 0xff,
    0x70, 0x0, 0x0, 0x0, 0x0, 0x0, 0x0, 0x18,
    0xef, 0xff, 0xa3, 0x0, 0x0, 0x0, 0x0, 0x0,
    0x3e, 0xff, 0xff, 0xff, 0xf8, 0x0, 0x0, 0x0,
    0x0, 0x2f, 0xff, 0xff, 0xff, 0xff, 0xf6, 0x0,
    0x0, 0x0, 0xb, 0xff, 0xff, 0xff, 0xff, 0xff,
    0xf1, 0x0, 0x0, 0x1, 0xff, 0xff, 0xff, 0xff,
    0xff, 0xff, 0x70, 0x0, 0x0, 0x4f, 0xff, 0xff,
    0xff, 0xff, 0xff, 0xfa, 0x0, 0x0, 0x6, 0xff,
    0xff, 0xff, 0xff, 0xff, 0xff, 0xc0, 0x0, 0x0,
    0x7f, 0xff, 0xff, 0xff, 0xff, 0xff, 0xfd, 0x0,
    0x0, 0x9, 0xff, 0xff, 0xff, 0xff, 0xff, 0xff,
    0xe0, 0x0, 0x0, 0xcf, 0xff, 0xff, 0xff, 0xff,
    0xff, 0xff, 0x20, 0x0, 0x1f, 0xff, 0xff, 0xff,
    0xff, 0xff, 0xff, 0xf7, 0x0, 0xa, 0xff, 0xff,
    0xff, 0xff, 0xff, 0xff, 0xff, 0xe1, 0x7, 0xff,
    0xff, 0xff, 0xff, 0xff, 0xff, 0xff, 0xff, 0xc0,
    0xff, 0xff, 0xff, 0xff, 0xff, 0xff, 0xff, 0xff,
    0xff, 0x58, 0xee, 0xee, 0xee, 0xee, 0xee, 0xee,
    0xee, 0xee, 0xc1, 0x0, 0x0, 0x0, 0x0, 0x0,
    0x0, 0x0, 0x0, 0x0, 0x0, 0x0, 0x0, 0x5,
    0xff, 0xff, 0xb0, 0x0, 0x0, 0x0, 0x0, 0x0,
    0x0, 0xd, 0xff, 0xf4, 0x0, 0x0, 0x0, 0x0,
    0x0, 0x0, 0x0, 0x17, 0x83, 0x0, 0x0, 0x0,
    0x0,

    /* U+F11C "" */
    0x19, 0xaa, 0xaa, 0xaa, 0xaa, 0xaa, 0xaa, 0xaa,
    0xaa, 0xaa, 0xaa, 0x60, 0xcf, 0xff, 0xff, 0xff,
    0xff, 0xff, 0xff, 0xff, 0xff, 0xff, 0xff, 0xf6,
    0xff, 0xff, 0xff, 0xff, 0xff, 0xff, 0xff, 0xff,
    0xff, 0xff, 0xff, 0xf9, 0xff, 0xa0, 0xf, 0x60,
    0xf, 0x60, 0xf, 0x60, 0xf, 0x60, 0xf, 0xfa,
    0xff, 0xa0, 0xe, 0x60, 0xe, 0x60, 0xe, 0x60,
    0xf, 0x60, 0xf, 0xfa, 0xff, 0xd5, 0x6f, 0xa5,
    0x6f, 0xa5, 0x6f, 0xa5, 0x6f, 0xa5, 0x6f, 0xfa,
    0xff, 0xff, 0xff, 0xff, 0xff, 0xff, 0xff, 0xff,
    0xff, 0xff, 0xff, 0xfa, 0xff, 0xff, 0xa0, 0xf,
    0x70, 0xf, 0x70, 0xf, 0x60, 0xf, 0xff, 0xfa,
    0xff, 0xff, 0x90, 0xf, 0x60, 0xf, 0x60, 0xf,
    0x60, 0xf, 0xff, 0xfa, 0xff, 0xff, 0xc5, 0x6f,
    0xa5, 0x6f, 0xa5, 0x6f, 0xa5, 0x6f, 0xff, 0xfa,
    0xff, 0xff, 0xff, 0xff, 0xff, 0xff, 0xff, 0xff,
    0xff, 0xff, 0xff, 0xfa, 0xff, 0xa0, 0xf, 0x60,
    0x0, 0x0, 0x0, 0x0, 0xf, 0x60, 0xf, 0xfa,
    0xff, 0xa0, 0xe, 0x60, 0x0, 0x0, 0x0, 0x0,
    0xf, 0x60, 0xf, 0xfa, 0xff, 0xea, 0xaf, 0xda,
    0xaa, 0xaa, 0xaa, 0xaa, 0xaf, 0xda, 0xaf, 0xfa,
    0xef, 0xff, 0xff, 0xff, 0xff, 0xff, 0xff, 0xff,
    0xff, 0xff, 0xff, 0xf8, 0x4e, 0xff, 0xff, 0xff,
    0xff, 0xff, 0xff, 0xff, 0xff, 0xff, 0xff, 0xc1,

    /* U+F124 "" */
    0x0, 0x0, 0x0, 0x0, 0x0, 0x0, 0x0, 0x0,
    0x0, 0x4, 0x40, 0x0, 0x0, 0x0, 0x0, 0x0,
    0x0, 0x0, 0x0, 0x0, 0x6d, 0xff, 0x80, 0x0,
    0x0, 0x0, 0x0, 0x0, 0x0, 0x0, 0x17, 0xef,
    0xff, 0xff, 0x0, 0x0, 0x0, 0x0, 0x0, 0x0,
    0x2, 0x9f, 0xff, 0xff, 0xff, 0xc0, 0x0, 0x0,
    0x0, 0x0, 0x0, 0x3a, 0xff, 0xff, 0xff, 0xff,
    0xf5, 0x0, 0x0, 0x0, 0x0, 0x4, 0xbf, 0xff,
    0xff, 0xff, 0xff, 0xfd, 0x0, 0x0, 0x0, 0x0,
    0x5d, 0xff, 0xff, 0xff, 0xff, 0xff, 0xff, 0x60,
    0x0, 0x0, 0x6, 0xef, 0xff, 0xff, 0xff, 0xff,
    0xff, 0xff, 0xe0, 0x0, 0x0, 0x8e, 0xff, 0xff,
    0xff, 0xff, 0xff, 0xff, 0xff, 0xf7, 0x0, 0x0,
    0xbf, 0xff, 0xff, 0xff, 0xff, 0xff, 0xff, 0xff,
    0xff, 0x10, 0x0, 0xf, 0xff, 0xff, 0xff, 0xff,
    0xff, 0xff, 0xff, 0xff, 0x90, 0x0, 0x0, 0xaf,
    0xff, 0xff, 0xff, 0xff, 0xff, 0xff, 0xff, 0xf1,
    0x0, 0x0, 0x0, 0x57, 0x77, 0x77, 0x77, 0xef,
    0xff, 0xff, 0xfa, 0x0, 0x0, 0x0, 0x0, 0x0,
    0x0, 0x0, 0xd, 0xff, 0xff, 0xff, 0x30, 0x0,
    0x0, 0x0, 0x0, 0x0, 0x0, 0x0, 0xdf, 0xff,
    0xff, 0xb0, 0x0, 0x0, 0x0, 0x0, 0x0, 0x0,
    0x0, 0xd, 0xff, 0xff, 0xf4, 0x0, 0x0, 0x0,
    0x0, 0x0, 0x0, 0x0, 0x0, 0xdf, 0xff, 0xfc,
    0x0, 0x0, 0x0, 0x0, 0x0, 0x0, 0x0, 0x0,
    0xd, 0xff, 0xff, 0x50, 0x0, 0x0, 0x0, 0x0,
    0x0, 0x0, 0x0, 0x0, 0xdf, 0xff, 0xe0, 0x0,
    0x0, 0x0, 0x0, 0x0, 0x0, 0x0, 0x0, 0xc,
    0xff, 0xf6, 0x0, 0x0, 0x0, 0x0, 0x0, 0x0,
    0x0, 0x0, 0x0, 0x9f, 0xfe, 0x0, 0x0, 0x0,
    0x0, 0x0, 0x0, 0x0, 0x0, 0x0, 0x0, 0x78,
    0x20, 0x0, 0x0, 0x0, 0x0,

    /* U+F15B "" */
    0x24, 0x44, 0x44, 0x44, 0x40, 0x11, 0x0, 0x0,
    0xef, 0xff, 0xff, 0xff, 0xf3, 0x5e, 0x30, 0x0,
    0xff, 0xff, 0xff, 0xff, 0xf3, 0x5f, 0xe3, 0x0,
    0xff, 0xff, 0xff, 0xff, 0xf3, 0x5f, 0xfe, 0x30,
    0xff, 0xff, 0xff, 0xff, 0xf3, 0x5f, 0xff, 0xe3,
    0xff, 0xff, 0xff, 0xff, 0xf3, 0x5f, 0xff, 0xfc,
    0xff, 0xff, 0xff, 0xff, 0xf5, 0x0, 0x0, 0x0,
    0xff, 0xff, 0xff, 0xff, 0xff, 0xff, 0xff, 0xfe,
    0xff, 0xff, 0xff, 0xff, 0xff, 0xff, 0xff, 0xfe,
    0xff, 0xff, 0xff, 0xff, 0xff, 0xff, 0xff, 0xfe,
    0xff, 0xff, 0xff, 0xff, 0xff, 0xff, 0xff, 0xfe,
    0xff, 0xff, 0xff, 0xff, 0xff, 0xff, 0xff, 0xfe,
    0xff, 0xff, 0xff, 0xff, 0xff, 0xff, 0xff, 0xfe,
    0xff, 0xff, 0xff, 0xff, 0xff, 0xff, 0xff, 0xfe,
    0xff, 0xff, 0xff, 0xff, 0xff, 0xff, 0xff, 0xfe,
    0xff, 0xff, 0xff, 0xff, 0xff, 0xff, 0xff, 0xfe,
    0xff, 0xff, 0xff, 0xff, 0xff, 0xff, 0xff, 0xfe,
    0xff, 0xff, 0xff, 0xff, 0xff, 0xff, 0xff, 0xfe,
    0xff, 0xff, 0xff, 0xff, 0xff, 0xff, 0xff, 0xfe,
    0xff, 0xff, 0xff, 0xff, 0xff, 0xff, 0xff, 0xfe,
    0xff, 0xff, 0xff, 0xff, 0xff, 0xff, 0xff, 0xfe,
    0x47, 0x77, 0x77, 0x77, 0x77, 0x77, 0x77, 0x73,

    /* U+F1EB "" */
    0x0, 0x0, 0x0, 0x0, 0x0, 0x0, 0x0, 0x0,
    0x0, 0x0, 0x0, 0x0, 0x0, 0x0, 0x0, 0x0,
    0x0, 0x16, 0x9c, 0xef, 0xfe, 0xda, 0x73, 0x0,
    0x0, 0x0, 0x0, 0x0, 0x0, 0x6, 0xcf, 0xff,
    0xff, 0xff, 0xff, 0xff, 0xfe, 0x81, 0x0, 0x0,
    0x0, 0x0, 0x5e, 0xff, 0xff, 0xff, 0xff, 0xff,
    0xff, 0xff, 0xff, 0xf8, 0x0, 0x0, 0x1, 0xbf,
    0xff, 0xff, 0xfb, 0x86, 0x55, 0x57, 0xae, 0xff,
    0xff, 0xfd, 0x30, 0x3, 0xef, 0xff, 0xfb, 0x40,
    0x0, 0x0, 0x0, 0x0, 0x3, 0x9f, 0xff, 0xff,
    0x60, 0xef, 0xff, 0xd3, 0x0, 0x0, 0x0, 0x0,
    0x0, 0x0, 0x0, 0x2a, 0xff, 0xff, 0x25, 0xff,
    0x90, 0x0, 0x0, 0x2, 0x45, 0x64, 0x30, 0x0,
    0x0, 0x6, 0xff, 0x80, 0x4, 0x50, 0x0, 0x1,
    0x8d, 0xff, 0xff, 0xff, 0xea, 0x30, 0x0, 0x3,
    0x60, 0x0, 0x0, 0x0, 0x8, 0xff, 0xff, 0xff,
    0xff, 0xff, 0xff, 0xb1, 0x0, 0x0, 0x0, 0x0,
    0x0, 0x1c, 0xff, 0xff, 0xff, 0xee, 0xff, 0xff,
    0xff, 0xe3, 0x0, 0x0, 0x0, 0x0, 0x3, 0xff,
    0xff, 0x94, 0x0, 0x0, 0x37, 0xef, 0xff, 0x70,
    0x0, 0x0, 0x0, 0x0, 0x6, 0xfc, 0x20, 0x0,
    0x0, 0x0, 0x0, 0x9f, 0xa0, 0x0, 0x0, 0x0,
    0x0, 0x0, 0x2, 0x0, 0x0, 0x0, 0x0, 0x0,
    0x0, 0x20, 0x0, 0x0, 0x0, 0x0, 0x0, 0x0,
    0x0, 0x0, 0x5, 0xdd, 0x70, 0x0, 0x0, 0x0,
    0x0, 0x0, 0x0, 0x0, 0x0, 0x0, 0x0, 0x2,
    0xff, 0xff, 0x60, 0x0, 0x0, 0x0, 0x0, 0x0,
    0x0, 0x0, 0x0, 0x0, 0x0, 0x7f, 0xff, 0xfb,
    0x0, 0x0, 0x0, 0x0, 0x0, 0x0, 0x0, 0x0,
    0x0, 0x0, 0x5, 0xff, 0xff, 0x90, 0x0, 0x0,
    0x0, 0x0, 0x0, 0x0, 0x0, 0x0, 0x0, 0x0,
    0xb, 0xff, 0xd1, 0x0, 0x0, 0x0, 0x0, 0x0,
    0x0, 0x0, 0x0, 0x0, 0x0, 0x0, 0x3, 0x30,
    0x0, 0x0, 0x0, 0x0, 0x0, 0x0,

    /* U+F240 "" */
    0x7, 0x99, 0x99, 0x99, 0x99, 0x99, 0x99, 0x99,
    0x99, 0x99, 0x99, 0x97, 0x0, 0xb, 0xff, 0xff,
    0xff, 0xff, 0xff, 0xff, 0xff, 0xff, 0xff, 0xff,
    0xff, 0xfa, 0x0, 0xff, 0xff, 0xff, 0xff, 0xff,
    0xff, 0xff, 0xff, 0xff, 0xff, 0xff, 0xff, 0xe0,
    0xf, 0xfa, 0x0, 0x0, 0x0, 0x0, 0x0, 0x0,
    0x0, 0x0, 0x0, 0xd, 0xff, 0xc0, 0xff, 0xa0,
    0x44, 0x44, 0x44, 0x44, 0x44, 0x44, 0x44, 0x44,
    0x40, 0xdf, 0xff, 0x1f, 0xfa, 0x1f, 0xff, 0xff,
    0xff, 0xff, 0xff, 0xff, 0xff, 0xff, 0x9, 0xdf,
    0xf1, 0xff, 0xa1, 0xff, 0xff, 0xff, 0xff, 0xff,
    0xff, 0xff, 0xff, 0xf0, 0x8, 0xff, 0x1f, 0xfa,
    0x1f, 0xff, 0xff, 0xff, 0xff, 0xff, 0xff, 0xff,
    0xff, 0x0, 0x8f, 0xf1, 0xff, 0xa1, 0xff, 0xff,
    0xff, 0xff, 0xff, 0xff, 0xff, 0xff, 0xf0, 0x7c,
    0xff, 0x1f, 0xfa, 0xf, 0xff, 0xff, 0xff, 0xff,
    0xff, 0xff, 0xff, 0xff, 0xd, 0xff, 0xf1, 0xff,
    0xa0, 0x0, 0x0, 0x0, 0x0, 0x0, 0x0, 0x0,
    0x0, 0x0, 0xdf, 0xfe, 0xf, 0xff, 0xff, 0xff,
    0xff, 0xff, 0xff, 0xff, 0xff, 0xff, 0xff, 0xff,
    0xfe, 0x0, 0xcf, 0xff, 0xff, 0xff, 0xff, 0xff,
    0xff, 0xff, 0xff, 0xff, 0xff, 0xff, 0xb0, 0x1,
    0x9a, 0xaa, 0xaa, 0xaa, 0xaa, 0xaa, 0xaa, 0xaa,
    0xaa, 0xaa, 0xaa, 0x81, 0x0,

    /* U+F241 "" */
    0x7, 0x99, 0x99, 0x99, 0x99, 0x99, 0x99, 0x99,
    0x99, 0x99, 0x99, 0x97, 0x0, 0xb, 0xff, 0xff,
    0xff, 0xff, 0xff, 0xff, 0xff, 0xff, 0xff, 0xff,
    0xff, 0xfa, 0x0, 0xff, 0xff, 0xff, 0xff, 0xff,
    0xff, 0xff, 0xff, 0xff, 0xff, 0xff, 0xff, 0xe0,
    0xf, 0xfa, 0x0, 0x0, 0x0, 0x0, 0x0, 0x0,
    0x0, 0x0, 0x0, 0xd, 0xff, 0xc0, 0xff, 0xa0,
    0x44, 0x44, 0x44, 0x44, 0x44, 0x44, 0x40, 0x0,
    0x0, 0xdf, 0xff, 0x1f, 0xfa, 0x1f, 0xff, 0xff,
    0xff, 0xff, 0xff, 0xff, 0x10, 0x0, 0x9, 0xdf,
    0xf1, 0xff, 0xa1, 0xff, 0xff, 0xff, 0xff, 0xff,
    0xff, 0xf1, 0x0, 0x0, 0x8, 0xff, 0x1f, 0xfa,
    0x1f, 0xff, 0xff, 0xff, 0xff, 0xff, 0xff, 0x10,
    0x0, 0x0, 0x8f, 0xf1, 0xff, 0xa1, 0xff, 0xff,
    0xff, 0xff, 0xff, 0xff, 0xf1, 0x0, 0x0, 0x7c,
    0xff, 0x1f, 0xfa, 0xf, 0xff, 0xff, 0xff, 0xff,
    0xff, 0xff, 0x0, 0x0, 0xd, 0xff, 0xf1, 0xff,
    0xa0, 0x0, 0x0, 0x0, 0x0, 0x0, 0x0, 0x0,
    0x0, 0x0, 0xdf, 0xfe, 0xf, 0xff, 0xff, 0xff,
    0xff, 0xff, 0xff, 0xff, 0xff, 0xff, 0xff, 0xff,
    0xfe, 0x0, 0xcf, 0xff, 0xff, 0xff, 0xff, 0xff,
    0xff, 0xff, 0xff, 0xff, 0xff, 0xff, 0xb0, 0x1,
    0x9a, 0xaa, 0xaa, 0xaa, 0xaa, 0xaa, 0xaa, 0xaa,
    0xaa, 0xaa, 0xaa, 0x81, 0x0,

    /* U+F242 "" */
    0x7, 0x99, 0x99, 0x99, 0x99, 0x99, 0x99, 0x99,
    0x99, 0x99, 0x99, 0x97, 0x0, 0xb, 0xff, 0xff,
    0xff, 0xff, 0xff, 0xff, 0xff, 0xff, 0xff, 0xff,
    0xff, 0xfa, 0x0, 0xff, 0xff, 0xff, 0xff, 0xff,
    0xff, 0xff, 0xff, 0xff, 0xff, 0xff, 0xff, 0xe0,
    0xf, 0xfa, 0x0, 0x0, 0x0, 0x0, 0x0, 0x0,
    0x0, 0x0, 0x0, 0xd, 0xff, 0xc0, 0xff, 0xa0,
    0x44, 0x44, 0x44, 0x44, 0x40, 0x0, 0x0, 0x0,
    0x0, 0xdf, 0xff, 0x1f, 0xfa, 0x1f, 0xff, 0xff,
    0xff, 0xff, 0x20, 0x0, 0x0, 0x0, 0x9, 0xdf,
    0xf1, 0xff, 0xa1, 0xff, 0xff, 0xff, 0xff, 0xf2,
    0x0, 0x0, 0x0, 0x0, 0x8, 0xff, 0x1f, 0xfa,
    0x1f, 0xff, 0xff, 0xff, 0xff, 0x20, 0x0, 0x0,
    0x0, 0x0, 0x8f, 0xf1, 0xff, 0xa1, 0xff, 0xff,
    0xff, 0xff, 0xf2, 0x0, 0x0, 0x0, 0x0, 0x7c,
    0xff, 0x1f, 0xfa, 0xf, 0xff, 0xff, 0xff, 0xff,
    0x10, 0x0, 0x0, 0x0, 0xd, 0xff, 0xf1, 0xff,
    0xa0, 0x0, 0x0, 0x0, 0x0, 0x0, 0x0, 0x0,
    0x0, 0x0, 0xdf, 0xfe, 0xf, 0xff, 0xff, 0xff,
    0xff, 0xff, 0xff, 0xff, 0xff, 0xff, 0xff, 0xff,
    0xfe, 0x0, 0xcf, 0xff, 0xff, 0xff, 0xff, 0xff,
    0xff, 0xff, 0xff, 0xff, 0xff, 0xff, 0xb0, 0x1,
    0x9a, 0xaa, 0xaa, 0xaa, 0xaa, 0xaa, 0xaa, 0xaa,
    0xaa, 0xaa, 0xaa, 0x81, 0x0,

    /* U+F243 "" */
    0x7, 0x99, 0x99, 0x99, 0x99, 0x99, 0x99, 0x99,
    0x99, 0x99, 0x99, 0x97, 0x0, 0xb, 0xff, 0xff,
    0xff, 0xff, 0xff, 0xff, 0xff, 0xff, 0xff, 0xff,
    0xff, 0xfa, 0x0, 0xff, 0xff, 0xff, 0xff, 0xff,
    0xff, 0xff, 0xff, 0xff, 0xff, 0xff, 0xff, 0xe0,
    0xf, 0xfa, 0x0, 0x0, 0x0, 0x0, 0x0, 0x0,
    0x0, 0x0, 0x0, 0xd, 0xff, 0xc0, 0xff, 0xa0,
    0x44, 0x44, 0x40, 0x0, 0x0, 0x0, 0x0, 0x0,
    0x0, 0xdf, 0xff, 0x1f, 0xfa, 0x1f, 0xff, 0xff,
    0x30, 0x0, 0x0, 0x0, 0x0, 0x0, 0x9, 0xdf,
    0xf1, 0xff, 0xa1, 0xff, 0xff, 0xf3, 0x0, 0x0,
    0x0, 0x0, 0x0, 0x0, 0x8, 0xff, 0x1f, 0xfa,
    0x1f, 0xff, 0xff, 0x30, 0x0, 0x0, 0x0, 0x0,
    0x0, 0x0, 0x8f, 0xf1, 0xff, 0xa1, 0xff, 0xff,
    0xf3, 0x0, 0x0, 0x0, 0x0, 0x0, 0x0, 0x7c,
    0xff, 0x1f, 0xfa, 0xf, 0xff, 0xff, 0x20, 0x0,
    0x0, 0x0, 0x0, 0x0, 0xd, 0xff, 0xf1, 0xff,
    0xa0, 0x0, 0x0, 0x0, 0x0, 0x0, 0x0, 0x0,
    0x0, 0x0, 0xdf, 0xfe, 0xf, 0xff, 0xff, 0xff,
    0xff, 0xff, 0xff, 0xff, 0xff, 0xff, 0xff, 0xff,
    0xfe, 0x0, 0xcf, 0xff, 0xff, 0xff, 0xff, 0xff,
    0xff, 0xff, 0xff, 0xff, 0xff, 0xff, 0xb0, 0x1,
    0x9a, 0xaa, 0xaa, 0xaa, 0xaa, 0xaa, 0xaa, 0xaa,
    0xaa, 0xaa, 0xaa, 0x81, 0x0,

    /* U+F244 "" */
    0x7, 0x99, 0x99, 0x99, 0x99, 0x99, 0x99, 0x99,
    0x99, 0x99, 0x99, 0x97, 0x0, 0xb, 0xff, 0xff,
    0xff, 0xff, 0xff, 0xff, 0xff, 0xff, 0xff, 0xff,
    0xff, 0xfa, 0x0, 0xff, 0xff, 0xff, 0xff, 0xff,
    0xff, 0xff, 0xff, 0xff, 0xff, 0xff, 0xff, 0xe0,
    0xf, 0xfa, 0x0, 0x0, 0x0, 0x0, 0x0, 0x0,
    0x0, 0x0, 0x0, 0xd, 0xff, 0xc0, 0xff, 0xa0,
    0x0, 0x0, 0x0, 0x0, 0x0, 0x0, 0x0, 0x0,
    0x0, 0xdf, 0xff, 0x1f, 0xfa, 0x0, 0x0, 0x0,
    0x0, 0x0, 0x0, 0x0, 0x0, 0x0, 0x9, 0xdf,
    0xf1, 0xff, 0xa0, 0x0, 0x0, 0x0, 0x0, 0x0,
    0x0, 0x0, 0x0, 0x0, 0x8, 0xff, 0x1f, 0xfa,
    0x0, 0x0, 0x0, 0x0, 0x0, 0x0, 0x0, 0x0,
    0x0, 0x0, 0x8f, 0xf1, 0xff, 0xa0, 0x0, 0x0,
    0x0, 0x0, 0x0, 0x0, 0x0, 0x0, 0x0, 0x7c,
    0xff, 0x1f, 0xfa, 0x0, 0x0, 0x0, 0x0, 0x0,
    0x0, 0x0, 0x0, 0x0, 0xd, 0xff, 0xf1, 0xff,
    0xa0, 0x0, 0x0, 0x0, 0x0, 0x0, 0x0, 0x0,
    0x0, 0x0, 0xdf, 0xfe, 0xf, 0xff, 0xff, 0xff,
    0xff, 0xff, 0xff, 0xff, 0xff, 0xff, 0xff, 0xff,
    0xfe, 0x0, 0xcf, 0xff, 0xff, 0xff, 0xff, 0xff,
    0xff, 0xff, 0xff, 0xff, 0xff, 0xff, 0xb0, 0x1,
    0x9a, 0xaa, 0xaa, 0xaa, 0xaa, 0xaa, 0xaa, 0xaa,
    0xaa, 0xaa, 0xaa, 0x81, 0x0,

    /* U+F287 "" */
    0x0, 0x0, 0x0, 0x0, 0x0, 0x0, 0x1, 0xbd,
    0x70, 0x0, 0x0, 0x0, 0x0, 0x0, 0x0, 0x0,
    0x0, 0x0, 0x0, 0x57, 0xcf, 0xff, 0x50, 0x0,
    0x0, 0x0, 0x0, 0x0, 0x0, 0x0, 0x0, 0x0,
    0xcf, 0xff, 0xff, 0xf7, 0x0, 0x0, 0x0, 0x0,
    0x0, 0x0, 0x0, 0x0, 0x0, 0x7f, 0x50, 0x6f,
    0xfe, 0x20, 0x0, 0x0, 0x0, 0x0, 0x0, 0x0,
    0x0, 0x0, 0xe, 0xa0, 0x0, 0x46, 0x20, 0x0,
    0x0, 0x0, 0x0, 0x0, 0x49, 0x93, 0x0, 0x6,
    0xf2, 0x0, 0x0, 0x0, 0x0, 0x0, 0x3, 0x0,
    0x0, 0x5f, 0xff, 0xf3, 0x0, 0xeb, 0x0, 0x0,
    0x0, 0x0, 0x0, 0x1, 0xfa, 0x10, 0xd, 0xff,
    0xff, 0xd8, 0xcf, 0xa8, 0x88, 0x88, 0x88, 0x88,
    0x88, 0x8f, 0xff, 0x70, 0xff, 0xff, 0xff, 0xff,
    0xff, 0xff, 0xff, 0xff, 0xff, 0xff, 0xff, 0xff,
    0xfe, 0x2a, 0xff, 0xff, 0x70, 0x0, 0x5, 0xf6,
    0x0, 0x0, 0x0, 0x0, 0x1f, 0xf8, 0x0, 0x1b,
    0xff, 0x90, 0x0, 0x0, 0xb, 0xe0, 0x0, 0x0,
    0x0, 0x0, 0xa2, 0x0, 0x0, 0x0, 0x0, 0x0,
    0x0, 0x0, 0x3f, 0x60, 0x2, 0x33, 0x31, 0x0,
    0x0, 0x0, 0x0, 0x0, 0x0, 0x0, 0x0, 0x0,
    0xbe, 0x10, 0xef, 0xff, 0x70, 0x0, 0x0, 0x0,
    0x0, 0x0, 0x0, 0x0, 0x0, 0x2, 0xee, 0xbf,
    0xff, 0xf7, 0x0, 0x0, 0x0, 0x0, 0x0, 0x0,
    0x0, 0x0, 0x0, 0x2, 0x9b, 0xff, 0xff, 0x70,
    0x0, 0x0, 0x0, 0x0, 0x0, 0x0, 0x0, 0x0,
    0x0, 0x0, 0xe, 0xff, 0xf7, 0x0, 0x0, 0x0,
    0x0, 0x0, 0x0, 0x0, 0x0, 0x0, 0x0, 0x0,
    0x22, 0x22, 0x0, 0x0, 0x0, 0x0,

    /* U+F293 "" */
    0x0, 0x0, 0x0, 0x1, 0x21, 0x0, 0x0, 0x0,
    0x0, 0x0, 0x4, 0xbf, 0xff, 0xfe, 0xa3, 0x0,
    0x0, 0x0, 0x9, 0xff, 0xff, 0xdf, 0xff, 0xf7,
    0x0, 0x0, 0x9, 0xff, 0xff, 0xe1, 0xef, 0xff,
    0xf5, 0x0, 0x3, 0xff, 0xff, 0xfe, 0x3, 0xff,
    0xff, 0xe0, 0x0, 0xaf, 0xff, 0xff, 0xe0, 0x4,
    0xff, 0xff, 0x40, 0xe, 0xff, 0xdf, 0xfe, 0x6,
    0x5, 0xff, 0xf9, 0x1, 0xff, 0xf1, 0x3f, 0xe0,
    0xca, 0x7, 0xff, 0xc0, 0x4f, 0xff, 0x90, 0x3d,
    0xb, 0x60, 0xbf, 0xfe, 0x5, 0xff, 0xff, 0x90,
    0x20, 0x30, 0xaf, 0xff, 0xf0, 0x6f, 0xff, 0xff,
    0x90, 0x0, 0x8f, 0xff, 0xff, 0x7, 0xff, 0xff,
    0xff, 0x50, 0x2f, 0xff, 0xff, 0xf1, 0x6f, 0xff,
    0xff, 0x90, 0x0, 0x7f, 0xff, 0xff, 0x5, 0xff,
    0xff, 0x90, 0x30, 0x30, 0x8f, 0xff, 0xf0, 0x4f,
    0xff, 0x90, 0x3e, 0xb, 0x60, 0x9f, 0xfe, 0x1,
    0xff, 0xf2, 0x4f, 0xf0, 0xc9, 0x6, 0xff, 0xc0,
    0xe, 0xff, 0xef, 0xff, 0x6, 0x5, 0xff, 0xf9,
    0x0, 0x8f, 0xff, 0xff, 0xf0, 0x4, 0xff, 0xff,
    0x40, 0x2, 0xff, 0xff, 0xff, 0x4, 0xff, 0xff,
    0xd0, 0x0, 0x6, 0xff, 0xff, 0xf3, 0xff, 0xff,
    0xf4, 0x0, 0x0, 0x5, 0xef, 0xff, 0xff, 0xff,
    0xf5, 0x0, 0x0, 0x0, 0x0, 0x6a, 0xcd, 0xca,
    0x61, 0x0, 0x0,

    /* U+F2ED "" */
    0x0, 0x0, 0x0, 0x35, 0x55, 0x55, 0x0, 0x0,
    0x0, 0x0, 0x0, 0x0, 0x3f, 0xff, 0xff, 0xf9,
    0x0, 0x0, 0x0, 0xef, 0xff, 0xff, 0xff, 0xff,
    0xff, 0xff, 0xff, 0xff, 0x4f, 0xff, 0xff, 0xff,
    0xff, 0xff, 0xff, 0xff, 0xff, 0xf5, 0x79, 0x99,
    0x99, 0x99, 0x99, 0x99, 0x99, 0x99, 0x99, 0x10,
    0x0, 0x0, 0x0, 0x0, 0x0, 0x0, 0x0, 0x0,
    0x0, 0xb, 0xff, 0xff, 0xff, 0xff, 0xff, 0xff,
    0xff, 0xf1, 0x0, 0xbf, 0xff, 0xff, 0xff, 0xff,
    0xff, 0xff, 0xff, 0x10, 0xb, 0xff, 0xeb, 0xff,
    0xec, 0xff, 0xec, 0xff, 0xf1, 0x0, 0xbf, 0xf9,
    0x1f, 0xf8, 0x2f, 0xf7, 0x3f, 0xff, 0x10, 0xb,
    0xff, 0x91, 0xff, 0x82, 0xff, 0x73, 0xff, 0xf1,
    0x0, 0xbf, 0xf9, 0x1f, 0xf8, 0x2f, 0xf7, 0x3f,
    0xff, 0x10, 0xb, 0xff, 0x91, 0xff, 0x82, 0xff,
    0x73, 0xff, 0xf1, 0x0, 0xbf, 0xf9, 0x1f, 0xf8,
    0x2f, 0xf7, 0x3f, 0xff, 0x10, 0xb, 0xff, 0x91,
    0xff, 0x82, 0xff, 0x73, 0xff, 0xf1, 0x0, 0xbf,
    0xf9, 0x1f, 0xf8, 0x2f, 0xf7, 0x3f, 0xff, 0x10,
    0xb, 0xff, 0x91, 0xff, 0x82, 0xff, 0x73, 0xff,
    0xf1, 0x0, 0xbf, 0xf9, 0x1f, 0xf8, 0x2f, 0xf7,
    0x3f, 0xff, 0x10, 0xb, 0xff, 0xb3, 0xff, 0xa4,
    0xff, 0x95, 0xff, 0xf1, 0x0, 0xaf, 0xff, 0xff,
    0xff, 0xff, 0xff, 0xff, 0xff, 0x0, 0x7, 0xff,
    0xff, 0xff, 0xff, 0xff, 0xff, 0xff, 0xd0, 0x0,
    0x6, 0x9a, 0xaa, 0xaa, 0xaa, 0xaa, 0xaa, 0x81,
    0x0,

    /* U+F304 "" */
    0x0, 0x0, 0x0, 0x0, 0x0, 0x0, 0x0, 0x0,
    0x15, 0x10, 0x0, 0x0, 0x0, 0x0, 0x0, 0x0,
    0x0, 0x0, 0x3, 0xef, 0xf4, 0x0, 0x0, 0x0,
    0x0, 0x0, 0x0, 0x0, 0x0, 0x3e, 0xff, 0xff,
    0x40, 0x0, 0x0, 0x0, 0x0, 0x0, 0x0, 0x0,
    0xef, 0xff, 0xff, 0xf4, 0x0, 0x0, 0x0, 0x0,
    0x0, 0x0, 0x31, 0x3f, 0xff, 0xff, 0xfd, 0x0,
    0x0, 0x0, 0x0, 0x0, 0x3, 0xed, 0x13, 0xff,
    0xff, 0xfe, 0x0, 0x0, 0x0, 0x0, 0x0, 0x3e,
    0xff, 0xd1, 0x3f, 0xff, 0xf5, 0x0, 0x0, 0x0,
    0x0, 0x3, 0xef, 0xff, 0xfd, 0x13, 0xff, 0x60,
    0x0, 0x0, 0x0, 0x0, 0x3e, 0xff, 0xff, 0xff,
    0xd1, 0x35, 0x0, 0x0, 0x0, 0x0, 0x3, 0xef,
    0xff, 0xff, 0xff, 0xfd, 0x0, 0x0, 0x0, 0x0,
    0x0, 0x3e, 0xff, 0xff, 0xff, 0xff, 0xf6, 0x0,
    0x0, 0x0, 0x0, 0x3, 0xef, 0xff, 0xff, 0xff,
    0xff, 0x60, 0x0, 0x0, 0x0, 0x0, 0x3e, 0xff,
    0xff, 0xff, 0xff, 0xf6, 0x0, 0x0, 0x0, 0x0,
    0x3, 0xef, 0xff, 0xff, 0xff, 0xff, 0x60, 0x0,
    0x0, 0x0, 0x0, 0x3e, 0xff, 0xff, 0xff, 0xff,
    0xf6, 0x0, 0x0, 0x0, 0x0, 0x2, 0xef, 0xff,
    0xff, 0xff, 0xff, 0x60, 0x0, 0x0, 0x0, 0x0,
    0x8, 0xff, 0xff, 0xff, 0xff, 0xf6, 0x0, 0x0,
    0x0, 0x0, 0x0, 0xa, 0xff, 0xff, 0xff, 0xff,
    0x60, 0x0, 0x0, 0x0, 0x0, 0x0, 0xc, 0xff,
    0xff, 0xff, 0xf6, 0x0, 0x0, 0x0, 0x0, 0x0,
    0x0, 0xe, 0xff, 0xff, 0xff, 0x60, 0x0, 0x0,
    0x0, 0x0, 0x0, 0x0, 0xf, 0xff, 0xff, 0xf6,
    0x0, 0x0, 0x0, 0x0, 0x0, 0x0, 0x0, 0x6,
    0x97, 0x53, 0x10, 0x0, 0x0, 0x0, 0x0, 0x0,
    0x0, 0x0,

    /* U+F55A "" */
    0x0, 0x0, 0x0, 0x8, 0xbc, 0xcc, 0xcc, 0xcc,
    0xcc, 0xcc, 0xcc, 0xcb, 0x81, 0x0, 0x0, 0x0,
    0x1d, 0xff, 0xff, 0xff, 0xff, 0xff, 0xff, 0xff,
    0xff, 0xff, 0xc0, 0x0, 0x0, 0x1d, 0xff, 0xff,
    0xff, 0xff, 0xff, 0xff, 0xff, 0xff, 0xff, 0xff,
    0x20, 0x0, 0x1d, 0xff, 0xff, 0xff, 0xfa, 0xef,
    0xff, 0xfa, 0xef, 0xff, 0xff, 0xf4, 0x0, 0x1d,
    0xff, 0xff, 0xff, 0xf8, 0x2, 0xef, 0xf8, 0x2,
    0xef, 0xff, 0xff, 0x40, 0x1d, 0xff, 0xff, 0xff,
    0xff, 0x50, 0x2, 0xe8, 0x0, 0xd, 0xff, 0xff,
    0xf4, 0x1d, 0xff, 0xff, 0xff, 0xff, 0xff, 0x40,
    0x1, 0x0, 0xb, 0xff, 0xff, 0xff, 0x4c, 0xff,
    0xff, 0xff, 0xff, 0xff, 0xff, 0x40, 0x0, 0xb,
    0xff, 0xff, 0xff, 0xf4, 0xef, 0xff, 0xff, 0xff,
    0xff, 0xff, 0xf8, 0x0, 0x2, 0xef, 0xff, 0xff,
    0xff, 0x43, 0xff, 0xff, 0xff, 0xff, 0xff, 0xf8,
    0x0, 0x0, 0x2, 0xef, 0xff, 0xff, 0xf4, 0x3,
    0xff, 0xff, 0xff, 0xff, 0xf8, 0x0, 0xb, 0x40,
    0x2, 0xef, 0xff, 0xff, 0x40, 0x3, 0xff, 0xff,
    0xff, 0xff, 0x50, 0xb, 0xff, 0x40, 0xd, 0xff,
    0xff, 0xf4, 0x0, 0x3, 0xff, 0xff, 0xff, 0xff,
    0x6c, 0xff, 0xff, 0x6b, 0xff, 0xff, 0xff, 0x40,
    0x0, 0x3, 0xff, 0xff, 0xff, 0xff, 0xff, 0xff,
    0xff, 0xff, 0xff, 0xff, 0xf3, 0x0, 0x0, 0x3,
    0xff, 0xff, 0xff, 0xff, 0xff, 0xff, 0xff, 0xff,
    0xff, 0xfe, 0x0, 0x0, 0x0, 0x2, 0xcf, 0xff,
    0xff, 0xff, 0xff, 0xff, 0xff, 0xff, 0xfc, 0x30,

    /* U+F7C2 "" */
    0x0, 0x0, 0x8, 0x99, 0x99, 0x99, 0x97, 0x20,
    0x0, 0x0, 0xcf, 0xff, 0xff, 0xff, 0xff, 0xf2,
    0x0, 0xc, 0xff, 0xff, 0xff, 0xff, 0xff, 0xf9,
    0x0, 0xcf, 0x90, 0x6e, 0x3, 0xf3, 0xe, 0xfb,
    0xb, 0xff, 0x90, 0x6e, 0x2, 0xf2, 0xe, 0xfb,
    0xbf, 0xff, 0x90, 0x6e, 0x2, 0xf2, 0xe, 0xfb,
    0xff, 0xff, 0x90, 0x6e, 0x2, 0xf2, 0xe, 0xfb,
    0xff, 0xff, 0xff, 0xff, 0xff, 0xff, 0xff, 0xfb,
    0xff, 0xff, 0xff, 0xff, 0xff, 0xff, 0xff, 0xfb,
    0xff, 0xff, 0xff, 0xff, 0xff, 0xff, 0xff, 0xfb,
    0xff, 0xff, 0xff, 0xff, 0xff, 0xff, 0xff, 0xfb,
    0xff, 0xff, 0xff, 0xff, 0xff, 0xff, 0xff, 0xfb,
    0xff, 0xff, 0xff, 0xff, 0xff, 0xff, 0xff, 0xfb,
    0xff, 0xff, 0xff, 0xff, 0xff, 0xff, 0xff, 0xfb,
    0xff, 0xff, 0xff, 0xff, 0xff, 0xff, 0xff, 0xfb,
    0xff, 0xff, 0xff, 0xff, 0xff, 0xff, 0xff, 0xfb,
    0xff, 0xff, 0xff, 0xff, 0xff, 0xff, 0xff, 0xfb,
    0xff, 0xff, 0xff, 0xff, 0xff, 0xff, 0xff, 0xfb,
    0xff, 0xff, 0xff, 0xff, 0xff, 0xff, 0xff, 0xfb,
    0xdf, 0xff, 0xff, 0xff, 0xff, 0xff, 0xff, 0xf9,
    0x5f, 0xff, 0xff, 0xff, 0xff, 0xff, 0xff, 0xe1,
    0x2, 0x77, 0x77, 0x77, 0x77, 0x77, 0x76, 0x10,

    /* U+F8A2 "" */
    0x0, 0x0, 0x0, 0x0, 0x0, 0x0, 0x0, 0x0,
    0x0, 0x0, 0x50, 0x0, 0x0, 0x0, 0x0, 0x0,
    0x0, 0x0, 0x0, 0x0, 0x8, 0xf1, 0x0, 0x0,
    0x0, 0x0, 0x0, 0x0, 0x0, 0x0, 0x0, 0x8f,
    0xf1, 0x0, 0x0, 0x3c, 0x50, 0x0, 0x0, 0x0,
    0x0, 0x2, 0xff, 0xf1, 0x0, 0x3, 0xff, 0xa0,
    0x0, 0x0, 0x0, 0x0, 0x3, 0xff, 0xf1, 0x0,
    0x4f, 0xff, 0xa0, 0x0, 0x0, 0x0, 0x0, 0x3,
    0xff, 0xf1, 0x5, 0xff, 0xff, 0xb4, 0x44, 0x44,
    0x44, 0x44, 0x46, 0xff, 0xf1, 0x6f, 0xff, 0xff,
    0xff, 0xff, 0xff, 0xff, 0xff, 0xff, 0xff, 0xf1,
    0xdf, 0xff, 0xff, 0xff, 0xff, 0xff, 0xff, 0xff,
    0xff, 0xff, 0xf1, 0x3f, 0xff, 0xff, 0xff, 0xff,
    0xff, 0xff, 0xff, 0xff, 0xff, 0xd0, 0x3, 0xef,
    0xff, 0xa0, 0x0, 0x0, 0x0, 0x0, 0x0, 0x0,
    0x0, 0x0, 0x2e, 0xff, 0xa0, 0x0, 0x0, 0x0,
    0x0, 0x0, 0x0, 0x0, 0x0, 0x1, 0xdf, 0x90,
    0x0, 0x0, 0x0, 0x0, 0x0, 0x0, 0x0, 0x0,
    0x0, 0x18, 0x30, 0x0, 0x0, 0x0, 0x0, 0x0,
    0x0, 0x0
};


/*---------------------
 *  GLYPH DESCRIPTION
 *--------------------*/

static const lv_font_fmt_txt_glyph_dsc_t glyph_dsc[] = {
    {.bitmap_index = 0, .adv_w = 0, .box_w = 0, .box_h = 0, .ofs_x = 0, .ofs_y = 0} /* id = 0 reserved */,
    {.bitmap_index = 0, .adv_w = 70, .box_w = 0, .box_h = 0, .ofs_x = 0, .ofs_y = 0},
    {.bitmap_index = 0, .adv_w = 88, .box_w = 4, .box_h = 14, .ofs_x = 1, .ofs_y = 0},
    {.bitmap_index = 28, .adv_w = 134, .box_w = 6, .box_h = 6, .ofs_x = 1, .ofs_y = 8},
    {.bitmap_index = 46, .adv_w = 215, .box_w = 12, .box_h = 14, .ofs_x = 1, .ofs_y = 0},
    {.bitmap_index = 130, .adv_w = 198, .box_w = 10, .box_h = 19, .ofs_x = 1, .ofs_y = -2},
    {.bitmap_index = 225, .adv_w = 222, .box_w = 12, .box_h = 14, .ofs_x = 1, .ofs_y = 0},
    {.bitmap_index = 309, .adv_w = 221, .box_w = 13, .box_h = 14, .ofs_x = 1, .ofs_y = 0},
    {.bitmap_index = 400, .adv_w = 80, .box_w = 3, .box_h = 6, .ofs_x = 1, .ofs_y = 8},
    {.bitmap_index = 409, .adv_w = 102, .box_w = 6, .box_h = 19, .ofs_x = 0, .ofs_y = -3},
    {.bitmap_index = 466, .adv_w = 101, .box_w = 6, .box_h = 19, .ofs_x = 0, .ofs_y = -3},
    {.bitmap_index = 523, .adv_w = 165, .box_w = 9, .box_h = 9, .ofs_x = 1, .ofs_y = 6},
    {.bitmap_index = 564, .adv_w = 182, .box_w = 10, .box_h = 10, .ofs_x = 1, .ofs_y = 2},
    {.bitmap_index = 614, .adv_w = 92, .box_w = 4, .box_h = 6, .ofs_x = 1, .ofs_y = -3},
    {.bitmap_index = 626, .adv_w = 155, .box_w = 8, .box_h = 2, .ofs_x = 1, .ofs_y = 4},
    {.bitmap_index = 634, .adv_w = 97, .box_w = 4, .box_h = 3, .ofs_x = 1, .ofs_y = 0},
    {.bitmap_index = 640, .adv_w = 131, .box_w = 8, .box_h = 16, .ofs_x = 0, .ofs_y = -1},
    {.bitmap_index = 704, .adv_w = 220, .box_w = 13, .box_h = 14, .ofs_x = 0, .ofs_y = 0},
    {.bitmap_index = 795, .adv_w = 117, .box_w = 6, .box_h = 14, .ofs_x = 0, .ofs_y = 0},
    {.bitmap_index = 837, .adv_w = 182, .box_w = 11, .box_h = 14, .ofs_x = 0, .ofs_y = 0},
    {.bitmap_index = 914, .adv_w = 181, .box_w = 11, .box_h = 14, .ofs_x = 0, .ofs_y = 0},
    {.bitmap_index = 991, .adv_w = 201, .box_w = 12, .box_h = 14, .ofs_x = 0, .ofs_y = 0},
    {.bitmap_index = 1075, .adv_w = 182, .box_w = 11, .box_h = 14, .ofs_x = 0, .ofs_y = 0},
    {.bitmap_index = 1152, .adv_w = 190, .box_w = 12, .box_h = 14, .ofs_x = 0, .ofs_y = 0},
    {.bitmap_index = 1236, .adv_w = 176, .box_w = 11, .box_h = 14, .ofs_x = 0, .ofs_y = 0},
    {.bitmap_index = 1313, .adv_w = 185, .box_w = 11, .box_h = 14, .ofs_x = 0, .ofs_y = 0},
    {.bitmap_index = 1390, .adv_w = 190, .box_w = 11, .box_h = 14, .ofs_x = 0, .ofs_y = 0},
    {.bitmap_index = 1467, .adv_w = 91, .box_w = 4, .box_h = 9, .ofs_x = 1, .ofs_y = 0},
    {.bitmap_index = 1485, .adv_w = 90, .box_w = 4, .box_h = 12, .ofs_x = 1, .ofs_y = -3},
    {.bitmap_index = 1509, .adv_w = 182, .box_w = 10, .box_h = 10, .ofs_x = 1, .ofs_y = 2},
    {.bitmap_index = 1559, .adv_w = 182, .box_w = 10, .box_h = 7, .ofs_x = 1, .ofs_y = 3},
    {.bitmap_index = 1594, .adv_w = 182, .box_w = 10, .box_h = 10, .ofs_x = 1, .ofs_y = 2},
    {.bitmap_index = 1644, .adv_w = 170, .box_w = 10, .box_h = 15, .ofs_x = 0, .ofs_y = 0},
    {.bitmap_index = 1719, .adv_w = 252, .box_w = 14, .box_h = 15, .ofs_x = 1, .ofs_y = -3},
    {.bitmap_index = 1824, .adv_w = 234, .box_w = 14, .box_h = 14, .ofs_x = 0, .ofs_y = 0},
    {.bitmap_index = 1922, .adv_w = 209, .box_w = 12, .box_h = 14, .ofs_x = 1, .ofs_y = 0},
    {.bitmap_index = 2006, .adv_w = 231, .box_w = 14, .box_h = 14, .ofs_x = 0, .ofs_y = 0},
    {.bitmap_index = 2104, .adv_w = 249, .box_w = 14, .box_h = 14, .ofs_x = 1, .ofs_y = 0},
    {.bitmap_index = 2202, .adv_w = 198, .box_w = 11, .box_h = 14, .ofs_x = 1, .ofs_y = 0},
    {.bitmap_index = 2279, .adv_w = 190, .box_w = 11, .box_h = 14, .ofs_x = 1, .ofs_y = 0},
    {.bitmap_index = 2356, .adv_w = 260, .box_w = 16, .box_h = 14, .ofs_x = 0, .ofs_y = 0},
    {.bitmap_index = 2468, .adv_w = 237, .box_w = 13, .box_h = 14, .ofs_x = 1, .ofs_y = 0},
    {.bitmap_index = 2559, .adv_w = 87, .box_w = 3, .box_h = 14, .ofs_x = 1, .ofs_y = 0},
    {.bitmap_index = 2580, .adv_w = 166, .box_w = 9, .box_h = 14, .ofs_x = 0, .ofs_y = 0},
    {.bitmap_index = 2643, .adv_w = 224, .box_w = 13, .box_h = 14, .ofs_x = 1, .ofs_y = 0},
    {.bitmap_index = 2734, .adv_w = 185, .box_w = 10, .box_h = 14, .ofs_x = 1, .ofs_y = 0},
    {.bitmap_index = 2804, .adv_w = 282, .box_w = 15, .box_h = 14, .ofs_x = 1, .ofs_y = 0},
    {.bitmap_index = 2909, .adv_w = 239, .box_w = 13, .box_h = 15, .ofs_x = 1, .ofs_y = -1},
    {.bitmap_index = 3007, .adv_w = 267, .box_w = 16, .box_h = 14, .ofs_x = 0, .ofs_y = 0},
    {.bitmap_index = 3119, .adv_w = 204, .box_w = 11, .box_h = 14, .ofs_x = 1, .ofs_y = 0},
    {.bitmap_index = 3196, .adv_w = 275, .box_w = 17, .box_h = 15, .ofs_x = 0, .ofs_y = -1},
    {.bitmap_index = 3324, .adv_w = 212, .box_w = 12, .box_h = 14, .ofs_x = 1, .ofs_y = 0},
    {.bitmap_index = 3408, .adv_w = 186, .box_w = 11, .box_h = 14, .ofs_x = 0, .ofs_y = 0},
    {.bitmap_index = 3485, .adv_w = 210, .box_w = 13, .box_h = 14, .ofs_x = 0, .ofs_y = 0},
    {.bitmap_index = 3576, .adv_w = 229, .box_w = 12, .box_h = 14, .ofs_x = 1, .ofs_y = 0},
    {.bitmap_index = 3660, .adv_w = 231, .box_w = 14, .box_h = 14, .ofs_x = 0, .ofs_y = 0},
    {.bitmap_index = 3758, .adv_w = 330, .box_w = 20, .box_h = 14, .ofs_x = 0, .ofs_y = 0},
    {.bitmap_index = 3898, .adv_w = 232, .box_w = 14, .box_h = 14, .ofs_x = 0, .ofs_y = 0},
    {.bitmap_index = 3996, .adv_w = 223, .box_w = 14, .box_h = 14, .ofs_x = 0, .ofs_y = 0},
    {.bitmap_index = 4094, .adv_w = 196, .box_w = 12, .box_h = 14, .ofs_x = 0, .ofs_y = 0},
    {.bitmap_index = 4178, .adv_w = 114, .box_w = 6, .box_h = 17, .ofs_x = 1, .ofs_y = -3},
    {.bitmap_index = 4229, .adv_w = 131, .box_w = 8, .box_h = 16, .ofs_x = 0, .ofs_y = -1},
    {.bitmap_index = 4293, .adv_w = 114, .box_w = 6, .box_h = 17, .ofs_x = 0, .ofs_y = -3},
    {.bitmap_index = 4344, .adv_w = 152, .box_w = 8, .box_h = 6, .ofs_x = 1, .ofs_y = 9},
    {.bitmap_index = 4368, .adv_w = 170, .box_w = 11, .box_h = 2, .ofs_x = 0, .ofs_y = -3},
    {.bitmap_index = 4379, .adv_w = 94, .box_w = 6, .box_h = 5, .ofs_x = 0, .ofs_y = 11},
    {.bitmap_index = 4394, .adv_w = 196, .box_w = 11, .box_h = 10, .ofs_x = 0, .ofs_y = 0},
    {.bitmap_index = 4449, .adv_w = 196, .box_w = 11, .box_h = 14, .ofs_x = 1, .ofs_y = 0},
    {.bitmap_index = 4526, .adv_w = 164, .box_w = 10, .box_h = 10, .ofs_x = 0, .ofs_y = 0},
    {.bitmap_index = 4576, .adv_w = 196, .box_w = 11, .box_h = 14, .ofs_x = 0, .ofs_y = 0},
    {.bitmap_index = 4653, .adv_w = 180, .box_w = 11, .box_h = 10, .ofs_x = 0, .ofs_y = 0},
    {.bitmap_index = 4708, .adv_w = 134, .box_w = 10, .box_h = 15, .ofs_x = 0, .ofs_y = 0},
    {.bitmap_index = 4783, .adv_w = 195, .box_w = 11, .box_h = 14, .ofs_x = 0, .ofs_y = -4},
    {.bitmap_index = 4860, .adv_w = 184, .box_w = 10, .box_h = 14, .ofs_x = 1, .ofs_y = 0},
    {.bitmap_index = 4930, .adv_w = 75, .box_w = 3, .box_h = 14, .ofs_x = 1, .ofs_y = 0},
    {.bitmap_index = 4951, .adv_w = 77, .box_w = 7, .box_h = 18, .ofs_x = -3, .ofs_y = -4},
    {.bitmap_index = 5014, .adv_w = 167, .box_w = 10, .box_h = 14, .ofs_x = 1, .ofs_y = 0},
    {.bitmap_index = 5084, .adv_w = 75, .box_w = 3, .box_h = 14, .ofs_x = 1, .ofs_y = 0},
    {.bitmap_index = 5105, .adv_w = 287, .box_w = 16, .box_h = 10, .ofs_x = 1, .ofs_y = 0},
    {.bitmap_index = 5185, .adv_w = 184, .box_w = 10, .box_h = 10, .ofs_x = 1, .ofs_y = 0},
    {.bitmap_index = 5235, .adv_w = 190, .box_w = 12, .box_h = 10, .ofs_x = 0, .ofs_y = 0},
    {.bitmap_index = 5295, .adv_w = 196, .box_w = 11, .box_h = 14, .ofs_x = 1, .ofs_y = -4},
    {.bitmap_index = 5372, .adv_w = 196, .box_w = 11, .box_h = 14, .ofs_x = 0, .ofs_y = -4},
    {.bitmap_index = 5449, .adv_w = 141, .box_w = 8, .box_h = 10, .ofs_x = 1, .ofs_y = 0},
    {.bitmap_index = 5489, .adv_w = 143, .box_w = 9, .box_h = 10, .ofs_x = 0, .ofs_y = 0},
    {.bitmap_index = 5534, .adv_w = 124, .box_w = 8, .box_h = 14, .ofs_x = 0, .ofs_y = 0},
    {.bitmap_index = 5590, .adv_w = 173, .box_w = 9, .box_h = 10, .ofs_x = 1, .ofs_y = 0},
    {.bitmap_index = 5635, .adv_w = 172, .box_w = 11, .box_h = 10, .ofs_x = 0, .ofs_y = 0},
    {.bitmap_index = 5690, .adv_w = 252, .box_w = 16, .box_h = 10, .ofs_x = 0, .ofs_y = 0},
    {.bitmap_index = 5770, .adv_w = 169, .box_w = 11, .box_h = 10, .ofs_x = 0, .ofs_y = 0},
    {.bitmap_index = 5825, .adv_w = 173, .box_w = 11, .box_h = 14, .ofs_x = 0, .ofs_y = -4},
    {.bitmap_index = 5902, .adv_w = 150, .box_w = 9, .box_h = 10, .ofs_x = 0, .ofs_y = 0},
    {.bitmap_index = 5947, .adv_w = 109, .box_w = 7, .box_h = 17, .ofs_x = 0, .ofs_y = -3},
    {.bitmap_index = 6007, .adv_w = 93, .box_w = 2, .box_h = 19, .ofs_x = 2, .ofs_y = -3},
    {.bitmap_index = 6026, .adv_w = 109, .box_w = 7, .box_h = 17, .ofs_x = 0, .ofs_y = -3},
    {.bitmap_index = 6086, .adv_w = 182, .box_w = 10, .box_h = 3, .ofs_x = 1, .ofs_y = 6},
    {.bitmap_index = 6101, .adv_w = 132, .box_w = 8, .box_h = 8, .ofs_x = 0, .ofs_y = 7},
    {.bitmap_index = 6133, .adv_w = 44, .box_w = 3, .box_h = 3, .ofs_x = 0, .ofs_y = 6},
    {.bitmap_index = 6138, .adv_w = 184, .box_w = 10, .box_h = 2, .ofs_x = 1, .ofs_y = 4},
    {.bitmap_index = 6148, .adv_w = 286, .box_w = 16, .box_h = 2, .ofs_x = 1, .ofs_y = 4},
    {.bitmap_index = 6164, .adv_w = 83, .box_w = 4, .box_h = 6, .ofs_x = 1, .ofs_y = 10},
    {.bitmap_index = 6176, .adv_w = 84, .box_w = 4, .box_h = 6, .ofs_x = 1, .ofs_y = 8},
    {.bitmap_index = 6188, .adv_w = 145, .box_w = 7, .box_h = 6, .ofs_x = 1, .ofs_y = 10},
    {.bitmap_index = 6209, .adv_w = 145, .box_w = 8, .box_h = 6, .ofs_x = 1, .ofs_y = 8},
    {.bitmap_index = 6233, .adv_w = 111, .box_w = 5, .box_h = 5, .ofs_x = 1, .ofs_y = 5},
    {.bitmap_index = 6246, .adv_w = 252, .box_w = 14, .box_h = 3, .ofs_x = 1, .ofs_y = 0},
    {.bitmap_index = 6267, .adv_w = 336, .box_w = 11, .box_h = 13, .ofs_x = 5, .ofs_y = 4},
    {.bitmap_index = 6339, .adv_w = 336, .box_w = 9, .box_h = 13, .ofs_x = 7, .ofs_y = 4},
    {.bitmap_index = 6398, .adv_w = 336, .box_w = 18, .box_h = 13, .ofs_x = 2, .ofs_y = 3},
    {.bitmap_index = 6515, .adv_w = 336, .box_w = 15, .box_h = 15, .ofs_x = 3, .ofs_y = 3},
    {.bitmap_index = 6628, .adv_w = 336, .box_w = 11, .box_h = 11, .ofs_x = 5, .ofs_y = 5},
    {.bitmap_index = 6689, .adv_w = 336, .box_w = 11, .box_h = 11, .ofs_x = 5, .ofs_y = 5},
    {.bitmap_index = 6750, .adv_w = 336, .box_w = 14, .box_h = 13, .ofs_x = 3, .ofs_y = 3},
    {.bitmap_index = 6841, .adv_w = 336, .box_w = 15, .box_h = 19, .ofs_x = 3, .ofs_y = 1},
    {.bitmap_index = 6984, .adv_w = 336, .box_w = 13, .box_h = 13, .ofs_x = 4, .ofs_y = 4},
    {.bitmap_index = 7069, .adv_w = 336, .box_w = 21, .box_h = 16, .ofs_x = 0, .ofs_y = 2},
    {.bitmap_index = 7237, .adv_w = 336, .box_w = 19, .box_h = 19, .ofs_x = 1, .ofs_y = 1},
    {.bitmap_index = 7418, .adv_w = 336, .box_w = 11, .box_h = 17, .ofs_x = 5, .ofs_y = 2},
    {.bitmap_index = 7512, .adv_w = 336, .box_w = 19, .box_h = 19, .ofs_x = 1, .ofs_y = 1},
    {.bitmap_index = 7693, .adv_w = 336, .box_w = 20, .box_h = 21, .ofs_x = 0, .ofs_y = 0},
    {.bitmap_index = 7903, .adv_w = 336, .box_w = 12, .box_h = 17, .ofs_x = 4, .ofs_y = 2},
    {.bitmap_index = 8005, .adv_w = 336, .box_w = 17, .box_h = 17, .ofs_x = 2, .ofs_y = 2},
    {.bitmap_index = 8150, .adv_w = 336, .box_w = 21, .box_h = 21, .ofs_x = 0, .ofs_y = 0},
    {.bitmap_index = 8371, .adv_w = 336, .box_w = 16, .box_h = 12, .ofs_x = 3, .ofs_y = 4},
    {.bitmap_index = 8467, .adv_w = 336, .box_w = 13, .box_h = 13, .ofs_x = 4, .ofs_y = 4},
    {.bitmap_index = 8552, .adv_w = 336, .box_w = 11, .box_h = 7, .ofs_x = 5, .ofs_y = 7},
    {.bitmap_index = 8591, .adv_w = 336, .box_w = 15, .box_h = 15, .ofs_x = 3, .ofs_y = 3},
    {.bitmap_index = 8704, .adv_w = 336, .box_w = 19, .box_h = 16, .ofs_x = 1, .ofs_y = 3},
    {.bitmap_index = 8856, .adv_w = 336, .box_w = 19, .box_h = 19, .ofs_x = 1, .ofs_y = 1},
    {.bitmap_index = 9037, .adv_w = 336, .box_w = 13, .box_h = 17, .ofs_x = 4, .ofs_y = 2},
    {.bitmap_index = 9148, .adv_w = 336, .box_w = 18, .box_h = 16, .ofs_x = 2, .ofs_y = 3},
    {.bitmap_index = 9292, .adv_w = 336, .box_w = 17, .box_h = 17, .ofs_x = 2, .ofs_y = 2},
    {.bitmap_index = 9437, .adv_w = 336, .box_w = 16, .box_h = 16, .ofs_x = 2, .ofs_y = 3},
    {.bitmap_index = 9565, .adv_w = 336, .box_w = 21, .box_h = 16, .ofs_x = 0, .ofs_y = 2},
    {.bitmap_index = 9733, .adv_w = 336, .box_w = 21, .box_h = 16, .ofs_x = 0, .ofs_y = 2},
    {.bitmap_index = 9901, .adv_w = 336, .box_w = 21, .box_h = 16, .ofs_x = 0, .ofs_y = 2},
    {.bitmap_index = 10069, .adv_w = 336, .box_w = 19, .box_h = 19, .ofs_x = 1, .ofs_y = 1},
    {.bitmap_index = 10250, .adv_w = 336, .box_w = 22, .box_h = 22, .ofs_x = 0, .ofs_y = -3},
    {.bitmap_index = 10492, .adv_w = 336, .box_w = 21, .box_h = 16, .ofs_x = 0, .ofs_y = 0},
    {.bitmap_index = 10660, .adv_w = 336, .box_w = 21, .box_h = 20, .ofs_x = 0, .ofs_y = -2},
    {.bitmap_index = 10870, .adv_w = 336, .box_w = 21, .box_h = 16, .ofs_x = 0, .ofs_y = 0},
    {.bitmap_index = 11038, .adv_w = 231, .box_w = 15, .box_h = 16, .ofs_x = 0, .ofs_y = 0},
    {.bitmap_index = 11158, .adv_w = 336, .box_w = 21, .box_h = 22, .ofs_x = 0, .ofs_y = -3},
    {.bitmap_index = 11389, .adv_w = 336, .box_w = 21, .box_h = 22, .ofs_x = 0, .ofs_y = -3},
    {.bitmap_index = 11620, .adv_w = 378, .box_w = 24, .box_h = 20, .ofs_x = 0, .ofs_y = -2},
    {.bitmap_index = 11860, .adv_w = 336, .box_w = 21, .box_h = 22, .ofs_x = 0, .ofs_y = -3},
    {.bitmap_index = 12091, .adv_w = 378, .box_w = 24, .box_h = 16, .ofs_x = 0, .ofs_y = 0},
    {.bitmap_index = 12283, .adv_w = 336, .box_w = 21, .box_h = 22, .ofs_x = 0, .ofs_y = -3},
    {.bitmap_index = 12514, .adv_w = 168, .box_w = 11, .box_h = 17, .ofs_x = 0, .ofs_y = -1},
    {.bitmap_index = 12608, .adv_w = 252, .box_w = 16, .box_h = 17, .ofs_x = 0, .ofs_y = -1},
    {.bitmap_index = 12744, .adv_w = 378, .box_w = 24, .box_h = 21, .ofs_x = 0, .ofs_y = -3},
    {.bitmap_index = 12996, .adv_w = 336, .box_w = 21, .box_h = 16, .ofs_x = 0, .ofs_y = 0},
    {.bitmap_index = 13164, .adv_w = 231, .box_w = 15, .box_h = 22, .ofs_x = 0, .ofs_y = -3},
    {.bitmap_index = 13329, .adv_w = 294, .box_w = 14, .box_h = 20, .ofs_x = 2, .ofs_y = -2},
    {.bitmap_index = 13469, .adv_w = 294, .box_w = 19, .box_h = 22, .ofs_x = 0, .ofs_y = -3},
    {.bitmap_index = 13678, .adv_w = 294, .box_w = 19, .box_h = 20, .ofs_x = 0, .ofs_y = -2},
    {.bitmap_index = 13868, .adv_w = 294, .box_w = 19, .box_h = 20, .ofs_x = 0, .ofs_y = -2},
    {.bitmap_index = 14058, .adv_w = 294, .box_w = 14, .box_h = 20, .ofs_x = 2, .ofs_y = -2},
    {.bitmap_index = 14198, .adv_w = 294, .box_w = 20, .box_h = 20, .ofs_x = -1, .ofs_y = -2},
    {.bitmap_index = 14398, .adv_w = 210, .box_w = 12, .box_h = 19, .ofs_x = 1, .ofs_y = -2},
    {.bitmap_index = 14512, .adv_w = 210, .box_w = 12, .box_h = 19, .ofs_x = 1, .ofs_y = -2},
    {.bitmap_index = 14626, .adv_w = 294, .box_w = 19, .box_h = 20, .ofs_x = 0, .ofs_y = -2},
    {.bitmap_index = 14816, .adv_w = 294, .box_w = 19, .box_h = 5, .ofs_x = 0, .ofs_y = 5},
    {.bitmap_index = 14864, .adv_w = 378, .box_w = 24, .box_h = 16, .ofs_x = 0, .ofs_y = 0},
    {.bitmap_index = 15056, .adv_w = 420, .box_w = 27, .box_h = 22, .ofs_x = 0, .ofs_y = -3},
    {.bitmap_index = 15353, .adv_w = 378, .box_w = 25, .box_h = 22, .ofs_x = -1, .ofs_y = -3},
    {.bitmap_index = 15628, .adv_w = 336, .box_w = 21, .box_h = 20, .ofs_x = 0, .ofs_y = -2},
    {.bitmap_index = 15838, .adv_w = 294, .box_w = 19, .box_h = 12, .ofs_x = 0, .ofs_y = 2},
    {.bitmap_index = 15952, .adv_w = 294, .box_w = 19, .box_h = 12, .ofs_x = 0, .ofs_y = 2},
    {.bitmap_index = 16066, .adv_w = 420, .box_w = 27, .box_h = 16, .ofs_x = 0, .ofs_y = 0},
    {.bitmap_index = 16282, .adv_w = 336, .box_w = 21, .box_h = 16, .ofs_x = 0, .ofs_y = 0},
    {.bitmap_index = 16450, .adv_w = 336, .box_w = 21, .box_h = 22, .ofs_x = 0, .ofs_y = -3},
    {.bitmap_index = 16681, .adv_w = 336, .box_w = 22, .box_h = 22, .ofs_x = -1, .ofs_y = -3},
    {.bitmap_index = 16923, .adv_w = 336, .box_w = 21, .box_h = 15, .ofs_x = 0, .ofs_y = 3},
    {.bitmap_index = 17081, .adv_w = 294, .box_w = 19, .box_h = 20, .ofs_x = 0, .ofs_y = -2},
    {.bitmap_index = 17271, .adv_w = 294, .box_w = 19, .box_h = 22, .ofs_x = 0, .ofs_y = -3},
    {.bitmap_index = 17480, .adv_w = 294, .box_w = 19, .box_h = 20, .ofs_x = 0, .ofs_y = -2},
    {.bitmap_index = 17670, .adv_w = 294, .box_w = 19, .box_h = 17, .ofs_x = 0, .ofs_y = -1},
    {.bitmap_index = 17832, .adv_w = 336, .box_w = 21, .box_h = 16, .ofs_x = 0, .ofs_y = 0},
    {.bitmap_index = 18000, .adv_w = 210, .box_w = 15, .box_h = 22, .ofs_x = -1, .ofs_y = -3},
    {.bitmap_index = 18165, .adv_w = 294, .box_w = 19, .box_h = 22, .ofs_x = 0, .ofs_y = -3},
    {.bitmap_index = 18374, .adv_w = 294, .box_w = 19, .box_h = 22, .ofs_x = 0, .ofs_y = -3},
    {.bitmap_index = 18583, .adv_w = 378, .box_w = 24, .box_h = 16, .ofs_x = 0, .ofs_y = 0},
    {.bitmap_index = 18775, .adv_w = 336, .box_w = 23, .box_h = 22, .ofs_x = -1, .ofs_y = -3},
    {.bitmap_index = 19028, .adv_w = 252, .box_w = 16, .box_h = 22, .ofs_x = 0, .ofs_y = -3},
    {.bitmap_index = 19204, .adv_w = 420, .box_w = 27, .box_h = 20, .ofs_x = 0, .ofs_y = -2},
    {.bitmap_index = 19474, .adv_w = 420, .box_w = 27, .box_h = 14, .ofs_x = 0, .ofs_y = 1},
    {.bitmap_index = 19663, .adv_w = 420, .box_w = 27, .box_h = 14, .ofs_x = 0, .ofs_y = 1},
    {.bitmap_index = 19852, .adv_w = 420, .box_w = 27, .box_h = 14, .ofs_x = 0, .ofs_y = 1},
    {.bitmap_index = 20041, .adv_w = 420, .box_w = 27, .box_h = 14, .ofs_x = 0, .ofs_y = 1},
    {.bitmap_index = 20230, .adv_w = 420, .box_w = 27, .box_h = 14, .ofs_x = 0, .ofs_y = 1},
    {.bitmap_index = 20419, .adv_w = 420, .box_w = 27, .box_h = 17, .ofs_x = 0, .ofs_y = -1},
    {.bitmap_index = 20649, .adv_w = 294, .box_w = 17, .box_h = 22, .ofs_x = 1, .ofs_y = -3},
    {.bitmap_index = 20836, .adv_w = 294, .box_w = 19, .box_h = 22, .ofs_x = 0, .ofs_y = -3},
    {.bitmap_index = 21045, .adv_w = 336, .box_w = 22, .box_h = 22, .ofs_x = -1, .ofs_y = -3},
    {.bitmap_index = 21287, .adv_w = 420, .box_w = 27, .box_h = 16, .ofs_x = 0, .ofs_y = 0},
    {.bitmap_index = 21503, .adv_w = 252, .box_w = 16, .box_h = 22, .ofs_x = 0, .ofs_y = -3},
    {.bitmap_index = 21679, .adv_w = 338, .box_w = 22, .box_h = 14, .ofs_x = 0, .ofs_y = 1}
};

/*---------------------
 *  CHARACTER MAPPING
 *--------------------*/

static const uint16_t unicode_list_1[] = {
    0x0, 0x7, 0x1f63, 0x1f64, 0x1f68, 0x1f69, 0x1f6c, 0x1f6d,
    0x1f72, 0x1f76, 0xdf84, 0xdf87, 0xdf8d, 0xdf93, 0xdf94, 0xdf97,
    0xdfaf, 0xe040, 0xe095, 0xe10a, 0xe114, 0xe23a, 0xe2ee, 0xe2fb,
    0xe355, 0xe379, 0xe468, 0xe51a, 0xe51d, 0xe51f, 0xe525, 0xe58e,
    0xe786, 0xe7c2, 0xe7da, 0xe7fc, 0xe806, 0xeb26, 0xeb31, 0xeb34,
    0xee9a, 0xef51, 0xef58, 0xef5b, 0xef5c, 0xef5d, 0xef61, 0xef63,
    0xef65, 0xef69, 0xef6c, 0xef71, 0xef76, 0xef77, 0xef78, 0xef8e,
    0xef93, 0xef98, 0xef9b, 0xef9c, 0xef9d, 0xefa1, 0xefa2, 0xefa3,
    0xefa4, 0xefb7, 0xefb8, 0xefbe, 0xefc0, 0xefc1, 0xefc4, 0xefc7,
    0xefc8, 0xefc9, 0xefcb, 0xefe3, 0xefe5, 0xf000, 0xf014, 0xf015,
    0xf017, 0xf019, 0xf030, 0xf037, 0xf03a, 0xf043, 0xf06c, 0xf074,
    0xf0ab, 0xf13b, 0xf190, 0xf191, 0xf192, 0xf193, 0xf194, 0xf1d7,
    0xf1e3, 0xf23d, 0xf254, 0xf4aa, 0xf712, 0xf7f2
};

/*Collect the unicode lists and glyph_id offsets*/
static const lv_font_fmt_txt_cmap_t cmaps[] =
{
    {
        .range_start = 32, .range_length = 95, .glyph_id_start = 1,
        .unicode_list = NULL, .glyph_id_ofs_list = NULL, .list_length = 0, .type = LV_FONT_FMT_TXT_CMAP_FORMAT0_TINY
    },
    {
        .range_start = 176, .range_length = 63475, .glyph_id_start = 96,
        .unicode_list = unicode_list_1, .glyph_id_ofs_list = NULL, .list_length = 102, .type = LV_FONT_FMT_TXT_CMAP_SPARSE_TINY
    }
};

/*-----------------
 *    KERNING
 *----------------*/


/*Map glyph_ids to kern left classes*/
static const uint8_t kern_left_class_mapping[] =
{
    0, 1, 0, 2, 0, 3, 0, 4,
    2, 5, 0, 0, 0, 6, 7, 6,
    8, 9, 10, 11, 12, 13, 14, 15,
    16, 17, 18, 0, 0, 0, 0, 0,
    0, 19, 20, 21, 22, 0, 23, 24,
    25, 26, 26, 27, 28, 29, 26, 26,
    30, 31, 32, 33, 34, 35, 27, 36,
    37, 38, 39, 40, 41, 0, 0, 0,
    0, 0, 42, 19, 43, 0, 44, 45,
    46, 47, 48, 49, 50, 0, 47, 47,
    19, 19, 51, 52, 53, 54, 55, 56,
    57, 58, 59, 60, 61, 26, 0, 0,
    0, 0, 0, 0, 62, 63, 62, 63,
    0, 0, 0, 0, 0, 0, 0, 0,
    0, 0, 0, 0, 0, 0, 0, 0,
    0, 0, 0, 0, 0, 0, 0, 0,
    0, 0, 0, 0, 0, 0, 0, 0,
    0, 0, 0, 0, 0, 0, 0, 0,
    0, 0, 0, 0, 0, 0, 0, 0,
    0, 0, 0, 0, 0, 0, 0, 0,
    0, 0, 0, 0, 0, 0, 0, 0,
    0, 0, 0, 0, 0, 0, 0, 0,
    0, 0, 0, 0, 0, 0, 0, 0,
    0, 0, 0, 0, 0, 0, 0, 0,
    0, 0, 0, 0, 0, 0
};

/*Map glyph_ids to kern right classes*/
static const uint8_t kern_right_class_mapping[] =
{
    0, 1, 0, 2, 0, 0, 0, 3,
    2, 0, 4, 5, 0, 6, 7, 6,
    8, 9, 10, 11, 12, 13, 14, 15,
    16, 17, 18, 19, 19, 0, 0, 0,
    20, 21, 22, 23, 24, 23, 23, 23,
    24, 23, 23, 25, 23, 23, 23, 23,
    24, 23, 24, 23, 26, 27, 28, 29,
    30, 31, 32, 33, 0, 0, 34, 0,
    0, 0, 21, 35, 21, 21, 21, 36,
    21, 37, 38, 39, 37, 37, 40, 40,
    41, 40, 21, 40, 42, 36, 43, 44,
    45, 46, 47, 48, 0, 23, 49, 0,
    0, 0, 0, 0, 0, 50, 0, 50,
    0, 0, 0, 0, 0, 0, 0, 0,
    0, 0, 0, 0, 0, 0, 0, 0,
    0, 0, 0, 0, 0, 0, 0, 0,
    0, 0, 0, 0, 0, 0, 0, 0,
    0, 0, 0, 0, 0, 0, 0, 0,
    0, 0, 0, 0, 0, 0, 0, 0,
    0, 0, 0, 0, 0, 0, 0, 0,
    0, 0, 0, 0, 0, 0, 0, 0,
    0, 0, 0, 0, 0, 0, 0, 0,
    0, 0, 0, 0, 0, 0, 0, 0,
    0, 0, 0, 0, 0, 0, 0, 0,
    0, 0, 0, 0, 0, 0
};

/*Kern values between classes*/
static const int8_t kern_class_values[] =
{
    0, 0, 0, 0, 0, 0, 0, 0,
    0, 0, 0, 0, 0, 0, 0, 0,
    0, 0, 0, 0, 0, -9, 0, 0,
    -9, 0, -5, 0, 0, 0, 0, -9,
    0, 0, 0, 0, 0, 0, 0, 0,
    0, 0, 0, 0, 0, 0, 0, 0,
    0, 0, 0, 0, 0, 0, 0, 0,
    0, 0, -11, 0, 0, 0, -25, 0,
    -18, 8, -9, -1, 0, 0, -23, -42,
    0, -13, -39, -9, 8, 0, 0, 0,
    0, 0, 0, 0, 0, 3, 0, 0,
    0, -7, -23, -14, -5, -1, -1, -1,
    -1, 0, 0, 0, 0, 0, 0, 0,
    0, 0, 0, 0, 0, 0, 0, 0,
    0, 0, 0, -6, 0, 0, 0, 0,
    0, 0, 0, 0, 0, 0, 0, 0,
    0, 0, 0, 0, 0, 0, 0, 0,
    0, 0, 0, 0, 0, 0, 0, 0,
    0, 0, 0, 0, 0, 0, -13, 0,
    0, 0, 0, 0, 0, 0, 0, 0,
    0, 0, 0, 0, 0, 0, 0, 0,
    0, 0, -5, -30, -9, -24, 0, -9,
    -32, -14, -25, -22, -23, -29, -17, 0,
    0, -15, 0, 0, 0, 0, -5, -5,
    -7, -20, -13, 0, -20, 0, 0, 0,
    0, 0, 0, 0, 0, 0, 0, 0,
    0, 0, 0, 0, 0, 0, 0, 0,
    0, 0, 0, 0, 0, 0, 0, -4,
    -5, 0, 0, 0, 0, 0, 0, 0,
    0, 0, 0, 0, 0, 0, 33, 0,
    0, 0, 0, -12, -9, 0, -12, 0,
    0, 0, 0, 0, 0, 0, -23, 0,
    0, 0, -9, -28, 0, 0, -11, 0,
    -9, -20, 0, -17, 0, 0, -6, 0,
    0, -12, 0, 0, -23, 0, -27, -19,
    0, -37, 0, 0, 0, -13, 0, 0,
    12, 0, -6, 0, 0, -17, -11, 0,
    -17, 0, 0, -31, 0, 0, 0, 0,
    0, 0, 0, 0, 0, -18, -9, -19,
    0, 0, 0, -26, 0, 0, 0, 0,
    5, -13, 0, 4, -19, -10, -26, 0,
    -23, -14, -20, -29, -10, 0, 0, -6,
    0, 0, 0, 0, 5, 0, 0, -9,
    0, -9, -9, -8, 0, 0, 0, 0,
    0, 0, 0, 0, 0, 0, 0, 0,
    0, 0, 0, 0, 0, 0, 0, 0,
    0, 0, -17, -19, 5, -9, -26, 0,
    0, 0, 0, 0, 0, 0, 0, 0,
    0, -6, 0, 0, 0, -14, -17, -14,
    -8, -10, -10, 0, -10, -9, 0, 0,
    0, -11, 0, 0, 0, -9, 0, 0,
    0, 0, -1, 0, 0, 0, 0, -13,
    0, 0, 0, 0, 0, 0, 0, 0,
    0, 0, 0, 0, 0, 0, 0, 0,
    0, 0, 0, 0, 0, 0, 0, 0,
    0, 0, 0, 0, 0, 0, 0, 0,
    0, 0, 0, 0, 0, 0, 0, 0,
    0, 0, 0, 0, 0, 0, 0, 0,
    0, -2, 0, 0, 0, 0, 0, 0,
    0, 0, 0, 0, 0, 0, 0, 0,
    0, 0, 0, 0, 0, 0, 0, 0,
    0, 0, 0, 0, 0, 0, 0, 0,
    0, 0, 0, 0, 0, 0, 0, 0,
    0, 0, -11, 0, 0, 0, 0, 0,
    0, 0, 0, -9, 0, 0, 0, 0,
    0, 0, 0, 0, 0, 0, 0, 0,
    0, 0, 0, 0, 0, 0, 0, 0,
    0, 0, 0, 0, 0, 0, 0, 0,
    0, 0, 0, 0, 0, 0, 0, 0,
    0, 0, 0, -9, 0, 0, 0, 0,
    0, 0, 0, 0, 0, -7, 0, 0,
    0, 0, 0, 0, 0, 0, 0, 0,
    0, 0, 0, 0, 0, 0, 0, 0,
    0, 0, 0, 0, 0, 0, 0, 0,
    0, 0, 0, 0, 0, 0, 0, 0,
    0, -21, 0, 0, 0, -14, 0, 0,
    0, -13, -4, 0, -7, -5, 0, -16,
    0, -8, 0, 0, 0, 0, 0, 0,
    0, 0, 0, 0, 0, 0, 0, 0,
    0, 0, 0, 0, 0, 0, 0, 0,
    0, 0, 0, 0, 0, 0, 0, 0,
    0, 0, 0, 0, 0, 0, 0, -9,
    0, 0, 0, 0, 0, 0, 0, 0,
    0, -10, 0, 0, 0, 0, 0, 0,
    0, 0, 0, 0, 0, 0, 0, 0,
    0, 0, 0, 0, 0, 0, 0, 0,
    0, 0, 0, 0, 0, 0, 0, 0,
    0, 0, 0, 0, 0, -18, 0, 0,
    0, 0, 0, 0, 0, -8, 0, -4,
    0, 0, 0, -11, 0, -7, 0, 0,
    0, 0, 0, 0, 0, 0, 0, 0,
    0, 0, 0, 0, 0, 0, 0, 0,
    0, 0, 0, 0, 0, 0, 0, 0,
    0, 0, 0, 0, 0, 0, 0, 8,
    0, 0, 0, -23, -18, 0, -6, 0,
    -3, -7, -13, 0, -12, -5, -7, -6,
    0, 0, 0, 0, 0, 0, 0, 0,
    0, 0, 0, 0, 0, 0, 0, 0,
    0, 0, 0, 0, 0, 0, 0, 0,
    0, 0, 0, 0, 0, 0, 0, 0,
    0, -9, 0, 0, 0, 0, 0, 0,
    0, -6, -3, -6, 0, 0, 0, -10,
    0, -4, 0, 0, 0, 0, 0, 0,
    0, 0, 0, 0, 0, 0, 0, 0,
    0, 0, 0, 0, 0, 0, 0, 0,
    0, 0, 0, 0, 0, 0, 0, 0,
    0, 0, 0, -1, 0, 0, 0, -24,
    0, 0, 0, -3, -3, -3, -6, 0,
    -10, -11, -6, 0, 0, 0, 0, 0,
    0, 0, 0, 0, 0, 0, 0, 0,
    0, 0, 0, 0, 0, 0, 0, 0,
    0, 0, 0, 0, 0, 0, 0, 0,
    0, 0, 0, 0, 0, -23, 0, 0,
    0, -6, 5, 0, 0, 0, 0, 0,
    0, 0, 0, 0, 0, 0, 0, 0,
    0, 0, 0, 0, 0, 0, 0, 0,
    0, 0, 0, 0, 0, 0, 0, -5,
    0, 0, 0, 0, 0, 0, 0, -6,
    -5, -5, -6, -5, 0, -19, -9, -42,
    0, 0, -42, 0, -13, 0, 0, 0,
    0, 0, 0, 0, 0, 0, 0, 0,
    -5, -19, -10, -13, -3, -17, -6, -9,
    -34, -5, -32, -29, -13, -35, -6, 0,
    0, -14, 0, 0, -3, 0, -10, 0,
    -6, -23, -19, -15, -17, 0, 0, -39,
    0, 0, 0, 0, 0, 0, 0, 0,
    0, 0, 0, 0, 0, 0, 0, 0,
    0, 0, 0, 0, 0, 0, 0, 0,
    -13, -5, -7, 0, -6, -3, -8, -11,
    0, 0, 0, 0, 0, 0, 0, 0,
    0, 0, 0, 0, 0, 0, 0, 0,
    0, 0, 0, 0, 0, 0, 0, 0,
    -7, 0, 0, 0, 0, 0, 0, 0,
    0, 0, 0, 0, 0, 0, -5, -6,
    0, -9, -16, -4, -5, 0, 0, 0,
    0, -9, 0, 0, 0, -9, 0, 0,
    0, 0, -5, 0, 0, -13, -13, -5,
    -13, 0, 8, 0, 0, 0, 0, 8,
    0, 0, -11, 0, 0, 0, 0, 0,
    0, 0, 0, 0, 0, 0, 0, 0,
    -3, 0, 0, -5, -12, -6, -9, 0,
    -5, 0, 0, -5, 0, 9, 0, 0,
    0, 0, 0, 0, -3, 0, 0, 0,
    0, 0, 0, 0, 9, 0, -3, 0,
    -4, 9, 0, -18, -8, -14, 0, 0,
    0, 0, 0, 0, 0, 0, 0, 0,
    0, 0, -6, -20, 0, -4, -49, -7,
    -7, 0, 0, 0, -8, 0, -3, 9,
    0, 0, 0, 0, 0, 0, -6, -6,
    0, -4, -2, -7, -4, -6, 9, 5,
    0, -10, 0, 0, 0, -14, 0, 0,
    0, 0, 0, 0, 0, 0, 0, 0,
    0, 0, 0, 0, 0, -11, 0, 2,
    -13, -5, -10, 0, -9, -6, -9, -15,
    0, 0, 0, 0, 0, 0, 0, 0,
    0, 0, 0, 0, 0, 0, 0, 0,
    4, -5, 0, 0, 0, 0, 0, 0,
    0, 5, 0, 0, 0, 0, 0, 0,
    0, 0, 0, 0, 0, 0, 0, 0,
    0, 0, 0, -5, 0, 0, 0, 0,
    0, 0, 0, 0, 0, 0, 0, 0,
    0, 0, 0, 0, 0, 0, 0, -4,
    0, 0, 0, 0, 0, 0, 0, 0,
    0, 0, 0, -6, 0, 0, 0, 0,
    0, 0, 0, 0, 0, 0, 0, 0,
    0, -7, 0, 0, -16, -3, -3, 0,
    0, 0, -6, -4, 0, 0, 0, 0,
    0, 0, 0, 0, 0, 0, 0, 0,
    0, 0, 0, 0, 0, 0, -9, 0,
    0, 0, -12, 0, -26, 0, 0, 0,
    0, 0, 0, 0, 0, 0, 0, 0,
    -4, 0, -17, -13, -6, -22, -10, -17,
    -22, -11, -19, -13, -22, -18, -13, 0,
    0, -17, 0, 0, 0, 0, -17, -11,
    -16, -30, -20, -12, -30, 0, 0, -8,
    -3, -30, 0, 0, -28, 0, -14, 0,
    0, 0, 0, 0, 0, 0, 0, 0,
    0, 0, 0, -10, -7, -8, 0, -20,
    -5, -11, -31, -8, -26, -23, 0, -34,
    0, 0, 0, -13, 0, 0, 0, 0,
    -7, 0, 0, -10, -8, -6, -10, 0,
    0, -30, 0, -13, 0, -4, 0, -12,
    4, -9, 0, 0, 0, 0, 0, 0,
    0, 0, 0, 0, 0, 0, 0, -17,
    0, 2, -21, -6, -17, 0, -13, -11,
    -14, -20, -5, -4, 0, 0, 0, 0,
    8, 0, 0, 0, 0, 0, 0, -4,
    0, 0, 0, -3, -6, 0, 0, 0,
    0, -29, -17, -19, 0, 0, 0, 0,
    0, 0, 0, 0, 0, 0, 0, 0,
    -9, -22, -3, 0, -43, 0, -7, 0,
    -3, 0, -12, -10, -10, 0, 0, 0,
    0, 0, 0, 0, -9, -6, 0, 0,
    0, 0, 0, 0, 0, 8, 0, 0,
    0, 0, 0, -7, 0, 6, 0, 0,
    0, 0, 0, 0, 0, 0, 0, 0,
    0, 0, 0, 0, 0, 0, 0, 0,
    -17, 0, 0, -11, -5, -20, 0, 0,
    0, 0, 0, 0, 0, 0, 0, 0,
    0, 0, 0, 0, 0, 0, 6, -10,
    0, -6, 0, 0, 0, 0, -20, 0,
    0, 0, 0, 0, 0, 0, 0, 0,
    0, 0, 0, 0, -10, -12, -5, -8,
    -10, -12, -17, -5, -13, -9, -13, -19,
    -10, 0, 0, -7, 0, 0, 0, 0,
    -10, -9, -5, -9, -8, -13, -9, -6,
    0, -8, 0, 0, 0, 0, 0, 0,
    4, 0, 0, 0, 0, 0, 0, 0,
    0, 0, 0, 0, 0, 0, -2, -7,
    0, 1, -13, -6, -11, 4, -6, -4,
    -5, -13, 0, 0, 0, 0, 0, 0,
    0, 0, -2, 0, 0, -6, -4, -5,
    -6, 0, 0, 0, -5, 8, -9, 0,
    0, -23, -26, -16, 0, 0, 0, 0,
    0, 0, 0, 0, 0, 0, -32, 3,
    -44, -34, 0, -17, -49, -14, -15, -3,
    -14, -10, -16, -16, -13, 0, 0, -20,
    0, 0, 0, -36, -44, -40, -33, -40,
    -37, -43, -40, -37, 0, 7, 0, 0,
    -9, 0, 0, -27, -23, -11, 0, 0,
    0, 0, 0, 0, 0, 0, 0, 0,
    -22, 2, -33, -32, 0, -13, -42, -15,
    -14, 0, -11, -9, -12, -11, -8, 0,
    0, -15, 0, 0, 0, -25, -35, -32,
    -22, -22, -18, -35, -22, -25, 0, 0,
    0, 0, -9, 0, 0, -19, -14, -11,
    0, 0, 0, 0, 0, 0, 0, 0,
    0, 0, -11, 2, -25, -29, 0, -11,
    -37, -11, -10, 0, -9, -9, -9, -12,
    -6, 0, 0, -12, 0, 0, 0, -22,
    -25, -26, -17, -19, -16, -21, -19, -19,
    0, 0, 0, 0, -3, 0, 0, 0,
    -20, 0, 0, 0, 0, 0, 0, 0,
    0, 0, 0, 0, 0, 0, -15, -13,
    -5, -14, -13, -13, -16, -6, -12, -9,
    -15, -14, -6, 0, -6, -18, -6, 0,
    0, -8, -15, -8, -11, -19, -17, -13,
    -19, -8, 0, -8, -9, 0, -20, 0,
    0, -37, -29, -23, 0, 0, 0, 0,
    0, 0, 0, 0, 0, 0, -29, -5,
    -49, -35, -8, -20, -49, -24, -16, -4,
    -11, -12, -14, -14, -7, 0, -8, -24,
    -8, -13, -15, -32, -49, -47, -32, -34,
    -31, -40, -34, -32, 0, -5, 0, 0,
    0, 0, 0, 0, -10, 0, 0, 0,
    0, 0, 0, 0, 0, 0, 0, 0,
    0, 2, -10, -9, 0, -7, -8, 0,
    -8, 0, -8, -4, -6, -7, -9, 0,
    0, -10, 0, 0, 0, 0, -10, 0,
    0, -9, -7, 0, -9, 0, 0, 0,
    0, 0, 0, 0, 0, 0, 0, 0,
    0, 0, 0, 0, 0, 0, 0, 0,
    0, 0, 0, 0, 0, 0, 0, -4,
    0, 0, 0, 0, 0, 0, 0, 0,
    0, 0, 0, 0, 0, 0, 28, 0,
    0, 0, 0, 0, 0, 0, 0, 0,
    0, 0, 0, 0, 0, 0, 0, 0,
    0, 0, 0, 0, 0, 0, 0, 0,
    0, 0, 0, 0, 0, 0, 0, 0,
    0, 0, 0, 0, 0, 0, 0, 0,
    0, 0, 0, 0, 0, -1, 0, 0,
    0, 0, 0, 0, 0, 0, -1, 0,
    0, 0, 0, 0, 0, 0, 0, 0,
    0, 0, -9, 0, 0, 0, 0, 0,
    0, 0, 0, 0, 0, 0, 0, 0,
    -3, 0, 0, 0, 0, 0, 0, 0,
    0, 0, 0, 0, 0, 0, 0, -2,
    0, 0, 0, 0, -3, 0, 0, 0,
    0, -1, 0, 0, 0, -7, 0, 0,
    0, 0, 0, 0, 5, 0, 0, 0,
    0, 0, 0, 0, 0, 0, 0, 0,
    0, 0, 0, 0, 0, 0, 0, 0,
    0, 0, 0, 0, 0, 0, 0, 0,
    0, -5, 0, 0, 0, 0, 0, 0,
    0, -3, -2, -5, -3, 0, 0, -9,
    0, 21, 0, 19, 6, -17, -17, -7,
    0, 0, 0, 0, 0, 0, 0, 0,
    0, 0, 0, 15, -9, 0, 0, 0,
    0, 0, 0, 0, 0, 0, 0, 0,
    0, 19, 8, -9, 8, 0, 0, -6,
    -9, -6, 0, -5, -5, -9, -5, -6,
    18, 17, 0, 0, 0, 0, 0, 0,
    0, 0, 0, 0, 0, 0, 0, 0,
    0, 0, 0, 0, 0, 0, 0, 0,
    0, 0, 0, 0, 0, 0, 0, 0,
    0, 0, 0, 0, 0, 0, 0, 0,
    17, 0, 0, 0, 0, 0, 0, 0,
    0, 0, 0, 0, 0, -12, 0, 0,
    0, 0, 0, 0, 0, 0, 0, 0,
    0, 0, 0, 0, 0, 0, 0, 0,
    0, 0, 0, 0, 0, 0, 0, 0,
    0, 0, 0, 0, 0, 0, 0, -2,
    0, 0, 0, 0, 0, 0, 0, 0,
    0, 0, 0, 0, 0, -8, 0, 0,
    0, 0, 0, 0, 0, 0, 0, 0,
    0, 0, 0, 0, 0, 0, 0, 0,
    0, 0, 0, 0, 0, 0, 0, 0,
    0, 0, 0, 0, 0, 0, 0, 0,
    0, 0, 0, 0, 0, 0, 0, 0,
    0, 0, -3, 0, 0, 0, 0, 0,
    0, 0, 0, 0, 0, 0, 0, 0,
    0, 0, 0, 0, 0, 0, 0, 0,
    0, 0, 0, 0, 0, 0, 0, 0,
    0, 0, 0, 0, 0, 0, 0, 0,
    0, 0, 0, 0, 0, 0, 21, 0,
    0, 0, 0, 0, 0, 0, 0, 0,
    0, 0, 0, 0, 0, 0, 0, -5,
    -19, 0, 0, 0, 0, 0, 0, 0,
    0, 0, 0, 0, 0, -10, -9, 0,
    0, 0, 0, 0, 0, 0, 0, 0,
    0, 0, 0, 0, 0, -11, 0, -6,
    -6, -5, -9, -9, -6, -11, -11, -12,
    -11, -9, 0, 0, 0, -7, 0, 0,
    0, 0, 0, 0, 0, 0, 0, 0,
    0, 0, 0, 0, 0, 0, 0, 0,
    0, 0, 0, 0, 0, 0, 0, 0,
    0, 0, 0, 0, 0, 0, 0, 0,
    0, 0, 28, 0, 0, 0, 0, 0,
    0, 0, 0, 0, 0, 0, 0, 0,
    -6, 0, 0, -26, -17, -22, 0, 0,
    0, 0, 0, 0, 0, 0, 0, 0,
    0, 0, -11, 0, 0, 0, 0, 0,
    0, 0, 0, 0, 0, 0, 0, 0,
    -9, -6, -6, -6, -6, -5, -11, -9,
    -6, -9, -8, -8, -9, -9, 0, 6,
    0, -7, 0, 0, 0, 0, 0, 0,
    0, 0, 0, 0, 0, 0, 0, 0,
    0, 0, 0, 0, 0, 0, 0, 0,
    0, 0, 0, 0, 0, 0, 0, 0,
    0, 0, 0, 0, 0, 0, 0, 0,
    0, 0, 0, 0, 0, 0, 0, 0,
    0, 0, 0, 0, 0, 0, 0, -11,
    -6, 0, 0, 0, 0, 0, 0, 0,
    0, 0, 0, 0, 0, 0, -5, 0,
    0, 0, 0, 0, 0, 0, 0, 0,
    0, 0, 0, 0, 0, -6, 0, 0,
    0, 0, -5, -3, 0, 0, 0, -2,
    0, -5, 0, 6, 0, -5, 0, 0,
    0, 0, 0, 0, 0, 0, 0, 0,
    0, 0, 0, 0, 0, 0, 0, 0,
    0, 0, 0, 0, 0, 0, 0, 0,
    0, 0, 0, 0, 0, 0, 0, 0,
    0, 0, 0, 0, 0, 0, 0, 0,
    0, 0, 0, 0, 0, -2, 0, -1,
    0, -12, 0, -17, -9, 0, 0, 0,
    0, 0, 0, 0, 0, 0, 0, 0,
    0, 0, -6, 0, 0, 0, 0, 0,
    0, 0, 0, 0, 0, 0, 0, 0,
    0, 0, 0, 0, 0, 0, -6, -5,
    0, -6, -5, -7, -6, -3, 0, 0,
    0, -1, 0, -9, 0, -11, 0, 0,
    0, 0, 0, 0, 0, 0, 0, 0,
    0, 0, 0, 0, -5, 0, 0, 0,
    0, 0, 0, 0, 0, 0, 0, 0,
    0, 0, 0, 0, 0, -3, 0, 0,
    -5, -4, 0, -5, -7, -5, -5, -3,
    0, 0, 0, -1, 0, 0, 0, 0,
    -9, 0, 0, 0, 0, 0, 0, 0,
    0, 0, 0, 0, 0, 0, -5, 0,
    0, 0, 0, 0, 0, 0, 0, 0,
    0, 0, 0, 0, 0, -7, 0, 0,
    0, 0, -5, -5, 0, -7, -5, -9,
    -7, 0, 0, 0, 0, 0, 0, -12,
    0, -23, -12, 0, 0, 0, 0, 0,
    0, 0, 0, 0, 0, 0, -5, 0,
    -9, 0, 0, 0, 0, 0, 0, 0,
    0, 0, 0, 0, 0, -3, -4, -3,
    -4, -5, -5, -4, -9, -6, 0, -6,
    -9, -9, -6, -7, -6, 0, 0, 0,
    0, 0, 0, 0, -8, 6, 0, 0,
    0, 0, 0, 0, 0, 0, 0, 0,
    0, 0, -3, 0, 0, 0, 0, 0,
    0, 0, 0, 0, 0, 0, 0, 0,
    0, -4, 0, 0, 0, 0, -4, 0,
    0, 0, 0, 0, 0, 0, 0, 0,
    0, 0, 0, 0, 0, 0, 0, 0,
    0, 0, 0, 0, 0, 0, 0, 0,
    0, 0, 0, 0, 0, 0, 0, 0,
    0, 0, 0, 0, 0, 0, 0, 0,
    0, 0, 0, 0, 0, 0, 33, 0,
    0, 0, 0, 0, 0, 0, 0, 0,
    0, 0, 0, 0, 0, 0, 0, 0,
    0, 0, 0, 0, 0, 0, 0, 0,
    0, 0, 0, 0, 0, 0, -19, -37,
    0, 0, -45, 0, 7, 0, 0, 0,
    0, 0, 0, 0, 0, 6, 0, 0,
    0, 0, -19, -12, 0, 0, 0, 0,
    0, 0, 0, 0, 0, 0, 0, 0,
    0, 0, 0, 0, 0, 0, 0, 0,
    0, 0, 0, 0, 0, 0, 0, 0,
    -30, -48, 0, -14, -40, -11, 8, 0,
    0, 0, -6, 0, 0, 0, 0, -3,
    0, 0, 0, -13, -30, -24, -14, -8,
    0, 0, -8, -13, 0, 0
};


/*Collect the kern class' data in one place*/
static const lv_font_fmt_txt_kern_classes_t kern_classes =
{
    .class_pair_values   = kern_class_values,
    .left_class_mapping  = kern_left_class_mapping,
    .right_class_mapping = kern_right_class_mapping,
    .left_class_cnt      = 63,
    .right_class_cnt     = 50,
};

/*--------------------
 *  ALL CUSTOM DATA
 *--------------------*/

#if LVGL_VERSION_MAJOR == 8
/*Store all the custom data of the font*/
static  lv_font_fmt_txt_glyph_cache_t cache;
#endif

#if LVGL_VERSION_MAJOR >= 8
static const lv_font_fmt_txt_dsc_t font_dsc = {
#else
static lv_font_fmt_txt_dsc_t font_dsc = {
#endif
    .glyph_bitmap = glyph_bitmap,
    .glyph_dsc = glyph_dsc,
    .cmaps = cmaps,
    .kern_dsc = &kern_classes,
    .kern_scale = 16,
    .cmap_num = 2,
    .bpp = 4,
    .kern_classes = 1,
    .bitmap_format = 0,
#if LVGL_VERSION_MAJOR == 8
    .cache = &cache
#endif
};



/*-----------------
 *  PUBLIC FONT
 *----------------*/

/*Initialize a public general font descriptor*/
#if LVGL_VERSION_MAJOR >= 8
const lv_font_t outfit_21 = {
#else
lv_font_t outfit_21 = {
#endif
    .get_glyph_dsc = lv_font_get_glyph_dsc_fmt_txt,    /*Function pointer to get glyph's data*/
    .get_glyph_bitmap = lv_font_get_bitmap_fmt_txt,    /*Function pointer to get glyph's bitmap*/
    .line_height = 25,          /*The maximum line height required by the font*/
    .base_line = 4,             /*Baseline measured from the bottom of the line*/
#if !(LVGL_VERSION_MAJOR == 6 && LVGL_VERSION_MINOR == 0)
    .subpx = LV_FONT_SUBPX_NONE,
#endif
#if LV_VERSION_CHECK(7, 4, 0) || LVGL_VERSION_MAJOR >= 8
    .underline_position = -2,
    .underline_thickness = 1,
#endif
    .dsc = &font_dsc,          /*The custom font data. Will be accessed by `get_glyph_bitmap/dsc` */
#if LV_VERSION_CHECK(8, 2, 0) || LVGL_VERSION_MAJOR >= 9
    .fallback = NULL,
#endif
    .user_data = NULL,
};



#endif /*#if OUTFIT_21*/

