/*******************************************************************************
 * Size: 18 px
 * Bpp: 4
 * Opts: --no-compress --bpp 4 --size 18 --font /Volumes/SSD/projects/dune-weaver-pi/dune-weaver-touch/fonts/Outfit-Regular.ttf -r 0x20-0x7F,0xB0,0xB7,0x2013-0x2014,0x2018-0x2019,0x201C-0x201D,0x2022,0x2026 --font /Volumes/SSD/projects/dune-weaver-pi/dune-weaver-touch/fonts/MaterialIconsRound-Regular.otf -r 0xe145,0xe39e,0xe2ea,0xe3ab,0xe5ca,0xef4a,0xe5cd,0xe872,0xe5cf,0xe88a,0xe518,0xe0f0,0xe405,0xe034,0xe037,0xe1c4,0xe05f,0xe8ac,0xe03d,0xe836,0xe5d5,0xf053,0xe8b6,0xe043,0xe044,0xe047,0xe429,0xe63e,0xf0b0,0xebe4,0xebd6,0xebe1,0xe1ba --font managed_components/lvgl__lvgl/scripts/built_in_font/FontAwesome5-Solid+Brands+Regular.woff -r 61441,61448,61451,61452,61453,61457,61459,61461,61465,61468,61473,61478,61479,61480,61502,61507,61512,61515,61516,61517,61521,61522,61523,61524,61543,61544,61550,61552,61553,61556,61559,61560,61561,61563,61587,61589,61636,61637,61639,61641,61664,61671,61674,61683,61724,61732,61787,61931,62016,62017,62018,62019,62020,62087,62099,62212,62189,62810,63426,63650 --format lvgl -o src/ui/fonts/outfit_18.c
 ******************************************************************************/

#ifdef LV_LVGL_H_INCLUDE_SIMPLE
#include "lvgl.h"
#else
#include "lvgl/lvgl.h"
#endif

#ifndef OUTFIT_18
#define OUTFIT_18 1
#endif

#if OUTFIT_18

/*-----------------
 *    BITMAPS
 *----------------*/

/*Store the image of the glyphs*/
static LV_ATTRIBUTE_LARGE_CONST const uint8_t glyph_bitmap[] = {
    /* U+0020 " " */

    /* U+0021 "!" */
    0x8f, 0x28, 0xf2, 0x8f, 0x17, 0xf1, 0x7f, 0x6,
    0xf0, 0x6f, 0x5, 0xf0, 0x5f, 0x0, 0x20, 0x26,
    0xc, 0xf6, 0x9f, 0x30,

    /* U+0022 "\"" */
    0xbf, 0xc, 0xea, 0xe0, 0xbd, 0x8d, 0x9, 0xc7,
    0xb0, 0x8a, 0x35, 0x4, 0x50,

    /* U+0023 "#" */
    0x0, 0x0, 0xf5, 0x2, 0xf3, 0x0, 0x0, 0x3f,
    0x30, 0x5f, 0x0, 0x0, 0x5, 0xf0, 0x7, 0xe0,
    0x0, 0x0, 0x7e, 0x0, 0xac, 0x0, 0x9, 0xff,
    0xff, 0xff, 0xff, 0xa0, 0x35, 0xdb, 0x55, 0xfa,
    0x53, 0x0, 0xe, 0x70, 0x1f, 0x50, 0x0, 0x12,
    0xf6, 0x14, 0xf3, 0x10, 0x2f, 0xff, 0xff, 0xff,
    0xff, 0x10, 0x48, 0xf4, 0x4a, 0xe4, 0x40, 0x0,
    0x8e, 0x0, 0xab, 0x0, 0x0, 0xa, 0xb0, 0xc,
    0x90, 0x0, 0x0, 0xc9, 0x0, 0xf6, 0x0, 0x0,

    /* U+0024 "$" */
    0x0, 0x0, 0xf2, 0x0, 0x0, 0x0, 0xf, 0x20,
    0x0, 0x0, 0x8e, 0xfe, 0x91, 0x0, 0xbf, 0xbf,
    0xdf, 0xd0, 0x3f, 0x80, 0xf2, 0x67, 0x4, 0xf5,
    0xf, 0x20, 0x0, 0x2f, 0xc1, 0xf2, 0x0, 0x0,
    0x9f, 0xff, 0x40, 0x0, 0x0, 0x6d, 0xff, 0xb2,
    0x0, 0x0, 0xf, 0xcf, 0xd0, 0x0, 0x0, 0xf2,
    0x9f, 0x40, 0x10, 0xf, 0x24, 0xf6, 0x9c, 0x10,
    0xf2, 0x9f, 0x46, 0xff, 0xaf, 0xdf, 0xc0, 0x3,
    0xbf, 0xfe, 0x80, 0x0, 0x0, 0xf, 0x20, 0x0,
    0x0, 0x0, 0x81, 0x0, 0x0,

    /* U+0025 "%" */
    0x2, 0xcf, 0xb1, 0x0, 0x3f, 0x70, 0xda, 0x2c,
    0xb0, 0xc, 0xd0, 0x1f, 0x40, 0x6f, 0x6, 0xf3,
    0x0, 0xe8, 0xa, 0xd1, 0xf9, 0x0, 0x5, 0xff,
    0xf4, 0xae, 0x10, 0x0, 0x1, 0x41, 0x4f, 0x60,
    0x0, 0x0, 0x0, 0xd, 0xc0, 0x0, 0x0, 0x0,
    0x8, 0xf2, 0x0, 0x0, 0x0, 0x2, 0xf8, 0x3d,
    0xfd, 0x20, 0x0, 0xbd, 0xd, 0xb4, 0xcc, 0x0,
    0x5f, 0x41, 0xf4, 0x5, 0xf0, 0xe, 0xa0, 0xd,
    0xa2, 0xbc, 0x9, 0xf1, 0x0, 0x2c, 0xfb, 0x10,

    /* U+0026 "&" */
    0x0, 0x3c, 0xfe, 0x91, 0x0, 0x0, 0x2f, 0xfa,
    0xbf, 0xc0, 0x0, 0x9, 0xf3, 0x0, 0x76, 0x0,
    0x0, 0xbf, 0x0, 0x0, 0x0, 0x0, 0x8, 0xf3,
    0x0, 0x0, 0x0, 0x0, 0x1f, 0xd1, 0x0, 0x0,
    0x0, 0xb, 0xff, 0xc0, 0x0, 0x0, 0x8, 0xf4,
    0x5f, 0xb0, 0x0, 0x0, 0xdc, 0x0, 0x7f, 0x90,
    0x0, 0xf, 0xa0, 0x0, 0x8f, 0x80, 0x0, 0xbe,
    0x10, 0x0, 0xbf, 0x60, 0x3, 0xfe, 0x86, 0xaf,
    0xff, 0x40, 0x3, 0xbf, 0xfd, 0x71, 0xcf, 0x30,

    /* U+0027 "'" */
    0xbf, 0xa, 0xe0, 0x8d, 0x7, 0xb0, 0x35, 0x0,

    /* U+0028 "(" */
    0x0, 0x4, 0x30, 0x2, 0xf9, 0x0, 0xcc, 0x0,
    0x3f, 0x30, 0x9, 0xd0, 0x0, 0xd8, 0x0, 0xf,
    0x60, 0x2, 0xf4, 0x0, 0x2f, 0x40, 0x1, 0xf5,
    0x0, 0xf, 0x70, 0x0, 0xbb, 0x0, 0x6, 0xf1,
    0x0, 0xf, 0x80, 0x0, 0x6f, 0x30, 0x0, 0xa9,
    0x0, 0x0, 0x0,

    /* U+0029 ")" */
    0x7, 0x0, 0x2, 0xf8, 0x0, 0x5, 0xf3, 0x0,
    0xc, 0xb0, 0x0, 0x6f, 0x10, 0x1, 0xf5, 0x0,
    0xf, 0x80, 0x0, 0xd9, 0x0, 0xd, 0x90, 0x0,
    0xe8, 0x0, 0xf, 0x60, 0x4, 0xf3, 0x0, 0x9d,
    0x0, 0x1f, 0x70, 0xb, 0xd0, 0x3, 0xe2, 0x0,
    0x0, 0x0, 0x0,

    /* U+002A "*" */
    0x0, 0x0, 0x0, 0x0, 0x0, 0x60, 0x1f, 0x40,
    0x5, 0xf6, 0x7e, 0x0, 0x0, 0x4e, 0xe5, 0x0,
    0x1, 0x7e, 0xff, 0xfd, 0xe, 0xe5, 0xf1, 0x45,
    0x4, 0x10, 0xf4, 0x0, 0x0, 0x0, 0xc6, 0x0,

    /* U+002B "+" */
    0x0, 0xd, 0xa0, 0x0, 0x0, 0xd, 0xa0, 0x0,
    0x0, 0xd, 0xa0, 0x0, 0x78, 0x8e, 0xd8, 0x85,
    0xff, 0xff, 0xff, 0xfb, 0x0, 0xd, 0xa0, 0x0,
    0x0, 0xd, 0xa0, 0x0, 0x0, 0xd, 0xa0, 0x0,
    0x0, 0x6, 0x50, 0x0,

    /* U+002C "," */
    0x5, 0x18, 0xfb, 0x5f, 0xa1, 0xf3, 0x8b, 0x1,
    0x20,

    /* U+002D "-" */
    0x79, 0x99, 0x99, 0x1d, 0xff, 0xff, 0xf1,

    /* U+002E "." */
    0x6, 0x17, 0xfb, 0x4f, 0x70,

    /* U+002F "/" */
    0x0, 0x0, 0x6, 0x50, 0x0, 0x1, 0xf6, 0x0,
    0x0, 0x7f, 0x10, 0x0, 0xc, 0xb0, 0x0, 0x2,
    0xf6, 0x0, 0x0, 0x7f, 0x10, 0x0, 0xd, 0xb0,
    0x0, 0x2, 0xf5, 0x0, 0x0, 0x8f, 0x0, 0x0,
    0xd, 0xa0, 0x0, 0x3, 0xf5, 0x0, 0x0, 0x8f,
    0x0, 0x0, 0xe, 0xa0, 0x0, 0x3, 0xf4, 0x0,
    0x0, 0x9e, 0x0, 0x0, 0x0,

    /* U+0030 "0" */
    0x0, 0x4, 0xcf, 0xfb, 0x20, 0x0, 0x6, 0xfe,
    0xab, 0xff, 0x40, 0x3, 0xfc, 0x10, 0x2, 0xee,
    0x10, 0xaf, 0x20, 0x0, 0x5, 0xf7, 0xf, 0xc0,
    0x0, 0x0, 0xf, 0xc1, 0xf9, 0x0, 0x0, 0x0,
    0xce, 0x2f, 0x90, 0x0, 0x0, 0xc, 0xf1, 0xf9,
    0x0, 0x0, 0x0, 0xde, 0xe, 0xc0, 0x0, 0x0,
    0xf, 0xc0, 0xaf, 0x20, 0x0, 0x5, 0xf7, 0x2,
    0xfc, 0x10, 0x2, 0xee, 0x10, 0x6, 0xff, 0xbb,
    0xff, 0x40, 0x0, 0x4, 0xbf, 0xfb, 0x30, 0x0,

    /* U+0031 "1" */
    0x7f, 0xff, 0xc3, 0x99, 0xfc, 0x0, 0xe, 0xc0,
    0x0, 0xec, 0x0, 0xe, 0xc0, 0x0, 0xec, 0x0,
    0xe, 0xc0, 0x0, 0xec, 0x0, 0xe, 0xc0, 0x0,
    0xec, 0x0, 0xe, 0xc0, 0x0, 0xec, 0x0, 0xe,
    0xc0,

    /* U+0032 "2" */
    0x0, 0x5c, 0xff, 0xb2, 0x0, 0x8f, 0xea, 0xbf,
    0xe1, 0x1f, 0xb0, 0x0, 0x5f, 0x80, 0x30, 0x0,
    0x0, 0xfa, 0x0, 0x0, 0x0, 0x1f, 0x90, 0x0,
    0x0, 0x9, 0xf5, 0x0, 0x0, 0x6, 0xfc, 0x0,
    0x0, 0x5, 0xfd, 0x10, 0x0, 0x4, 0xfe, 0x20,
    0x0, 0x3, 0xfe, 0x20, 0x0, 0x2, 0xef, 0x30,
    0x0, 0x1, 0xef, 0xc9, 0x99, 0x98, 0x6f, 0xff,
    0xff, 0xff, 0xf0,

    /* U+0033 "3" */
    0xd, 0xff, 0xff, 0xff, 0xb0, 0x79, 0x99, 0x9f,
    0xf5, 0x0, 0x0, 0x8, 0xf7, 0x0, 0x0, 0x6,
    0xf9, 0x0, 0x0, 0x4, 0xfb, 0x0, 0x0, 0x0,
    0xef, 0xfc, 0x30, 0x0, 0x4, 0x35, 0xef, 0x30,
    0x0, 0x0, 0x2, 0xfa, 0x0, 0x0, 0x0, 0xd,
    0xd0, 0x0, 0x0, 0x0, 0xfd, 0xb, 0x40, 0x0,
    0x8f, 0x82, 0xff, 0xca, 0xdf, 0xd1, 0x2, 0xae,
    0xfe, 0x91, 0x0,

    /* U+0034 "4" */
    0x0, 0x0, 0x2f, 0xc0, 0x0, 0x0, 0x0, 0xa,
    0xf3, 0x0, 0x0, 0x0, 0x3, 0xfb, 0x0, 0x0,
    0x0, 0x0, 0xbf, 0x20, 0x0, 0x0, 0x0, 0x4f,
    0x90, 0x4f, 0x60, 0x0, 0xc, 0xf1, 0x4, 0xf6,
    0x0, 0x5, 0xf7, 0x0, 0x4f, 0x60, 0x0, 0xde,
    0x0, 0x4, 0xf6, 0x0, 0x5f, 0xff, 0xff, 0xff,
    0xff, 0x23, 0x99, 0x99, 0x9b, 0xfb, 0x91, 0x0,
    0x0, 0x0, 0x4f, 0x60, 0x0, 0x0, 0x0, 0x4,
    0xf6, 0x0, 0x0, 0x0, 0x0, 0x4f, 0x60, 0x0,

    /* U+0035 "5" */
    0x4, 0xff, 0xff, 0xff, 0x60, 0x5f, 0xa9, 0x99,
    0x93, 0x6, 0xf1, 0x0, 0x0, 0x0, 0x8f, 0x0,
    0x0, 0x0, 0x9, 0xe0, 0x11, 0x0, 0x0, 0xbf,
    0xdf, 0xfd, 0x50, 0x7, 0xd7, 0x57, 0xef, 0x40,
    0x0, 0x0, 0x1, 0xfc, 0x0, 0x0, 0x0, 0xb,
    0xf0, 0x0, 0x0, 0x0, 0xcf, 0xa, 0x30, 0x0,
    0x6f, 0xa3, 0xff, 0xca, 0xcf, 0xe1, 0x2, 0xae,
    0xfe, 0x91, 0x0,

    /* U+0036 "6" */
    0x0, 0x0, 0xc, 0xf2, 0x0, 0x0, 0x0, 0x8f,
    0x50, 0x0, 0x0, 0x3, 0xf9, 0x0, 0x0, 0x0,
    0xd, 0xc0, 0x0, 0x0, 0x0, 0x9f, 0xff, 0xd6,
    0x0, 0x4, 0xfd, 0x76, 0xcf, 0x70, 0xd, 0xe1,
    0x0, 0xd, 0xf1, 0x2f, 0x80, 0x0, 0x6, 0xf6,
    0x4f, 0x60, 0x0, 0x4, 0xf7, 0x2f, 0x90, 0x0,
    0x7, 0xf4, 0xd, 0xf3, 0x0, 0x2e, 0xe0, 0x3,
    0xff, 0xbb, 0xff, 0x40, 0x0, 0x3b, 0xff, 0xb3,
    0x0,

    /* U+0037 "7" */
    0x7f, 0xff, 0xff, 0xff, 0xe3, 0x99, 0x99, 0x99,
    0xfb, 0x0, 0x0, 0x0, 0x5f, 0x50, 0x0, 0x0,
    0xc, 0xe0, 0x0, 0x0, 0x2, 0xf8, 0x0, 0x0,
    0x0, 0x8f, 0x20, 0x0, 0x0, 0xe, 0xc0, 0x0,
    0x0, 0x5, 0xf6, 0x0, 0x0, 0x0, 0xbf, 0x10,
    0x0, 0x0, 0x1f, 0xa0, 0x0, 0x0, 0x8, 0xf4,
    0x0, 0x0, 0x0, 0xed, 0x0, 0x0, 0x0, 0x4f,
    0x70, 0x0, 0x0,

    /* U+0038 "8" */
    0x0, 0x4c, 0xff, 0xb3, 0x0, 0x3, 0xfe, 0x89,
    0xef, 0x20, 0x9, 0xf2, 0x0, 0x3f, 0x70, 0x9,
    0xf0, 0x0, 0x1f, 0x80, 0x3, 0xf9, 0x22, 0xaf,
    0x20, 0x0, 0x8f, 0xff, 0xf6, 0x0, 0x5, 0xfb,
    0x55, 0xcf, 0x40, 0xe, 0xc0, 0x0, 0xd, 0xd0,
    0x2f, 0x60, 0x0, 0x8, 0xf1, 0x3f, 0x70, 0x0,
    0x9, 0xf1, 0xe, 0xe1, 0x0, 0x2f, 0xd0, 0x6,
    0xfe, 0xaa, 0xff, 0x50, 0x0, 0x5c, 0xff, 0xc4,
    0x0,

    /* U+0039 "9" */
    0x0, 0x2b, 0xff, 0xc4, 0x0, 0x3, 0xff, 0xbb,
    0xff, 0x50, 0xd, 0xf2, 0x0, 0x1e, 0xf1, 0x3f,
    0x80, 0x0, 0x6, 0xf5, 0x4f, 0x60, 0x0, 0x4,
    0xf6, 0x1f, 0xb0, 0x0, 0x9, 0xf4, 0xa, 0xfa,
    0x22, 0x8f, 0xf0, 0x0, 0xaf, 0xff, 0xff, 0x70,
    0x0, 0x1, 0x47, 0xfc, 0x0, 0x0, 0x0, 0x1e,
    0xf2, 0x0, 0x0, 0x0, 0xaf, 0x50, 0x0, 0x0,
    0x5, 0xfa, 0x0, 0x0, 0x0, 0x1e, 0xe1, 0x0,
    0x0,

    /* U+003A ":" */
    0x7f, 0x5a, 0xf8, 0x16, 0x0, 0x0, 0x0, 0x1,
    0x60, 0xaf, 0x87, 0xf5,

    /* U+003B ";" */
    0x7f, 0x5a, 0xf8, 0x16, 0x0, 0x0, 0x0, 0x0,
    0x50, 0x9f, 0x97, 0xf9, 0x2f, 0x29, 0x90, 0x11,
    0x0,

    /* U+003C "<" */
    0x0, 0x0, 0x0, 0x2, 0x0, 0x0, 0x5, 0xcb,
    0x0, 0x6, 0xdf, 0xd5, 0x17, 0xef, 0xb4, 0x0,
    0xef, 0xb2, 0x0, 0x0, 0x8f, 0xf9, 0x20, 0x0,
    0x1, 0x8e, 0xfb, 0x40, 0x0, 0x0, 0x6e, 0xfa,
    0x0, 0x0, 0x0, 0x58,

    /* U+003D "=" */
    0xff, 0xff, 0xff, 0xfb, 0x78, 0x88, 0x88, 0x85,
    0x0, 0x0, 0x0, 0x0, 0x0, 0x0, 0x0, 0x0,
    0x78, 0x88, 0x88, 0x85, 0xff, 0xff, 0xff, 0xfb,

    /* U+003E ">" */
    0x20, 0x0, 0x0, 0x0, 0xea, 0x30, 0x0, 0x0,
    0x8e, 0xfc, 0x40, 0x0, 0x0, 0x6d, 0xfd, 0x60,
    0x0, 0x0, 0x4d, 0xfa, 0x0, 0x4, 0xbf, 0xe5,
    0x6, 0xdf, 0xd6, 0x0, 0xef, 0xc5, 0x0, 0x0,
    0xa3, 0x0, 0x0, 0x0,

    /* U+003F "?" */
    0x0, 0x28, 0x98, 0x20, 0x0, 0x6f, 0xff, 0xff,
    0x40, 0x1f, 0xc2, 0x4, 0xfe, 0x0, 0x41, 0x0,
    0x8, 0xf2, 0x0, 0x0, 0x0, 0x8f, 0x20, 0x0,
    0x0, 0x4f, 0xc0, 0x0, 0x1, 0xff, 0xd2, 0x0,
    0x0, 0x1f, 0x90, 0x0, 0x0, 0x1, 0xf6, 0x0,
    0x0, 0x0, 0x8, 0x30, 0x0, 0x0, 0x0, 0x0,
    0x0, 0x0, 0x0, 0x6, 0x10, 0x0, 0x0, 0x7,
    0xfb, 0x0, 0x0, 0x0, 0x4f, 0x80, 0x0,

    /* U+0040 "@" */
    0x0, 0x0, 0x0, 0x0, 0x0, 0x0, 0x0, 0x0,
    0x18, 0xef, 0xfd, 0x60, 0x0, 0x0, 0x2e, 0xd7,
    0x44, 0x8e, 0xb0, 0x0, 0xe, 0xb0, 0x0, 0x0,
    0x1e, 0x80, 0x8, 0xe0, 0x1b, 0xfb, 0xf3, 0x4f,
    0x10, 0xd9, 0xa, 0xb3, 0xaf, 0x30, 0xf5, 0xf,
    0x60, 0xf3, 0x1, 0xf3, 0xc, 0x80, 0xf6, 0xf,
    0x20, 0x1f, 0x30, 0xc8, 0xe, 0x80, 0xb9, 0x8,
    0xf3, 0xe, 0x70, 0x9d, 0x1, 0xbf, 0xbf, 0xff,
    0xf2, 0x2, 0xf7, 0x0, 0x0, 0x0, 0x0, 0x0,
    0x5, 0xfa, 0x31, 0x15, 0xc5, 0x0, 0x0, 0x3,
    0xcf, 0xff, 0xfa, 0x10, 0x0, 0x0, 0x0, 0x13,
    0x30, 0x0, 0x0,

    /* U+0041 "A" */
    0x0, 0x0, 0x8, 0xf1, 0x0, 0x0, 0x0, 0x0,
    0xe, 0xf7, 0x0, 0x0, 0x0, 0x0, 0x4f, 0xfd,
    0x0, 0x0, 0x0, 0x0, 0xbf, 0x8f, 0x40, 0x0,
    0x0, 0x1, 0xfa, 0x1f, 0xa0, 0x0, 0x0, 0x7,
    0xf3, 0xb, 0xf1, 0x0, 0x0, 0xe, 0xd0, 0x5,
    0xf7, 0x0, 0x0, 0x4f, 0x70, 0x0, 0xed, 0x0,
    0x0, 0xaf, 0xa8, 0x88, 0xdf, 0x30, 0x1, 0xff,
    0xff, 0xff, 0xff, 0x90, 0x7, 0xf5, 0x0, 0x0,
    0xc, 0xf0, 0xd, 0xe0, 0x0, 0x0, 0x6, 0xf6,
    0x3f, 0x80, 0x0, 0x0, 0x1, 0xfc,

    /* U+0042 "B" */
    0x8f, 0xff, 0xff, 0xc5, 0x0, 0x8f, 0x98, 0x89,
    0xef, 0x40, 0x8f, 0x20, 0x0, 0x1f, 0xb0, 0x8f,
    0x20, 0x0, 0xd, 0xd0, 0x8f, 0x20, 0x0, 0x1f,
    0xa0, 0x8f, 0x98, 0x88, 0xee, 0x20, 0x8f, 0xff,
    0xff, 0xfc, 0x10, 0x8f, 0x20, 0x0, 0x4e, 0xd0,
    0x8f, 0x20, 0x0, 0x7, 0xf4, 0x8f, 0x20, 0x0,
    0x5, 0xf6, 0x8f, 0x20, 0x0, 0xb, 0xf3, 0x8f,
    0x98, 0x88, 0xcf, 0xb0, 0x8f, 0xff, 0xff, 0xd8,
    0x0,

    /* U+0043 "C" */
    0x0, 0x0, 0x6c, 0xff, 0xd9, 0x10, 0x0, 0x1d,
    0xfe, 0xbb, 0xdf, 0xf4, 0x0, 0xdf, 0x80, 0x0,
    0x4, 0xd3, 0x7, 0xf8, 0x0, 0x0, 0x0, 0x0,
    0xd, 0xe0, 0x0, 0x0, 0x0, 0x0, 0x1f, 0xb0,
    0x0, 0x0, 0x0, 0x0, 0x2f, 0x90, 0x0, 0x0,
    0x0, 0x0, 0x1f, 0xb0, 0x0, 0x0, 0x0, 0x0,
    0xd, 0xe0, 0x0, 0x0, 0x0, 0x0, 0x7, 0xf8,
    0x0, 0x0, 0x0, 0x0, 0x0, 0xdf, 0x80, 0x0,
    0x3, 0xd4, 0x0, 0x1d, 0xfe, 0xbb, 0xdf, 0xf5,
    0x0, 0x0, 0x6c, 0xff, 0xd9, 0x10,

    /* U+0044 "D" */
    0x8f, 0xff, 0xff, 0xd8, 0x10, 0x0, 0x8f, 0xa9,
    0x99, 0xcf, 0xf4, 0x0, 0x8f, 0x20, 0x0, 0x4,
    0xef, 0x30, 0x8f, 0x20, 0x0, 0x0, 0x3f, 0xc0,
    0x8f, 0x20, 0x0, 0x0, 0xa, 0xf2, 0x8f, 0x20,
    0x0, 0x0, 0x6, 0xf6, 0x8f, 0x20, 0x0, 0x0,
    0x4, 0xf7, 0x8f, 0x20, 0x0, 0x0, 0x6, 0xf6,
    0x8f, 0x20, 0x0, 0x0, 0xa, 0xf2, 0x8f, 0x20,
    0x0, 0x0, 0x3f, 0xc0, 0x8f, 0x20, 0x0, 0x3,
    0xef, 0x30, 0x8f, 0xa9, 0x99, 0xcf, 0xf4, 0x0,
    0x8f, 0xff, 0xff, 0xd8, 0x10, 0x0,

    /* U+0045 "E" */
    0x8f, 0xff, 0xff, 0xff, 0xb8, 0xfa, 0x99, 0x99,
    0x96, 0x8f, 0x20, 0x0, 0x0, 0x8, 0xf2, 0x0,
    0x0, 0x0, 0x8f, 0x20, 0x0, 0x0, 0x8, 0xf9,
    0x88, 0x88, 0x81, 0x8f, 0xff, 0xff, 0xff, 0x38,
    0xf2, 0x0, 0x0, 0x0, 0x8f, 0x20, 0x0, 0x0,
    0x8, 0xf2, 0x0, 0x0, 0x0, 0x8f, 0x20, 0x0,
    0x0, 0x8, 0xfa, 0x99, 0x99, 0x97, 0x8f, 0xff,
    0xff, 0xff, 0xc0,

    /* U+0046 "F" */
    0x8f, 0xff, 0xff, 0xff, 0x78, 0xfa, 0x99, 0x99,
    0x94, 0x8f, 0x20, 0x0, 0x0, 0x8, 0xf2, 0x0,
    0x0, 0x0, 0x8f, 0x20, 0x0, 0x0, 0x8, 0xf2,
    0x0, 0x0, 0x0, 0x8f, 0xff, 0xff, 0xff, 0x28,
    0xfa, 0x99, 0x99, 0x91, 0x8f, 0x20, 0x0, 0x0,
    0x8, 0xf2, 0x0, 0x0, 0x0, 0x8f, 0x20, 0x0,
    0x0, 0x8, 0xf2, 0x0, 0x0, 0x0, 0x8f, 0x20,
    0x0, 0x0, 0x0,

    /* U+0047 "G" */
    0x0, 0x0, 0x6c, 0xff, 0xe9, 0x20, 0x0, 0x0,
    0x1c, 0xff, 0xbb, 0xdf, 0xf5, 0x0, 0x0, 0xcf,
    0x80, 0x0, 0x3, 0xdc, 0x0, 0x7, 0xf8, 0x0,
    0x0, 0x0, 0x10, 0x0, 0xd, 0xe0, 0x0, 0x0,
    0x0, 0x0, 0x0, 0x1f, 0xa0, 0x0, 0x0, 0x0,
    0x0, 0x0, 0x2f, 0x90, 0x0, 0xf, 0xff, 0xff,
    0xf1, 0x1f, 0xb0, 0x0, 0x9, 0x99, 0x9e, 0xf0,
    0xd, 0xe0, 0x0, 0x0, 0x0, 0xd, 0xd0, 0x7,
    0xf8, 0x0, 0x0, 0x0, 0x4f, 0x90, 0x0, 0xcf,
    0x80, 0x0, 0x4, 0xef, 0x10, 0x0, 0x1c, 0xff,
    0xbb, 0xef, 0xf4, 0x0, 0x0, 0x0, 0x6c, 0xff,
    0xd9, 0x10, 0x0,

    /* U+0048 "H" */
    0x8f, 0x20, 0x0, 0x0, 0x7f, 0x38, 0xf2, 0x0,
    0x0, 0x7, 0xf3, 0x8f, 0x20, 0x0, 0x0, 0x7f,
    0x38, 0xf2, 0x0, 0x0, 0x7, 0xf3, 0x8f, 0x20,
    0x0, 0x0, 0x7f, 0x38, 0xfa, 0x99, 0x99, 0x9c,
    0xf3, 0x8f, 0xff, 0xff, 0xff, 0xff, 0x38, 0xf2,
    0x0, 0x0, 0x7, 0xf3, 0x8f, 0x20, 0x0, 0x0,
    0x7f, 0x38, 0xf2, 0x0, 0x0, 0x7, 0xf3, 0x8f,
    0x20, 0x0, 0x0, 0x7f, 0x38, 0xf2, 0x0, 0x0,
    0x7, 0xf3, 0x8f, 0x20, 0x0, 0x0, 0x7f, 0x30,

    /* U+0049 "I" */
    0x8f, 0x28, 0xf2, 0x8f, 0x28, 0xf2, 0x8f, 0x28,
    0xf2, 0x8f, 0x28, 0xf2, 0x8f, 0x28, 0xf2, 0x8f,
    0x28, 0xf2, 0x8f, 0x20,

    /* U+004A "J" */
    0x0, 0x0, 0x1, 0xf9, 0x0, 0x0, 0x1, 0xf9,
    0x0, 0x0, 0x1, 0xf9, 0x0, 0x0, 0x1, 0xf9,
    0x0, 0x0, 0x1, 0xf9, 0x0, 0x0, 0x1, 0xf9,
    0x0, 0x0, 0x1, 0xf9, 0x0, 0x0, 0x1, 0xf9,
    0x0, 0x0, 0x1, 0xf9, 0x0, 0x0, 0x2, 0xf8,
    0x6, 0x10, 0x9, 0xf4, 0x3f, 0xeb, 0xdf, 0xc0,
    0x4, 0xcf, 0xe9, 0x0,

    /* U+004B "K" */
    0x8f, 0x20, 0x0, 0x6, 0xfb, 0x8, 0xf2, 0x0,
    0x6, 0xfb, 0x0, 0x8f, 0x20, 0x6, 0xfb, 0x0,
    0x8, 0xf2, 0x6, 0xfb, 0x0, 0x0, 0x8f, 0x26,
    0xfb, 0x0, 0x0, 0x8, 0xf9, 0xfb, 0x0, 0x0,
    0x0, 0x8f, 0xef, 0x60, 0x0, 0x0, 0x8, 0xf4,
    0xdf, 0x50, 0x0, 0x0, 0x8f, 0x21, 0xef, 0x40,
    0x0, 0x8, 0xf2, 0x2, 0xef, 0x30, 0x0, 0x8f,
    0x20, 0x3, 0xfe, 0x20, 0x8, 0xf2, 0x0, 0x3,
    0xfe, 0x20, 0x8f, 0x20, 0x0, 0x4, 0xfe, 0x10,

    /* U+004C "L" */
    0x8f, 0x20, 0x0, 0x0, 0x8, 0xf2, 0x0, 0x0,
    0x0, 0x8f, 0x20, 0x0, 0x0, 0x8, 0xf2, 0x0,
    0x0, 0x0, 0x8f, 0x20, 0x0, 0x0, 0x8, 0xf2,
    0x0, 0x0, 0x0, 0x8f, 0x20, 0x0, 0x0, 0x8,
    0xf2, 0x0, 0x0, 0x0, 0x8f, 0x20, 0x0, 0x0,
    0x8, 0xf2, 0x0, 0x0, 0x0, 0x8f, 0x20, 0x0,
    0x0, 0x8, 0xfa, 0x99, 0x99, 0x93, 0x8f, 0xff,
    0xff, 0xff, 0x50,

    /* U+004D "M" */
    0x8e, 0x0, 0x0, 0x0, 0x0, 0xd, 0xa8, 0xf8,
    0x0, 0x0, 0x0, 0x7, 0xfa, 0x8f, 0xf2, 0x0,
    0x0, 0x1, 0xff, 0xa8, 0xff, 0xb0, 0x0, 0x0,
    0x9f, 0xfa, 0x8f, 0x9f, 0x40, 0x0, 0x3f, 0xaf,
    0xa8, 0xf3, 0xdd, 0x0, 0xc, 0xe2, 0xfa, 0x8f,
    0x24, 0xf7, 0x5, 0xf6, 0x1f, 0xa8, 0xf2, 0xb,
    0xf2, 0xec, 0x1, 0xfa, 0x8f, 0x20, 0x2f, 0xef,
    0x30, 0x1f, 0xa8, 0xf2, 0x0, 0x8f, 0xa0, 0x1,
    0xfa, 0x8f, 0x20, 0x0, 0x51, 0x0, 0x1f, 0xa8,
    0xf2, 0x0, 0x0, 0x0, 0x1, 0xfa, 0x8f, 0x20,
    0x0, 0x0, 0x0, 0x1f, 0xa0,

    /* U+004E "N" */
    0x8e, 0x10, 0x0, 0x0, 0x6f, 0x48, 0xfb, 0x0,
    0x0, 0x6, 0xf4, 0x8f, 0xf7, 0x0, 0x0, 0x6f,
    0x48, 0xfd, 0xf3, 0x0, 0x6, 0xf4, 0x8f, 0x3e,
    0xe1, 0x0, 0x6f, 0x48, 0xf2, 0x4f, 0xa0, 0x6,
    0xf4, 0x8f, 0x20, 0x8f, 0x60, 0x6f, 0x48, 0xf2,
    0x0, 0xcf, 0x26, 0xf4, 0x8f, 0x20, 0x2, 0xfd,
    0x6f, 0x48, 0xf2, 0x0, 0x5, 0xfe, 0xf4, 0x8f,
    0x20, 0x0, 0x9, 0xff, 0x48, 0xf2, 0x0, 0x0,
    0xd, 0xf4, 0x8f, 0x20, 0x0, 0x0, 0x3f, 0x40,

    /* U+004F "O" */
    0x0, 0x0, 0x6c, 0xff, 0xd8, 0x10, 0x0, 0x0,
    0x1d, 0xfe, 0xbb, 0xdf, 0xe4, 0x0, 0x0, 0xdf,
    0x80, 0x0, 0x5, 0xef, 0x20, 0x7, 0xf8, 0x0,
    0x0, 0x0, 0x3f, 0xb0, 0xd, 0xe0, 0x0, 0x0,
    0x0, 0xa, 0xf2, 0x1f, 0xa0, 0x0, 0x0, 0x0,
    0x6, 0xf5, 0x2f, 0x90, 0x0, 0x0, 0x0, 0x4,
    0xf7, 0x1f, 0xb0, 0x0, 0x0, 0x0, 0x6, 0xf5,
    0xd, 0xf0, 0x0, 0x0, 0x0, 0xa, 0xf2, 0x7,
    0xf8, 0x0, 0x0, 0x0, 0x3f, 0xb0, 0x0, 0xcf,
    0x80, 0x0, 0x5, 0xff, 0x20, 0x0, 0x1c, 0xfe,
    0xbb, 0xef, 0xe4, 0x0, 0x0, 0x0, 0x6c, 0xff,
    0xd8, 0x10, 0x0,

    /* U+0050 "P" */
    0x8f, 0xff, 0xff, 0xc4, 0x0, 0x8f, 0x98, 0x89,
    0xef, 0x50, 0x8f, 0x20, 0x0, 0x1e, 0xe0, 0x8f,
    0x20, 0x0, 0x9, 0xf1, 0x8f, 0x20, 0x0, 0x9,
    0xf1, 0x8f, 0x20, 0x0, 0x1e, 0xe0, 0x8f, 0x98,
    0x89, 0xef, 0x50, 0x8f, 0xff, 0xff, 0xc4, 0x0,
    0x8f, 0x20, 0x0, 0x0, 0x0, 0x8f, 0x20, 0x0,
    0x0, 0x0, 0x8f, 0x20, 0x0, 0x0, 0x0, 0x8f,
    0x20, 0x0, 0x0, 0x0, 0x8f, 0x20, 0x0, 0x0,
    0x0,

    /* U+0051 "Q" */
    0x0, 0x0, 0x6c, 0xff, 0xd8, 0x10, 0x0, 0x0,
    0x1, 0xcf, 0xeb, 0xbd, 0xfe, 0x40, 0x0, 0x0,
    0xcf, 0x80, 0x0, 0x4, 0xef, 0x20, 0x0, 0x7f,
    0x80, 0x0, 0x0, 0x3, 0xfb, 0x0, 0xd, 0xe0,
    0x0, 0x0, 0x0, 0xa, 0xf2, 0x1, 0xfa, 0x0,
    0x0, 0x0, 0x0, 0x6f, 0x50, 0x2f, 0x90, 0x0,
    0x0, 0x10, 0x4, 0xf7, 0x1, 0xfb, 0x0, 0x0,
    0x5f, 0x40, 0x6f, 0x50, 0xd, 0xf0, 0x0, 0x1,
    0xdf, 0x3a, 0xf2, 0x0, 0x6f, 0x80, 0x0, 0x1,
    0xef, 0xfb, 0x0, 0x0, 0xcf, 0x80, 0x0, 0x7,
    0xff, 0x60, 0x0, 0x1, 0xcf, 0xfb, 0xbe, 0xfe,
    0xef, 0x30, 0x0, 0x0, 0x6c, 0xff, 0xd8, 0x12,
    0xee, 0x0, 0x0, 0x0, 0x0, 0x0, 0x0, 0x2,
    0x50,

    /* U+0052 "R" */
    0x8f, 0xff, 0xff, 0xc4, 0x0, 0x8f, 0x98, 0x89,
    0xef, 0x40, 0x8f, 0x20, 0x0, 0x1f, 0xc0, 0x8f,
    0x20, 0x0, 0xb, 0xf0, 0x8f, 0x20, 0x0, 0xd,
    0xe0, 0x8f, 0x42, 0x23, 0x9f, 0x80, 0x8f, 0xff,
    0xff, 0xf9, 0x0, 0x8f, 0x7a, 0xfb, 0x10, 0x0,
    0x8f, 0x20, 0xcf, 0x40, 0x0, 0x8f, 0x20, 0x1e,
    0xe1, 0x0, 0x8f, 0x20, 0x4, 0xfc, 0x0, 0x8f,
    0x20, 0x0, 0x7f, 0xa0, 0x8f, 0x20, 0x0, 0xb,
    0xf6,

    /* U+0053 "S" */
    0x0, 0x2a, 0xef, 0xd7, 0x0, 0x1, 0xef, 0xba,
    0xdf, 0xc0, 0x7, 0xf5, 0x0, 0x8, 0x60, 0x9,
    0xf1, 0x0, 0x0, 0x0, 0x7, 0xf9, 0x0, 0x0,
    0x0, 0x0, 0xdf, 0xe7, 0x10, 0x0, 0x0, 0x18,
    0xef, 0xf9, 0x0, 0x0, 0x0, 0x5, 0xdf, 0xa0,
    0x0, 0x0, 0x0, 0xc, 0xf1, 0x1, 0x0, 0x0,
    0x8, 0xf2, 0x2e, 0x80, 0x0, 0xd, 0xf0, 0xc,
    0xfe, 0xaa, 0xef, 0x80, 0x0, 0x7d, 0xff, 0xc6,
    0x0,

    /* U+0054 "T" */
    0x7f, 0xff, 0xff, 0xff, 0xff, 0xb4, 0x99, 0x9b,
    0xfc, 0x99, 0x96, 0x0, 0x0, 0x3f, 0x70, 0x0,
    0x0, 0x0, 0x3, 0xf7, 0x0, 0x0, 0x0, 0x0,
    0x3f, 0x70, 0x0, 0x0, 0x0, 0x3, 0xf7, 0x0,
    0x0, 0x0, 0x0, 0x3f, 0x70, 0x0, 0x0, 0x0,
    0x3, 0xf7, 0x0, 0x0, 0x0, 0x0, 0x3f, 0x70,
    0x0, 0x0, 0x0, 0x3, 0xf7, 0x0, 0x0, 0x0,
    0x0, 0x3f, 0x70, 0x0, 0x0, 0x0, 0x3, 0xf7,
    0x0, 0x0, 0x0, 0x0, 0x3f, 0x70, 0x0, 0x0,

    /* U+0055 "U" */
    0xaf, 0x0, 0x0, 0x0, 0xbf, 0xaf, 0x0, 0x0,
    0x0, 0xbf, 0xaf, 0x0, 0x0, 0x0, 0xbf, 0xaf,
    0x0, 0x0, 0x0, 0xbf, 0xaf, 0x0, 0x0, 0x0,
    0xbf, 0xaf, 0x0, 0x0, 0x0, 0xbf, 0xaf, 0x0,
    0x0, 0x0, 0xbf, 0xaf, 0x0, 0x0, 0x0, 0xbf,
    0xaf, 0x10, 0x0, 0x0, 0xcf, 0x7f, 0x50, 0x0,
    0x1, 0xfc, 0x1f, 0xe2, 0x0, 0xb, 0xf6, 0x5,
    0xff, 0xcb, 0xef, 0xa0, 0x0, 0x3b, 0xff, 0xd6,
    0x0,

    /* U+0056 "V" */
    0x4f, 0x90, 0x0, 0x0, 0x2, 0xfa, 0xd, 0xe0,
    0x0, 0x0, 0x8, 0xf3, 0x7, 0xf5, 0x0, 0x0,
    0xe, 0xd0, 0x1, 0xfb, 0x0, 0x0, 0x5f, 0x70,
    0x0, 0xbf, 0x10, 0x0, 0xbf, 0x10, 0x0, 0x5f,
    0x70, 0x1, 0xfb, 0x0, 0x0, 0xe, 0xd0, 0x7,
    0xf4, 0x0, 0x0, 0x8, 0xf3, 0xd, 0xe0, 0x0,
    0x0, 0x2, 0xf9, 0x3f, 0x80, 0x0, 0x0, 0x0,
    0xce, 0x9f, 0x20, 0x0, 0x0, 0x0, 0x6f, 0xfc,
    0x0, 0x0, 0x0, 0x0, 0xf, 0xf5, 0x0, 0x0,
    0x0, 0x0, 0xa, 0xf0, 0x0, 0x0,

    /* U+0057 "W" */
    0x4f, 0x60, 0x0, 0x0, 0xe9, 0x0, 0x0, 0xc,
    0xe0, 0xe, 0xb0, 0x0, 0x3, 0xfe, 0x0, 0x0,
    0x1f, 0x90, 0xa, 0xf0, 0x0, 0x8, 0xff, 0x30,
    0x0, 0x5f, 0x40, 0x5, 0xf5, 0x0, 0xd, 0xcf,
    0x70, 0x0, 0xaf, 0x0, 0x0, 0xfa, 0x0, 0x2f,
    0x6c, 0xc0, 0x0, 0xfa, 0x0, 0x0, 0xbe, 0x0,
    0x7f, 0x27, 0xf1, 0x4, 0xf5, 0x0, 0x0, 0x6f,
    0x40, 0xcd, 0x2, 0xf6, 0x9, 0xf0, 0x0, 0x0,
    0x1f, 0x91, 0xf8, 0x0, 0xdb, 0xe, 0xb0, 0x0,
    0x0, 0xc, 0xd5, 0xf3, 0x0, 0x9f, 0x3f, 0x60,
    0x0, 0x0, 0x7, 0xfd, 0xe0, 0x0, 0x4f, 0xcf,
    0x10, 0x0, 0x0, 0x2, 0xff, 0xa0, 0x0, 0xf,
    0xfc, 0x0, 0x0, 0x0, 0x0, 0xdf, 0x50, 0x0,
    0xa, 0xf7, 0x0, 0x0, 0x0, 0x0, 0x8f, 0x0,
    0x0, 0x5, 0xf2, 0x0, 0x0,

    /* U+0058 "X" */
    0xd, 0xf2, 0x0, 0x0, 0x8, 0xf5, 0x3, 0xfc,
    0x0, 0x0, 0x3f, 0xa0, 0x0, 0x8f, 0x80, 0x0,
    0xde, 0x10, 0x0, 0xc, 0xf3, 0x9, 0xf4, 0x0,
    0x0, 0x2, 0xfd, 0x4f, 0x90, 0x0, 0x0, 0x0,
    0x6f, 0xfd, 0x0, 0x0, 0x0, 0x0, 0xf, 0xfa,
    0x0, 0x0, 0x0, 0x0, 0x9f, 0xdf, 0x30, 0x0,
    0x0, 0x5, 0xf9, 0x1f, 0xd0, 0x0, 0x0, 0x1e,
    0xd0, 0x6, 0xf9, 0x0, 0x0, 0xbf, 0x30, 0x0,
    0xbf, 0x30, 0x6, 0xf7, 0x0, 0x0, 0x1f, 0xd0,
    0x2f, 0xc0, 0x0, 0x0, 0x6, 0xf9,

    /* U+0059 "Y" */
    0x3f, 0xc0, 0x0, 0x0, 0xc, 0xf2, 0x9, 0xf5,
    0x0, 0x0, 0x5f, 0x90, 0x1, 0xee, 0x0, 0x0,
    0xee, 0x0, 0x0, 0x5f, 0x80, 0x8, 0xf5, 0x0,
    0x0, 0xc, 0xf2, 0x2f, 0xb0, 0x0, 0x0, 0x2,
    0xfb, 0xbf, 0x20, 0x0, 0x0, 0x0, 0x9f, 0xf8,
    0x0, 0x0, 0x0, 0x0, 0xf, 0xf0, 0x0, 0x0,
    0x0, 0x0, 0xd, 0xd0, 0x0, 0x0, 0x0, 0x0,
    0xd, 0xd0, 0x0, 0x0, 0x0, 0x0, 0xd, 0xd0,
    0x0, 0x0, 0x0, 0x0, 0xd, 0xd0, 0x0, 0x0,
    0x0, 0x0, 0xd, 0xd0, 0x0, 0x0,

    /* U+005A "Z" */
    0xe, 0xff, 0xff, 0xff, 0xfb, 0x8, 0x99, 0x99,
    0x9d, 0xf8, 0x0, 0x0, 0x0, 0x2f, 0xd0, 0x0,
    0x0, 0x0, 0xcf, 0x30, 0x0, 0x0, 0x7, 0xf8,
    0x0, 0x0, 0x0, 0x2f, 0xd0, 0x0, 0x0, 0x0,
    0xcf, 0x30, 0x0, 0x0, 0x7, 0xf8, 0x0, 0x0,
    0x0, 0x2f, 0xd0, 0x0, 0x0, 0x0, 0xcf, 0x30,
    0x0, 0x0, 0x6, 0xf8, 0x0, 0x0, 0x0, 0x2f,
    0xfa, 0x99, 0x99, 0x95, 0x4f, 0xff, 0xff, 0xff,
    0xf9,

    /* U+005B "[" */
    0x9f, 0xff, 0x79, 0xd5, 0x52, 0x9c, 0x0, 0x9,
    0xc0, 0x0, 0x9c, 0x0, 0x9, 0xc0, 0x0, 0x9c,
    0x0, 0x9, 0xc0, 0x0, 0x9c, 0x0, 0x9, 0xc0,
    0x0, 0x9c, 0x0, 0x9, 0xc0, 0x0, 0x9c, 0x0,
    0x9, 0xd1, 0x10, 0x9f, 0xff, 0x72, 0x44, 0x41,

    /* U+005C "\\" */
    0x56, 0x0, 0x0, 0x6, 0xf2, 0x0, 0x0, 0x1f,
    0x70, 0x0, 0x0, 0xbd, 0x0, 0x0, 0x5, 0xf2,
    0x0, 0x0, 0xf, 0x80, 0x0, 0x0, 0xad, 0x0,
    0x0, 0x5, 0xf3, 0x0, 0x0, 0xf, 0x80, 0x0,
    0x0, 0xad, 0x0, 0x0, 0x4, 0xf3, 0x0, 0x0,
    0xe, 0x90, 0x0, 0x0, 0x9e, 0x0, 0x0, 0x4,
    0xf4, 0x0, 0x0, 0xe, 0x90,

    /* U+005D "]" */
    0x5f, 0xff, 0xa1, 0x55, 0xca, 0x0, 0xb, 0xa0,
    0x0, 0xba, 0x0, 0xb, 0xa0, 0x0, 0xba, 0x0,
    0xb, 0xa0, 0x0, 0xba, 0x0, 0xb, 0xa0, 0x0,
    0xba, 0x0, 0xb, 0xa0, 0x0, 0xba, 0x0, 0xb,
    0xa0, 0x11, 0xba, 0x5f, 0xff, 0xa1, 0x44, 0x42,

    /* U+005E "^" */
    0x0, 0xb, 0xd0, 0x0, 0x0, 0x3f, 0xf6, 0x0,
    0x0, 0xca, 0x7e, 0x0, 0x4, 0xf2, 0xe, 0x60,
    0xc, 0x90, 0x6, 0xe0,

    /* U+005F "_" */
    0x12, 0x22, 0x22, 0x22, 0x1a, 0xff, 0xff, 0xff,
    0xfb, 0x35, 0x55, 0x55, 0x55, 0x30,

    /* U+0060 "`" */
    0x4, 0x30, 0x1, 0xfe, 0x10, 0x4, 0xeb, 0x0,
    0x2, 0xc1,

    /* U+0061 "a" */
    0x0, 0x4c, 0xfe, 0x96, 0xf5, 0x4, 0xff, 0xa9,
    0xef, 0xf5, 0xe, 0xe2, 0x0, 0x1d, 0xf5, 0x3f,
    0x70, 0x0, 0x6, 0xf5, 0x5f, 0x50, 0x0, 0x4,
    0xf5, 0x4f, 0x70, 0x0, 0x5, 0xf5, 0xe, 0xe2,
    0x0, 0x1d, 0xf5, 0x5, 0xff, 0xaa, 0xef, 0xf5,
    0x0, 0x4c, 0xfe, 0x96, 0xf5,

    /* U+0062 "b" */
    0xdd, 0x0, 0x0, 0x0, 0xd, 0xd0, 0x0, 0x0,
    0x0, 0xdd, 0x0, 0x0, 0x0, 0xd, 0xd0, 0x0,
    0x0, 0x0, 0xdd, 0x4c, 0xfe, 0x80, 0xd, 0xff,
    0xc9, 0xcf, 0xc0, 0xdf, 0x60, 0x0, 0x8f, 0x6d,
    0xe0, 0x0, 0x0, 0xfb, 0xdb, 0x0, 0x0, 0xd,
    0xdd, 0xd0, 0x0, 0x0, 0xfb, 0xdf, 0x60, 0x0,
    0x8f, 0x6d, 0xff, 0xb9, 0xcf, 0xc0, 0xdd, 0x4c,
    0xfe, 0x80, 0x0,

    /* U+0063 "c" */
    0x0, 0x3b, 0xff, 0xc4, 0x0, 0x4f, 0xfb, 0xae,
    0xf2, 0xe, 0xe2, 0x0, 0x4, 0x4, 0xf7, 0x0,
    0x0, 0x0, 0x5f, 0x40, 0x0, 0x0, 0x4, 0xf7,
    0x0, 0x0, 0x0, 0xe, 0xe2, 0x0, 0x4, 0x0,
    0x4f, 0xfb, 0xae, 0xf2, 0x0, 0x3b, 0xff, 0xc4,
    0x0,

    /* U+0064 "d" */
    0x0, 0x0, 0x0, 0x5, 0xf5, 0x0, 0x0, 0x0,
    0x5, 0xf5, 0x0, 0x0, 0x0, 0x5, 0xf5, 0x0,
    0x0, 0x0, 0x5, 0xf5, 0x0, 0x4c, 0xfe, 0x96,
    0xf5, 0x4, 0xff, 0xaa, 0xef, 0xf5, 0xe, 0xe2,
    0x0, 0x1d, 0xf5, 0x3f, 0x70, 0x0, 0x6, 0xf5,
    0x5f, 0x50, 0x0, 0x4, 0xf5, 0x4f, 0x70, 0x0,
    0x6, 0xf5, 0xe, 0xe2, 0x0, 0x1d, 0xf5, 0x5,
    0xff, 0xa9, 0xef, 0xf5, 0x0, 0x4c, 0xfe, 0x96,
    0xf5,

    /* U+0065 "e" */
    0x0, 0x3b, 0xff, 0xb3, 0x0, 0x4, 0xfe, 0x99,
    0xef, 0x20, 0xe, 0xd1, 0x0, 0x1e, 0xb0, 0x4f,
    0x71, 0x11, 0x1a, 0xf0, 0x5f, 0xff, 0xff, 0xff,
    0xf1, 0x4f, 0x94, 0x44, 0x44, 0x40, 0xe, 0xd1,
    0x0, 0x4, 0x0, 0x4, 0xff, 0xa9, 0xdf, 0x40,
    0x0, 0x3b, 0xff, 0xc5, 0x0,

    /* U+0066 "f" */
    0x0, 0x0, 0x58, 0x60, 0x0, 0xb, 0xff, 0xfa,
    0x0, 0x5f, 0x80, 0x41, 0x0, 0x9f, 0x10, 0x0,
    0x0, 0x9f, 0x0, 0x0, 0xbf, 0xff, 0xff, 0xc0,
    0x58, 0xcf, 0x88, 0x60, 0x0, 0x9f, 0x0, 0x0,
    0x0, 0x9f, 0x0, 0x0, 0x0, 0x9f, 0x0, 0x0,
    0x0, 0x9f, 0x0, 0x0, 0x0, 0x9f, 0x0, 0x0,
    0x0, 0x9f, 0x0, 0x0, 0x0, 0x9f, 0x0, 0x0,

    /* U+0067 "g" */
    0x0, 0x4c, 0xfe, 0x96, 0xf3, 0x5, 0xfd, 0x77,
    0xdf, 0xf3, 0xe, 0xd0, 0x0, 0xd, 0xf3, 0x4f,
    0x60, 0x0, 0x6, 0xf3, 0x5f, 0x50, 0x0, 0x5,
    0xf3, 0x4f, 0x70, 0x0, 0x7, 0xf3, 0xe, 0xe2,
    0x0, 0x1e, 0xf3, 0x5, 0xff, 0xaa, 0xee, 0xf3,
    0x0, 0x4c, 0xfe, 0x86, 0xf3, 0x0, 0x0, 0x0,
    0x7, 0xf2, 0x9, 0x50, 0x0, 0x1e, 0xd0, 0xd,
    0xfc, 0x9a, 0xff, 0x30, 0x0, 0x8d, 0xff, 0xb3,
    0x0,

    /* U+0068 "h" */
    0xdd, 0x0, 0x0, 0x0, 0xdd, 0x0, 0x0, 0x0,
    0xdd, 0x0, 0x0, 0x0, 0xdd, 0x0, 0x0, 0x0,
    0xdd, 0x5d, 0xfd, 0x50, 0xdf, 0xfa, 0xaf, 0xf4,
    0xdf, 0x40, 0x3, 0xfb, 0xde, 0x0, 0x0, 0xcd,
    0xdd, 0x0, 0x0, 0xcd, 0xdd, 0x0, 0x0, 0xcd,
    0xdd, 0x0, 0x0, 0xcd, 0xdd, 0x0, 0x0, 0xcd,
    0xdd, 0x0, 0x0, 0xcd,

    /* U+0069 "i" */
    0xc, 0xd0, 0xd, 0xe0, 0x0, 0x0, 0x0, 0x0,
    0xc, 0xd0, 0xc, 0xd0, 0xc, 0xd0, 0xc, 0xd0,
    0xc, 0xd0, 0xc, 0xd0, 0xc, 0xd0, 0xc, 0xd0,
    0xc, 0xd0,

    /* U+006A "j" */
    0x0, 0x0, 0x9e, 0x10, 0x0, 0xb, 0xf1, 0x0,
    0x0, 0x1, 0x0, 0x0, 0x0, 0x0, 0x0, 0x0,
    0xaf, 0x0, 0x0, 0xa, 0xf0, 0x0, 0x0, 0xaf,
    0x0, 0x0, 0xa, 0xf0, 0x0, 0x0, 0xaf, 0x0,
    0x0, 0xa, 0xf0, 0x0, 0x0, 0xaf, 0x0, 0x0,
    0xa, 0xf0, 0x0, 0x0, 0xaf, 0x0, 0x0, 0xa,
    0xf0, 0x0, 0x0, 0xce, 0x1, 0xda, 0xbf, 0x90,
    0x9, 0xff, 0xa0, 0x0,

    /* U+006B "k" */
    0xdd, 0x0, 0x0, 0x0, 0xdd, 0x0, 0x0, 0x0,
    0xdd, 0x0, 0x0, 0x0, 0xdd, 0x0, 0x0, 0x0,
    0xdd, 0x0, 0xc, 0xf3, 0xdd, 0x0, 0xbf, 0x40,
    0xdd, 0xa, 0xf5, 0x0, 0xdd, 0x8f, 0x60, 0x0,
    0xde, 0xfe, 0x0, 0x0, 0xdd, 0x6f, 0xa0, 0x0,
    0xdd, 0x8, 0xf9, 0x0, 0xdd, 0x0, 0xaf, 0x70,
    0xdd, 0x0, 0xc, 0xf5,

    /* U+006C "l" */
    0xdd, 0xdd, 0xdd, 0xdd, 0xdd, 0xdd, 0xdd, 0xdd,
    0xdd, 0xdd, 0xdd, 0xdd, 0xdd,

    /* U+006D "m" */
    0xdd, 0x6e, 0xfc, 0x31, 0x9e, 0xfb, 0x10, 0xdf,
    0xd6, 0x7e, 0xfd, 0xc6, 0x8f, 0xd0, 0xdf, 0x10,
    0x4, 0xfd, 0x0, 0x7, 0xf4, 0xdd, 0x0, 0x0,
    0xfa, 0x0, 0x4, 0xf5, 0xdd, 0x0, 0x0, 0xf9,
    0x0, 0x4, 0xf6, 0xdd, 0x0, 0x0, 0xf9, 0x0,
    0x4, 0xf6, 0xdd, 0x0, 0x0, 0xf9, 0x0, 0x4,
    0xf6, 0xdd, 0x0, 0x0, 0xf9, 0x0, 0x4, 0xf6,
    0xdd, 0x0, 0x0, 0xf9, 0x0, 0x4, 0xf6,

    /* U+006E "n" */
    0xdd, 0x5d, 0xfd, 0x40, 0xdf, 0xfa, 0xaf, 0xf3,
    0xdf, 0x40, 0x3, 0xfb, 0xde, 0x0, 0x0, 0xcd,
    0xdd, 0x0, 0x0, 0xcd, 0xdd, 0x0, 0x0, 0xcd,
    0xdd, 0x0, 0x0, 0xcd, 0xdd, 0x0, 0x0, 0xcd,
    0xdd, 0x0, 0x0, 0xcd,

    /* U+006F "o" */
    0x0, 0x3b, 0xff, 0xc4, 0x0, 0x4, 0xff, 0xba,
    0xef, 0x70, 0xe, 0xe2, 0x0, 0x1d, 0xf2, 0x4f,
    0x70, 0x0, 0x4, 0xf7, 0x5f, 0x50, 0x0, 0x2,
    0xf8, 0x4f, 0x70, 0x0, 0x4, 0xf7, 0xe, 0xe2,
    0x0, 0x1d, 0xf1, 0x4, 0xff, 0xba, 0xef, 0x60,
    0x0, 0x3b, 0xff, 0xc4, 0x0,

    /* U+0070 "p" */
    0xdd, 0x4c, 0xfe, 0x80, 0xd, 0xff, 0xc9, 0xcf,
    0xc0, 0xdf, 0x60, 0x0, 0x8f, 0x6d, 0xe0, 0x0,
    0x0, 0xfb, 0xdb, 0x0, 0x0, 0xd, 0xdd, 0xd0,
    0x0, 0x0, 0xfb, 0xdf, 0x60, 0x0, 0x8f, 0x6d,
    0xff, 0xb9, 0xcf, 0xc0, 0xdd, 0x4c, 0xfe, 0x80,
    0xd, 0xd0, 0x0, 0x0, 0x0, 0xdd, 0x0, 0x0,
    0x0, 0xd, 0xd0, 0x0, 0x0, 0x0, 0xdd, 0x0,
    0x0, 0x0, 0x0,

    /* U+0071 "q" */
    0x0, 0x4c, 0xfe, 0x96, 0xf5, 0x4, 0xff, 0xa9,
    0xef, 0xf5, 0xe, 0xe2, 0x0, 0x1d, 0xf5, 0x3f,
    0x70, 0x0, 0x6, 0xf5, 0x5f, 0x50, 0x0, 0x4,
    0xf5, 0x4f, 0x70, 0x0, 0x5, 0xf5, 0xe, 0xe2,
    0x0, 0x1d, 0xf5, 0x5, 0xff, 0xaa, 0xef, 0xf5,
    0x0, 0x4c, 0xfe, 0x96, 0xf5, 0x0, 0x0, 0x0,
    0x5, 0xf5, 0x0, 0x0, 0x0, 0x5, 0xf5, 0x0,
    0x0, 0x0, 0x5, 0xf5, 0x0, 0x0, 0x0, 0x5,
    0xf5,

    /* U+0072 "r" */
    0xdd, 0x8e, 0xfb, 0x1d, 0xfd, 0x78, 0x90, 0xdf,
    0x10, 0x0, 0xd, 0xe0, 0x0, 0x0, 0xdd, 0x0,
    0x0, 0xd, 0xd0, 0x0, 0x0, 0xdd, 0x0, 0x0,
    0xd, 0xd0, 0x0, 0x0, 0xdd, 0x0, 0x0, 0x0,

    /* U+0073 "s" */
    0x2, 0xbf, 0xfb, 0x30, 0xd, 0xe9, 0x9e, 0xd0,
    0x1f, 0x80, 0x1, 0x20, 0xd, 0xf8, 0x30, 0x0,
    0x2, 0xbf, 0xfd, 0x30, 0x0, 0x1, 0x6e, 0xe0,
    0x6, 0x0, 0x8, 0xf0, 0x5f, 0xd8, 0x9f, 0xc0,
    0x4, 0xcf, 0xfb, 0x10,

    /* U+0074 "t" */
    0x0, 0x8f, 0x20, 0x0, 0x8, 0xf2, 0x0, 0x0,
    0x8f, 0x20, 0x0, 0x8, 0xf2, 0x0, 0x9f, 0xff,
    0xff, 0x35, 0x8c, 0xf9, 0x81, 0x0, 0x8f, 0x20,
    0x0, 0x8, 0xf2, 0x0, 0x0, 0x8f, 0x20, 0x0,
    0x8, 0xf2, 0x0, 0x0, 0x8f, 0x20, 0x0, 0x8,
    0xf2, 0x0, 0x0, 0x8f, 0x20, 0x0,

    /* U+0075 "u" */
    0xf, 0x90, 0x0, 0x5f, 0x40, 0xf9, 0x0, 0x5,
    0xf4, 0xf, 0x90, 0x0, 0x5f, 0x40, 0xf9, 0x0,
    0x5, 0xf4, 0xf, 0x90, 0x0, 0x5f, 0x40, 0xfa,
    0x0, 0x5, 0xf4, 0xd, 0xe1, 0x0, 0xbf, 0x10,
    0x5f, 0xea, 0xcf, 0x90, 0x0, 0x5d, 0xfe, 0x80,
    0x0,

    /* U+0076 "v" */
    0x9f, 0x30, 0x0, 0xe, 0xc2, 0xf9, 0x0, 0x5,
    0xf5, 0xb, 0xf1, 0x0, 0xce, 0x0, 0x4f, 0x70,
    0x3f, 0x70, 0x0, 0xdd, 0x9, 0xf1, 0x0, 0x6,
    0xf5, 0xf9, 0x0, 0x0, 0xe, 0xff, 0x20, 0x0,
    0x0, 0x8f, 0xb0, 0x0, 0x0, 0x1, 0xf4, 0x0,
    0x0,

    /* U+0077 "w" */
    0x9f, 0x10, 0x0, 0xe6, 0x0, 0x9, 0xf1, 0x3f,
    0x70, 0x3, 0xfb, 0x0, 0xf, 0xb0, 0xd, 0xd0,
    0x9, 0xff, 0x10, 0x5f, 0x50, 0x6, 0xf2, 0xe,
    0xaf, 0x60, 0xae, 0x0, 0x1, 0xf8, 0x4f, 0x3b,
    0xc0, 0xf9, 0x0, 0x0, 0xad, 0x9d, 0x5, 0xf7,
    0xf3, 0x0, 0x0, 0x4f, 0xf7, 0x0, 0xff, 0xd0,
    0x0, 0x0, 0xe, 0xf2, 0x0, 0x9f, 0x70, 0x0,
    0x0, 0x8, 0xc0, 0x0, 0x4f, 0x10, 0x0,

    /* U+0078 "x" */
    0x3f, 0xc0, 0x0, 0x9f, 0x40, 0x7f, 0x70, 0x4f,
    0x80, 0x0, 0xcf, 0x3e, 0xd0, 0x0, 0x1, 0xff,
    0xf2, 0x0, 0x0, 0xa, 0xfc, 0x0, 0x0, 0x3,
    0xfe, 0xf5, 0x0, 0x0, 0xed, 0x1d, 0xf1, 0x0,
    0xaf, 0x30, 0x3f, 0xb0, 0x5f, 0x90, 0x0, 0x8f,
    0x60,

    /* U+0079 "y" */
    0x8f, 0x40, 0x0, 0x1f, 0xb1, 0xfa, 0x0, 0x7,
    0xf4, 0xb, 0xf1, 0x0, 0xdd, 0x0, 0x4f, 0x70,
    0x4f, 0x60, 0x0, 0xdd, 0xb, 0xe0, 0x0, 0x7,
    0xf5, 0xf8, 0x0, 0x0, 0x1f, 0xff, 0x10, 0x0,
    0x0, 0x9f, 0xa0, 0x0, 0x0, 0x8, 0xf3, 0x0,
    0x0, 0x0, 0xec, 0x0, 0x0, 0x0, 0x5f, 0x50,
    0x0, 0x0, 0xc, 0xe0, 0x0, 0x0, 0x3, 0xf8,
    0x0, 0x0, 0x0,

    /* U+007A "z" */
    0x3f, 0xff, 0xff, 0xf7, 0x18, 0x88, 0x8f, 0xf2,
    0x0, 0x0, 0x8f, 0x50, 0x0, 0x4, 0xfa, 0x0,
    0x0, 0x1e, 0xe1, 0x0, 0x0, 0xaf, 0x40, 0x0,
    0x6, 0xf8, 0x0, 0x0, 0x2f, 0xf8, 0x88, 0x83,
    0x8f, 0xff, 0xff, 0xf6,

    /* U+007B "{" */
    0x0, 0x6e, 0xf2, 0x2, 0xf9, 0x50, 0x5, 0xf0,
    0x0, 0x5, 0xf0, 0x0, 0x3, 0xf2, 0x0, 0x2,
    0xf3, 0x0, 0x4, 0xf2, 0x0, 0x7f, 0xa0, 0x0,
    0x17, 0xf1, 0x0, 0x2, 0xf3, 0x0, 0x3, 0xf2,
    0x0, 0x4, 0xf1, 0x0, 0x5, 0xf0, 0x0, 0x3,
    0xf6, 0x10, 0x0, 0xaf, 0xf2, 0x0, 0x2, 0x40,

    /* U+007C "|" */
    0x29, 0x23, 0xf3, 0x3f, 0x33, 0xf3, 0x3f, 0x33,
    0xf3, 0x3f, 0x33, 0xf3, 0x3f, 0x33, 0xf3, 0x3f,
    0x33, 0xf3, 0x3f, 0x33, 0xf3, 0x3f, 0x33, 0xf3,
    0x3f, 0x30,

    /* U+007D "}" */
    0x5f, 0xd4, 0x0, 0x15, 0xbf, 0x0, 0x0, 0x3f,
    0x20, 0x0, 0x3f, 0x20, 0x0, 0x5f, 0x0, 0x0,
    0x6f, 0x0, 0x0, 0x4f, 0x20, 0x0, 0xd, 0xf4,
    0x0, 0x3f, 0x51, 0x0, 0x6f, 0x0, 0x0, 0x5f,
    0x0, 0x0, 0x4f, 0x10, 0x0, 0x3f, 0x20, 0x1,
    0x8f, 0x0, 0x5f, 0xf7, 0x0, 0x14, 0x20, 0x0,

    /* U+007E "~" */
    0x0, 0x68, 0x50, 0x2, 0x0, 0xbf, 0xff, 0xd9,
    0xe9, 0x6, 0x50, 0x5c, 0xfc, 0x10,

    /* U+00B0 "°" */
    0x0, 0x1, 0x0, 0x0, 0x4e, 0xfe, 0x50, 0x1f,
    0xb4, 0xaf, 0x23, 0xf2, 0x1, 0xf5, 0x1f, 0x81,
    0x7f, 0x30, 0x6f, 0xff, 0x80, 0x0, 0x13, 0x10,
    0x0,

    /* U+00B7 "·" */
    0x35, 0xe, 0xf4, 0xbe, 0x20,

    /* U+2013 "–" */
    0x12, 0x22, 0x22, 0x21, 0xdf, 0xff, 0xff, 0xfb,
    0x45, 0x55, 0x55, 0x53,

    /* U+2014 "—" */
    0x11, 0x11, 0x11, 0x11, 0x11, 0x11, 0x10, 0xdf,
    0xff, 0xff, 0xff, 0xff, 0xff, 0xf0, 0x34, 0x44,
    0x44, 0x44, 0x44, 0x44, 0x40,

    /* U+2018 "‘" */
    0x0, 0x72, 0x2, 0xf1, 0xa, 0xb0, 0xf, 0xf4,
    0xb, 0xe1,

    /* U+2019 "’" */
    0x8f, 0x4c, 0xf8, 0x3f, 0x29, 0xa0, 0x82, 0x0,

    /* U+201C "“" */
    0x0, 0x72, 0x4, 0x50, 0x2f, 0x10, 0xd5, 0xa,
    0xb0, 0x5f, 0x10, 0xff, 0x4b, 0xf8, 0xb, 0xe1,
    0x7f, 0x50,

    /* U+201D "”" */
    0x8f, 0x43, 0xf8, 0xcf, 0x87, 0xfd, 0x3f, 0x20,
    0xe7, 0x9a, 0x4, 0xe0, 0x82, 0x4, 0x60,

    /* U+2022 "•" */
    0x4e, 0xe3, 0xbf, 0xfa, 0xaf, 0xf9, 0x18, 0x80,

    /* U+2026 "…" */
    0x6, 0x10, 0x5, 0x20, 0x5, 0x30, 0x7f, 0xb0,
    0x5f, 0xd0, 0x3f, 0xf0, 0x4f, 0x70, 0x3e, 0x90,
    0x1e, 0xc0,

    /* U+E034 "" */
    0x1, 0x0, 0x0, 0x2, 0x0, 0x6f, 0xe0, 0x0,
    0x8f, 0xb0, 0xbf, 0xf4, 0x0, 0xef, 0xf1, 0xbf,
    0xf4, 0x0, 0xef, 0xf1, 0xbf, 0xf4, 0x0, 0xef,
    0xf1, 0xbf, 0xf4, 0x0, 0xef, 0xf1, 0xbf, 0xf4,
    0x0, 0xef, 0xf1, 0xbf, 0xf4, 0x0, 0xef, 0xf1,
    0xbf, 0xf4, 0x0, 0xef, 0xf1, 0xbf, 0xf4, 0x0,
    0xef, 0xf1, 0x6f, 0xe0, 0x0, 0x8f, 0xb0, 0x1,
    0x0, 0x0, 0x2, 0x0,

    /* U+E037 "" */
    0x64, 0x0, 0x0, 0x0, 0xff, 0xa1, 0x0, 0x0,
    0xff, 0xfe, 0x60, 0x0, 0xff, 0xff, 0xfb, 0x20,
    0xff, 0xff, 0xff, 0xf4, 0xff, 0xff, 0xff, 0xf4,
    0xff, 0xff, 0xfb, 0x20, 0xff, 0xfe, 0x60, 0x0,
    0xff, 0xa1, 0x0, 0x0, 0x64, 0x0, 0x0, 0x0,

    /* U+E03D "" */
    0x37, 0x77, 0x77, 0x77, 0x70, 0x3, 0x77, 0x19,
    0xff, 0xff, 0xff, 0xff, 0x11, 0xff, 0xf5, 0x0,
    0x0, 0x0, 0x0, 0x0, 0x3f, 0x30, 0x3, 0x88,
    0x88, 0x88, 0x87, 0x3, 0xf3, 0x0, 0x9f, 0xff,
    0xff, 0xff, 0xf1, 0x3f, 0x30, 0x0, 0x0, 0x0,
    0x0, 0x0, 0x3, 0xf3, 0x0, 0x37, 0x77, 0x76,
    0x0, 0x6, 0x8f, 0x30, 0x9, 0xff, 0xff, 0xe1,
    0xc, 0xff, 0xf3, 0x0, 0x0, 0x0, 0x0, 0x3,
    0xff, 0xff, 0x30, 0x0, 0x0, 0x0, 0x0, 0x1f,
    0xff, 0xf0, 0x0, 0x0, 0x0, 0x0, 0x0, 0x5d,
    0xe5, 0x0, 0x0, 0x0, 0x0, 0x0, 0x0, 0x0,
    0x0, 0x0,

    /* U+E043 "" */
    0x0, 0x0, 0x0, 0x0, 0x0, 0x0, 0x5, 0x70,
    0x0, 0x0, 0x6, 0xff, 0xe0, 0x7f, 0x90, 0x0,
    0x0, 0xd, 0xff, 0x0, 0x8f, 0x90, 0x0, 0x9,
    0xfd, 0xf0, 0x0, 0x8f, 0x80, 0x9, 0xf8, 0x6,
    0x0, 0x0, 0x85, 0x9, 0xf8, 0x0, 0x0, 0x0,
    0x0, 0x9, 0xf8, 0x0, 0x0, 0x0, 0x0, 0x9,
    0xf8, 0x0, 0x0, 0x0, 0x0, 0x9, 0xf8, 0x5,
    0x80, 0x0, 0x0, 0x9, 0xf8, 0x0, 0x8f, 0x80,
    0x60, 0x9, 0xf8, 0x0, 0x0, 0x8f, 0xdf, 0x7,
    0xf8, 0x0, 0x0, 0x0, 0xdf, 0xf0, 0x57, 0x0,
    0x0, 0x0, 0x6f, 0xfe, 0x0, 0x0, 0x0, 0x0,
    0x0, 0x0, 0x0,

    /* U+E044 "" */
    0x0, 0x0, 0x0, 0x0, 0x20, 0x69, 0x0, 0x0,
    0x0, 0xf6, 0xbf, 0xd3, 0x0, 0x1, 0xf6, 0xbf,
    0xff, 0x80, 0x1, 0xf6, 0xbf, 0xff, 0xfc, 0x1,
    0xf6, 0xbf, 0xff, 0xfc, 0x1, 0xf6, 0xbf, 0xff,
    0x80, 0x1, 0xf6, 0xbf, 0xe3, 0x0, 0x1, 0xf6,
    0x69, 0x0, 0x0, 0x1, 0xf6, 0x0, 0x0, 0x0,
    0x0, 0x92,

    /* U+E047 "" */
    0x2, 0x44, 0x44, 0x44, 0x0, 0x6f, 0xff, 0xff,
    0xff, 0xe0, 0xbf, 0xff, 0xff, 0xff, 0xf4, 0xbf,
    0xff, 0xff, 0xff, 0xf4, 0xbf, 0xff, 0xff, 0xff,
    0xf4, 0xbf, 0xff, 0xff, 0xff, 0xf4, 0xbf, 0xff,
    0xff, 0xff, 0xf4, 0xbf, 0xff, 0xff, 0xff, 0xf4,
    0x9f, 0xff, 0xff, 0xff, 0xf2, 0x19, 0xbb, 0xbb,
    0xbb, 0x60,

    /* U+E05F "" */
    0x5, 0x88, 0x88, 0x88, 0x85, 0x0, 0xd, 0xff,
    0xff, 0xff, 0xfd, 0x0, 0x0, 0x0, 0x0, 0x0,
    0x0, 0x0, 0x5, 0x88, 0x88, 0x88, 0x85, 0x0,
    0xd, 0xff, 0xff, 0xff, 0xfc, 0x0, 0x0, 0x0,
    0x0, 0x0, 0x0, 0x0, 0x5, 0x77, 0x77, 0x50,
    0x0, 0x0, 0xd, 0xff, 0xff, 0xd0, 0x7e, 0x50,
    0x0, 0x0, 0x0, 0x0, 0x7f, 0xfa, 0x0, 0x0,
    0x0, 0x0, 0x7f, 0xc3, 0x0, 0x0, 0x0, 0x0,
    0x46, 0x0,

    /* U+E0F0 "" */
    0x0, 0x0, 0x36, 0x52, 0x0, 0x0, 0x0, 0x4e,
    0xff, 0xff, 0xb1, 0x0, 0x5, 0xff, 0xff, 0xff,
    0xfe, 0x10, 0x1e, 0xff, 0xff, 0xff, 0xff, 0xb0,
    0x7f, 0xff, 0xff, 0xff, 0xff, 0xf2, 0xaf, 0xff,
    0xff, 0xff, 0xff, 0xf5, 0xbf, 0xff, 0xff, 0xff,
    0xff, 0xf6, 0x8f, 0xff, 0xff, 0xff, 0xff, 0xf3,
    0x3f, 0xff, 0xff, 0xff, 0xff, 0xe0, 0x9, 0xff,
    0xff, 0xff, 0xff, 0x40, 0x0, 0x9f, 0xff, 0xff,
    0xf5, 0x0, 0x0, 0x2, 0x33, 0x33, 0x10, 0x0,
    0x0, 0xf, 0xff, 0xff, 0xb0, 0x0, 0x0, 0x2,
    0x33, 0x33, 0x10, 0x0, 0x0, 0x0, 0x6f, 0xf2,
    0x0, 0x0, 0x0, 0x0, 0x5, 0x30, 0x0, 0x0,

    /* U+E145 "" */
    0x0, 0x0, 0x1, 0x10, 0x0, 0x0, 0x0, 0x0,
    0xa, 0xa0, 0x0, 0x0, 0x0, 0x0, 0xb, 0xb0,
    0x0, 0x0, 0x0, 0x0, 0xb, 0xb0, 0x0, 0x0,
    0x0, 0x0, 0xb, 0xb0, 0x0, 0x0, 0x1a, 0xbb,
    0xbe, 0xeb, 0xbb, 0xa1, 0x1a, 0xbb, 0xbe, 0xeb,
    0xbb, 0xa1, 0x0, 0x0, 0xb, 0xb0, 0x0, 0x0,
    0x0, 0x0, 0xb, 0xb0, 0x0, 0x0, 0x0, 0x0,
    0xb, 0xb0, 0x0, 0x0, 0x0, 0x0, 0xa, 0xa0,
    0x0, 0x0, 0x0, 0x0, 0x1, 0x10, 0x0, 0x0,

    /* U+E1BA "" */
    0x0, 0x0, 0x0, 0x0, 0x0, 0x0, 0x0, 0x0,
    0x0, 0x0, 0x0, 0x27, 0xbd, 0xff, 0xdb, 0x72,
    0x0, 0x0, 0x0, 0x3b, 0xff, 0xc9, 0x88, 0xad,
    0xff, 0xb3, 0x0, 0x7, 0xfe, 0x71, 0x0, 0x0,
    0x0, 0x17, 0xef, 0x70, 0x8f, 0xa0, 0x4, 0x9b,
    0xee, 0xb9, 0x40, 0x1a, 0xf7, 0x3f, 0xc4, 0xcf,
    0xff, 0xff, 0xff, 0xfb, 0x4d, 0xf3, 0x4, 0xff,
    0xff, 0xff, 0xff, 0xff, 0xff, 0xff, 0x30, 0x0,
    0x4f, 0xff, 0xff, 0xff, 0xff, 0xff, 0xf4, 0x0,
    0x0, 0x4, 0xff, 0xff, 0xff, 0xff, 0xff, 0x40,
    0x0, 0x0, 0x0, 0x4f, 0xff, 0xff, 0xff, 0xf4,
    0x0, 0x0, 0x0, 0x0, 0x4, 0xff, 0xff, 0xff,
    0x40, 0x0, 0x0, 0x0, 0x0, 0x0, 0x4f, 0xff,
    0xf4, 0x0, 0x0, 0x0, 0x0, 0x0, 0x0, 0x4,
    0xff, 0x40, 0x0, 0x0, 0x0, 0x0, 0x0, 0x0,
    0x0, 0x33, 0x0, 0x0, 0x0, 0x0,

    /* U+E1C4 "" */
    0x0, 0x0, 0x4, 0x8a, 0xa8, 0x30, 0x0, 0x0,
    0x0, 0x2, 0xcf, 0xff, 0xff, 0xfa, 0x10, 0x0,
    0x0, 0x5f, 0xff, 0xff, 0xff, 0xff, 0xe3, 0x0,
    0x1, 0xef, 0xff, 0xff, 0xff, 0xff, 0xfd, 0x0,
    0xb, 0xff, 0xff, 0xff, 0xff, 0xff, 0xff, 0x90,
    0x2f, 0xff, 0xff, 0x88, 0xff, 0xff, 0xff, 0xf0,
    0x6f, 0xff, 0xff, 0x10, 0x3c, 0xff, 0xff, 0xf4,
    0x8f, 0xff, 0xff, 0x10, 0x0, 0xaf, 0xff, 0xf6,
    0x7f, 0xff, 0xff, 0x10, 0x0, 0xaf, 0xff, 0xf5,
    0x5f, 0xff, 0xff, 0x10, 0x3d, 0xff, 0xff, 0xf3,
    0xf, 0xff, 0xff, 0x88, 0xff, 0xff, 0xff, 0xe0,
    0x6, 0xff, 0xff, 0xff, 0xff, 0xff, 0xff, 0x40,
    0x0, 0xbf, 0xff, 0xff, 0xff, 0xff, 0xf9, 0x0,
    0x0, 0x1a, 0xff, 0xff, 0xff, 0xff, 0x90, 0x0,
    0x0, 0x0, 0x5d, 0xff, 0xff, 0xc4, 0x0, 0x0,
    0x0, 0x0, 0x0, 0x13, 0x31, 0x0, 0x0, 0x0,

    /* U+E2EA "" */
    0x0, 0x0, 0x0, 0x0, 0x0, 0x0, 0x0, 0x0,
    0x2d, 0xc0, 0x0, 0x0, 0x2, 0xef, 0x90, 0x0,
    0x0, 0x2e, 0xfa, 0x0, 0x0, 0x2, 0xef, 0xa0,
    0x0, 0x0, 0x2e, 0xfa, 0x0, 0x0, 0x2, 0xef,
    0xa0, 0x0, 0x0, 0xe, 0xfa, 0x0, 0x0, 0x0,
    0xd, 0xfa, 0x0, 0x0, 0x0, 0x1, 0xdf, 0xa0,
    0x0, 0x0, 0x0, 0x1d, 0xfa, 0x0, 0x0, 0x0,
    0x1, 0xdf, 0xa0, 0x0, 0x0, 0x0, 0x1d, 0xfa,
    0x0, 0x0, 0x0, 0x1, 0xdf, 0x90, 0x0, 0x0,
    0x0, 0x1d, 0xc0, 0x0, 0x0, 0x0, 0x0, 0x0,

    /* U+E39E "" */
    0x0, 0x0, 0x0, 0x46, 0x64, 0x0, 0x0, 0x0,
    0x0, 0x0, 0x8f, 0xff, 0xff, 0xf8, 0x0, 0x0,
    0x0, 0x2d, 0xf9, 0x41, 0x14, 0x9f, 0xd2, 0x0,
    0x0, 0xde, 0x40, 0x0, 0x0, 0x4, 0xed, 0x0,
    0x8, 0xf4, 0x0, 0x0, 0x0, 0x0, 0x4f, 0x80,
    0xf, 0x90, 0x0, 0x2, 0x20, 0x0, 0x9, 0xf0,
    0x5f, 0x40, 0x0, 0x9f, 0xf9, 0x0, 0x4, 0xf4,
    0x6f, 0x10, 0x2, 0xff, 0xff, 0x20, 0x1, 0xf6,
    0x6f, 0x10, 0x2, 0xff, 0xff, 0x20, 0x1, 0xf6,
    0x5f, 0x40, 0x0, 0x9f, 0xf9, 0x0, 0x4, 0xf4,
    0xf, 0x90, 0x0, 0x2, 0x20, 0x0, 0x9, 0xf0,
    0x8, 0xf4, 0x0, 0x0, 0x0, 0x0, 0x4f, 0x80,
    0x0, 0xde, 0x40, 0x0, 0x0, 0x4, 0xed, 0x0,
    0x0, 0x2d, 0xf9, 0x41, 0x14, 0x9f, 0xd2, 0x0,
    0x0, 0x0, 0x8f, 0xff, 0xff, 0xf8, 0x0, 0x0,
    0x0, 0x0, 0x0, 0x56, 0x65, 0x0, 0x0, 0x0,

    /* U+E3AB "" */
    0x0, 0x0, 0x0, 0x0, 0x0, 0x0, 0x0, 0x0,
    0x0, 0x0, 0x0, 0x0, 0x1, 0xdd, 0x10, 0x0,
    0x0, 0x0, 0x0, 0x0, 0x0, 0x2e, 0xff, 0xe2,
    0x0, 0x0, 0x0, 0x0, 0xd, 0xff, 0xff, 0xff,
    0xff, 0xff, 0xd0, 0x0, 0x0, 0xf, 0xff, 0xff,
    0xfb, 0xcf, 0xff, 0xf0, 0x0, 0x0, 0xf, 0xff,
    0xff, 0xf0, 0x5, 0xff, 0xf0, 0x0, 0x0, 0x2f,
    0xff, 0xff, 0xf0, 0x0, 0x5f, 0xf2, 0x0, 0x1,
    0xdf, 0xff, 0xff, 0xf0, 0x0, 0xc, 0xfe, 0x10,
    0xd, 0xff, 0xff, 0xff, 0xf0, 0x0, 0x9, 0xff,
    0xd0, 0xd, 0xff, 0xff, 0xff, 0xf0, 0x0, 0x9,
    0xff, 0xd0, 0x1, 0xdf, 0xff, 0xff, 0xf0, 0x0,
    0xc, 0xfd, 0x10, 0x0, 0x1f, 0xff, 0xff, 0xf0,
    0x0, 0x5f, 0xf2, 0x0, 0x0, 0xf, 0xff, 0xff,
    0xf0, 0x5, 0xff, 0xf0, 0x0, 0x0, 0xf, 0xff,
    0xff, 0xfb, 0xdf, 0xff, 0xf0, 0x0, 0x0, 0xd,
    0xff, 0xff, 0xff, 0xff, 0xff, 0xd0, 0x0, 0x0,
    0x0, 0x0, 0x1d, 0xff, 0xd1, 0x0, 0x0, 0x0,
    0x0, 0x0, 0x0, 0x1, 0xdd, 0x10, 0x0, 0x0,
    0x0, 0x0, 0x0, 0x0, 0x0, 0x0, 0x0, 0x0,
    0x0, 0x0,

    /* U+E405 "" */
    0x0, 0x0, 0x6, 0xee, 0xb1, 0x0, 0x0, 0xe,
    0xff, 0xf6, 0x0, 0x0, 0xf, 0xff, 0xd1, 0x0,
    0x0, 0xf, 0x80, 0x0, 0x0, 0x0, 0xf, 0x80,
    0x0, 0x0, 0x0, 0xf, 0x80, 0x0, 0x0, 0x0,
    0xf, 0x80, 0x0, 0x0, 0x36, 0x3f, 0x80, 0x0,
    0x8, 0xff, 0xff, 0x80, 0x0, 0x3f, 0xff, 0xff,
    0x80, 0x0, 0x6f, 0xff, 0xff, 0x70, 0x0, 0x4f,
    0xff, 0xff, 0x40, 0x0, 0xb, 0xff, 0xfa, 0x0,
    0x0, 0x0, 0x57, 0x50, 0x0, 0x0,

    /* U+E429 "" */
    0x0, 0x0, 0x0, 0x0, 0x8, 0x40, 0x0, 0x13,
    0x33, 0x33, 0x32, 0xe, 0xb3, 0x30, 0xdf, 0xff,
    0xff, 0xf8, 0xe, 0xff, 0xf7, 0x13, 0x33, 0x33,
    0x32, 0xe, 0xb3, 0x30, 0x0, 0x0, 0x0, 0x0,
    0x8, 0x40, 0x0, 0x0, 0xc, 0x70, 0x0, 0x0,
    0x0, 0x0, 0x58, 0x8f, 0x90, 0x78, 0x88, 0x88,
    0x82, 0xbf, 0xff, 0x90, 0xef, 0xff, 0xff, 0xf6,
    0x0, 0xe, 0x90, 0x0, 0x0, 0x0, 0x0, 0x0,
    0x4, 0x20, 0x84, 0x0, 0x0, 0x0, 0x13, 0x33,
    0x20, 0xea, 0x33, 0x33, 0x30, 0xdf, 0xff, 0x90,
    0xef, 0xff, 0xff, 0xf7, 0x13, 0x33, 0x20, 0xea,
    0x33, 0x33, 0x30, 0x0, 0x0, 0x0, 0x84, 0x0,
    0x0, 0x0,

    /* U+E518 "" */
    0x0, 0x0, 0x0, 0x0, 0x0, 0x0, 0x0, 0x0,
    0x0, 0x0, 0x0, 0x0, 0x0, 0xaa, 0x0, 0x0,
    0x0, 0x0, 0x0, 0x0, 0x0, 0x0, 0xbb, 0x0,
    0x0, 0x0, 0x0, 0x0, 0x6, 0x60, 0x0, 0x77,
    0x0, 0x6, 0x60, 0x0, 0x0, 0x8, 0xf5, 0x0,
    0x0, 0x0, 0x5f, 0x80, 0x0, 0x0, 0x0, 0x72,
    0x4, 0x99, 0x40, 0x27, 0x0, 0x0, 0x0, 0x0,
    0x0, 0xaf, 0xff, 0xfa, 0x0, 0x0, 0x0, 0x0,
    0x0, 0x5, 0xff, 0xff, 0xff, 0x50, 0x0, 0x0,
    0x9, 0xa5, 0xa, 0xff, 0xff, 0xff, 0xa0, 0x5a,
    0x90, 0x1c, 0xd7, 0xa, 0xff, 0xff, 0xff, 0xa0,
    0x7d, 0xc1, 0x0, 0x0, 0x7, 0xff, 0xff, 0xff,
    0x60, 0x0, 0x0, 0x0, 0x0, 0x0, 0xcf, 0xff,
    0xfc, 0x0, 0x0, 0x0, 0x0, 0x0, 0x41, 0x7,
    0xcc, 0x70, 0x14, 0x0, 0x0, 0x0, 0x6, 0xf6,
    0x0, 0x0, 0x0, 0x5f, 0x70, 0x0, 0x0, 0x8,
    0x90, 0x0, 0x77, 0x0, 0x6, 0x60, 0x0, 0x0,
    0x0, 0x0, 0x0, 0xbb, 0x0, 0x0, 0x0, 0x0,
    0x0, 0x0, 0x0, 0x0, 0xaa, 0x0, 0x0, 0x0,
    0x0, 0x0, 0x0, 0x0, 0x0, 0x0, 0x0, 0x0,
    0x0, 0x0,

    /* U+E5CA "" */
    0x0, 0x0, 0x0, 0x0, 0x0, 0x0, 0x61, 0x0,
    0x0, 0x0, 0x0, 0x0, 0x9, 0xf4, 0x0, 0x0,
    0x0, 0x0, 0x0, 0x9f, 0x70, 0x0, 0x0, 0x0,
    0x0, 0x9, 0xf7, 0x0, 0x0, 0x0, 0x0, 0x0,
    0x9f, 0x70, 0x0, 0x9, 0x20, 0x0, 0x9, 0xf7,
    0x0, 0x0, 0xd, 0xe3, 0x0, 0x9f, 0x70, 0x0,
    0x0, 0x1, 0xde, 0x39, 0xf7, 0x0, 0x0, 0x0,
    0x0, 0x1d, 0xff, 0x70, 0x0, 0x0, 0x0, 0x0,
    0x1, 0xc7, 0x0, 0x0, 0x0, 0x0, 0x0, 0x0,
    0x0, 0x0, 0x0, 0x0, 0x0,

    /* U+E5CD "" */
    0x0, 0x0, 0x0, 0x0, 0x0, 0x0, 0xb, 0x80,
    0x0, 0x0, 0x8, 0xb0, 0x8, 0xf8, 0x0, 0x0,
    0x8f, 0x80, 0x0, 0x8f, 0x80, 0x8, 0xf8, 0x0,
    0x0, 0x8, 0xf8, 0x8f, 0x80, 0x0, 0x0, 0x0,
    0x8f, 0xf8, 0x0, 0x0, 0x0, 0x0, 0x8f, 0xf8,
    0x0, 0x0, 0x0, 0x8, 0xf8, 0x8f, 0x80, 0x0,
    0x0, 0x8f, 0x80, 0x8, 0xf8, 0x0, 0x8, 0xf8,
    0x0, 0x0, 0x8f, 0x80, 0xb, 0x80, 0x0, 0x0,
    0x8, 0xb0, 0x0, 0x0, 0x0, 0x0, 0x0, 0x0,

    /* U+E5CF "" */
    0x2, 0x0, 0x0, 0x0, 0x20, 0x1f, 0xa0, 0x0,
    0x9, 0xf1, 0x7, 0xfa, 0x0, 0x9f, 0x70, 0x0,
    0x7f, 0xa9, 0xf8, 0x0, 0x0, 0x7, 0xff, 0x80,
    0x0, 0x0, 0x0, 0x66, 0x0, 0x0,

    /* U+E5D5 "" */
    0x0, 0x0, 0x0, 0x0, 0x0, 0x0, 0x0, 0x0,
    0x0, 0x6b, 0xff, 0xc5, 0x0, 0x0, 0x0, 0x1c,
    0xfd, 0x99, 0xdf, 0xb8, 0xb0, 0x0, 0xbf, 0x50,
    0x0, 0x6, 0xff, 0xf0, 0x6, 0xf5, 0x0, 0x0,
    0x7, 0xff, 0xf0, 0xb, 0xd0, 0x0, 0x0, 0x1f,
    0xff, 0xf0, 0xe, 0x90, 0x0, 0x0, 0x2, 0x44,
    0x20, 0xe, 0x90, 0x0, 0x0, 0x0, 0x0, 0x0,
    0xc, 0xc0, 0x0, 0x0, 0x0, 0x4, 0x10, 0x5,
    0xf4, 0x0, 0x0, 0x0, 0x5f, 0x50, 0x0, 0xce,
    0x40, 0x0, 0x5, 0xfc, 0x0, 0x0, 0x1b, 0xfc,
    0x99, 0xcf, 0xc1, 0x0, 0x0, 0x0, 0x6c, 0xff,
    0xc6, 0x0, 0x0, 0x0, 0x0, 0x0, 0x0, 0x0,
    0x0, 0x0,

    /* U+E63E "" */
    0x0, 0x0, 0x0, 0x0, 0x0, 0x0, 0x0, 0x0,
    0x0, 0x0, 0x4, 0x68, 0x87, 0x40, 0x0, 0x0,
    0x0, 0x29, 0xff, 0xff, 0xff, 0xff, 0xa3, 0x0,
    0x8, 0xff, 0xfe, 0xb9, 0x9b, 0xef, 0xff, 0x90,
    0x9f, 0xfb, 0x40, 0x0, 0x0, 0x3, 0xaf, 0xf9,
    0x6d, 0x50, 0x0, 0x35, 0x53, 0x0, 0x4, 0xb5,
    0x0, 0x0, 0x6e, 0xff, 0xff, 0xe7, 0x0, 0x0,
    0x0, 0x9, 0xff, 0xec, 0xce, 0xff, 0x90, 0x0,
    0x0, 0x6, 0xd6, 0x0, 0x0, 0x6d, 0x60, 0x0,
    0x0, 0x0, 0x0, 0x0, 0x0, 0x0, 0x0, 0x0,
    0x0, 0x0, 0x0, 0x8f, 0xf8, 0x0, 0x0, 0x0,
    0x0, 0x0, 0x0, 0x8f, 0xf8, 0x0, 0x0, 0x0,
    0x0, 0x0, 0x0, 0x8, 0x80, 0x0, 0x0, 0x0,

    /* U+E836 "" */
    0x0, 0x0, 0x0, 0x46, 0x64, 0x0, 0x0, 0x0,
    0x0, 0x0, 0x8f, 0xff, 0xff, 0xf8, 0x0, 0x0,
    0x0, 0x2d, 0xf9, 0x41, 0x14, 0x9f, 0xd2, 0x0,
    0x0, 0xde, 0x40, 0x0, 0x0, 0x4, 0xed, 0x0,
    0x8, 0xf4, 0x0, 0x0, 0x0, 0x0, 0x4f, 0x80,
    0xf, 0x90, 0x0, 0x0, 0x0, 0x0, 0x9, 0xf0,
    0x5f, 0x40, 0x0, 0x0, 0x0, 0x0, 0x4, 0xf4,
    0x6f, 0x10, 0x0, 0x0, 0x0, 0x0, 0x1, 0xf6,
    0x6f, 0x10, 0x0, 0x0, 0x0, 0x0, 0x1, 0xf6,
    0x5f, 0x40, 0x0, 0x0, 0x0, 0x0, 0x4, 0xf4,
    0xf, 0x90, 0x0, 0x0, 0x0, 0x0, 0x9, 0xf0,
    0x8, 0xf4, 0x0, 0x0, 0x0, 0x0, 0x4f, 0x80,
    0x0, 0xde, 0x40, 0x0, 0x0, 0x4, 0xed, 0x0,
    0x0, 0x2d, 0xf9, 0x41, 0x14, 0x9f, 0xd2, 0x0,
    0x0, 0x0, 0x8f, 0xff, 0xff, 0xf8, 0x0, 0x0,
    0x0, 0x0, 0x0, 0x56, 0x65, 0x0, 0x0, 0x0,

    /* U+E872 "" */
    0x0, 0x4, 0xbb, 0xbb, 0x40, 0x0, 0x1f, 0xff,
    0xff, 0xff, 0xff, 0xf1, 0x4, 0x55, 0x55, 0x55,
    0x55, 0x40, 0x1, 0xbf, 0xff, 0xff, 0xfb, 0x10,
    0x6, 0xff, 0xff, 0xff, 0xff, 0x60, 0x7, 0xff,
    0xff, 0xff, 0xff, 0x70, 0x7, 0xff, 0xff, 0xff,
    0xff, 0x70, 0x7, 0xff, 0xff, 0xff, 0xff, 0x70,
    0x7, 0xff, 0xff, 0xff, 0xff, 0x70, 0x7, 0xff,
    0xff, 0xff, 0xff, 0x70, 0x7, 0xff, 0xff, 0xff,
    0xff, 0x70, 0x7, 0xff, 0xff, 0xff, 0xff, 0x70,
    0x5, 0xff, 0xff, 0xff, 0xff, 0x40, 0x0, 0x58,
    0x88, 0x88, 0x85, 0x0,

    /* U+E88A "" */
    0x0, 0x0, 0x0, 0x49, 0x0, 0x0, 0x0, 0x0,
    0x0, 0x0, 0x6f, 0xfd, 0x10, 0x0, 0x0, 0x0,
    0x0, 0x8f, 0xff, 0xfe, 0x20, 0x0, 0x0, 0x0,
    0xaf, 0xff, 0xff, 0xff, 0x40, 0x0, 0x0, 0xbf,
    0xff, 0xff, 0xff, 0xff, 0x50, 0x1, 0xdf, 0xff,
    0xff, 0xff, 0xff, 0xff, 0x70, 0x7c, 0xff, 0xff,
    0xff, 0xff, 0xff, 0xec, 0x10, 0x1f, 0xff, 0xff,
    0xff, 0xff, 0xf9, 0x0, 0x1, 0xff, 0xfb, 0x44,
    0x5f, 0xff, 0x90, 0x0, 0x1f, 0xff, 0xa0, 0x1,
    0xff, 0xf9, 0x0, 0x1, 0xff, 0xfa, 0x0, 0x1f,
    0xff, 0x90, 0x0, 0x1f, 0xff, 0xa0, 0x1, 0xff,
    0xf9, 0x0, 0x0, 0xac, 0xc5, 0x0, 0xb, 0xcc,
    0x50, 0x0,

    /* U+E8AC "" */
    0x0, 0x0, 0x0, 0xa5, 0x0, 0x0, 0x0, 0x0,
    0x0, 0x0, 0xe8, 0x0, 0x0, 0x0, 0x2, 0xd2,
    0x0, 0xe8, 0x0, 0x3c, 0x10, 0xb, 0xe0, 0x0,
    0xe8, 0x0, 0x1f, 0xa0, 0x4f, 0x60, 0x0, 0xe8,
    0x0, 0x6, 0xf3, 0x8f, 0x0, 0x0, 0xe8, 0x0,
    0x0, 0xf7, 0xbd, 0x0, 0x0, 0xe8, 0x0, 0x0,
    0xda, 0xbe, 0x0, 0x0, 0x63, 0x0, 0x0, 0xea,
    0x8f, 0x10, 0x0, 0x0, 0x0, 0x1, 0xf8, 0x2f,
    0x80, 0x0, 0x0, 0x0, 0x9, 0xf3, 0x8, 0xf4,
    0x0, 0x0, 0x0, 0x5f, 0x80, 0x0, 0xcf, 0x92,
    0x0, 0x29, 0xfd, 0x0, 0x0, 0x8, 0xff, 0xff,
    0xff, 0x80, 0x0, 0x0, 0x0, 0x27, 0x99, 0x72,
    0x0, 0x0,

    /* U+E8B6 "" */
    0x0, 0x0, 0x0, 0x0, 0x0, 0x0, 0x0, 0x0,
    0x0, 0x6, 0xab, 0x72, 0x0, 0x0, 0x0, 0x0,
    0x2d, 0xfe, 0xdf, 0xf5, 0x0, 0x0, 0x0, 0xd,
    0xe4, 0x0, 0x1c, 0xf2, 0x0, 0x0, 0x6, 0xf4,
    0x0, 0x0, 0x1e, 0xa0, 0x0, 0x0, 0xae, 0x0,
    0x0, 0x0, 0x9e, 0x0, 0x0, 0xb, 0xd0, 0x0,
    0x0, 0x9, 0xf0, 0x0, 0x0, 0x7f, 0x10, 0x0,
    0x0, 0xdc, 0x0, 0x0, 0x2, 0xfc, 0x10, 0x0,
    0x8f, 0x40, 0x0, 0x0, 0x5, 0xfe, 0x98, 0xdf,
    0xe6, 0x0, 0x0, 0x0, 0x3, 0xaf, 0xfc, 0x46,
    0xf9, 0x0, 0x0, 0x0, 0x0, 0x0, 0x0, 0x9,
    0xf9, 0x0, 0x0, 0x0, 0x0, 0x0, 0x0, 0x9,
    0xf9, 0x0, 0x0, 0x0, 0x0, 0x0, 0x0, 0x9,
    0xd0, 0x0, 0x0, 0x0, 0x0, 0x0, 0x0, 0x0,
    0x0,

    /* U+EBD6 "" */
    0x0, 0x0, 0x0, 0x0, 0x0, 0x0, 0x0, 0x0,
    0x0, 0x0, 0x0, 0x27, 0xbd, 0xff, 0xdb, 0x72,
    0x0, 0x0, 0x0, 0x3b, 0xff, 0xd9, 0x88, 0xad,
    0xff, 0xb3, 0x0, 0x7, 0xfe, 0x71, 0x0, 0x0,
    0x0, 0x17, 0xef, 0x70, 0x8f, 0xa0, 0x0, 0x0,
    0x0, 0x0, 0x0, 0x1a, 0xf7, 0x3f, 0xc1, 0x0,
    0x0, 0x0, 0x0, 0x0, 0x1d, 0xf3, 0x4, 0xfc,
    0x10, 0x0, 0x0, 0x0, 0x1, 0xdf, 0x30, 0x0,
    0x4f, 0xc2, 0x7c, 0xee, 0xc7, 0x2d, 0xf4, 0x0,
    0x0, 0x4, 0xff, 0xff, 0xff, 0xff, 0xff, 0x40,
    0x0, 0x0, 0x0, 0x4f, 0xff, 0xff, 0xff, 0xf4,
    0x0, 0x0, 0x0, 0x0, 0x4, 0xff, 0xff, 0xff,
    0x40, 0x0, 0x0, 0x0, 0x0, 0x0, 0x4f, 0xff,
    0xf4, 0x0, 0x0, 0x0, 0x0, 0x0, 0x0, 0x4,
    0xff, 0x40, 0x0, 0x0, 0x0, 0x0, 0x0, 0x0,
    0x0, 0x33, 0x0, 0x0, 0x0, 0x0,

    /* U+EBE1 "" */
    0x0, 0x0, 0x0, 0x0, 0x0, 0x0, 0x0, 0x0,
    0x0, 0x0, 0x0, 0x27, 0xbd, 0xff, 0xdb, 0x72,
    0x0, 0x0, 0x0, 0x3b, 0xff, 0xc9, 0x88, 0x9c,
    0xff, 0xb3, 0x0, 0x8, 0xfd, 0x60, 0x0, 0x0,
    0x0, 0x17, 0xef, 0x80, 0x8f, 0x90, 0x0, 0x0,
    0x0, 0x0, 0x0, 0x9, 0xf8, 0x3f, 0xe2, 0x0,
    0x48, 0xaa, 0x74, 0x0, 0x2e, 0xe2, 0x3, 0xee,
    0x6d, 0xff, 0xff, 0xff, 0xd6, 0xee, 0x20, 0x0,
    0x3e, 0xff, 0xff, 0xff, 0xff, 0xff, 0xe2, 0x0,
    0x0, 0x3, 0xef, 0xff, 0xff, 0xff, 0xfe, 0x20,
    0x0, 0x0, 0x0, 0x2e, 0xff, 0xff, 0xff, 0xe2,
    0x0, 0x0, 0x0, 0x0, 0x2, 0xef, 0xff, 0xfe,
    0x20, 0x0, 0x0, 0x0, 0x0, 0x0, 0x2e, 0xff,
    0xe2, 0x0, 0x0, 0x0, 0x0, 0x0, 0x0, 0x2,
    0xee, 0x20, 0x0, 0x0, 0x0, 0x0, 0x0, 0x0,
    0x0, 0x0, 0x0, 0x0, 0x0, 0x0,

    /* U+EBE4 "" */
    0x0, 0x0, 0x0, 0x0, 0x0, 0x0, 0x0, 0x0,
    0x0, 0x0, 0x0, 0x27, 0xbd, 0xff, 0xdb, 0x72,
    0x0, 0x0, 0x0, 0x2b, 0xff, 0xda, 0x88, 0xad,
    0xff, 0xb2, 0x0, 0x8, 0xfe, 0x71, 0x0, 0x0,
    0x0, 0x17, 0xef, 0x80, 0xaf, 0xa0, 0x0, 0x0,
    0x0, 0x0, 0x0, 0xa, 0xfa, 0x4f, 0xd1, 0x0,
    0x0, 0x0, 0x0, 0x0, 0x1c, 0xf4, 0x4, 0xfc,
    0x10, 0x0, 0x0, 0x0, 0x1, 0xcf, 0x40, 0x0,
    0x4f, 0xc1, 0x0, 0x0, 0x0, 0x1c, 0xf4, 0x0,
    0x0, 0x4, 0xfc, 0x13, 0x66, 0x31, 0xcf, 0x40,
    0x0, 0x0, 0x0, 0x4f, 0xff, 0xff, 0xff, 0xf4,
    0x0, 0x0, 0x0, 0x0, 0x4, 0xff, 0xff, 0xff,
    0x40, 0x0, 0x0, 0x0, 0x0, 0x0, 0x4f, 0xff,
    0xf4, 0x0, 0x0, 0x0, 0x0, 0x0, 0x0, 0x4,
    0xff, 0x40, 0x0, 0x0, 0x0, 0x0, 0x0, 0x0,
    0x0, 0x44, 0x0, 0x0, 0x0, 0x0,

    /* U+EF4A "" */
    0x0, 0x0, 0x2, 0x7a, 0xa9, 0x40, 0x0, 0x0,
    0x0, 0x0, 0x9f, 0xff, 0xff, 0xfd, 0x30, 0x0,
    0x0, 0x2d, 0xff, 0xff, 0xff, 0xff, 0xf7, 0x0,
    0x0, 0xcf, 0xff, 0xff, 0xff, 0xff, 0xff, 0x30,
    0x6, 0xff, 0xff, 0xff, 0xff, 0xff, 0xff, 0xd0,
    0xe, 0xff, 0xff, 0xff, 0xff, 0xff, 0xff, 0xf4,
    0x2f, 0xff, 0xff, 0xff, 0xff, 0xff, 0xff, 0xf9,
    0x3f, 0xff, 0xff, 0xff, 0xff, 0xff, 0xff, 0xfa,
    0x3f, 0xff, 0xff, 0xff, 0xff, 0xff, 0xff, 0xfa,
    0xf, 0xff, 0xff, 0xff, 0xff, 0xff, 0xff, 0xf7,
    0xb, 0xff, 0xff, 0xff, 0xff, 0xff, 0xff, 0xf2,
    0x2, 0xff, 0xff, 0xff, 0xff, 0xff, 0xff, 0x90,
    0x0, 0x7f, 0xff, 0xff, 0xff, 0xff, 0xfd, 0x0,
    0x0, 0x7, 0xff, 0xff, 0xff, 0xff, 0xc2, 0x0,
    0x0, 0x0, 0x2b, 0xff, 0xff, 0xe6, 0x0, 0x0,
    0x0, 0x0, 0x0, 0x3, 0x32, 0x0, 0x0, 0x0,

    /* U+F001 "" */
    0x0, 0x0, 0x0, 0x0, 0x0, 0x0, 0x0, 0x27,
    0xba, 0x0, 0x0, 0x0, 0x0, 0x0, 0x0, 0x48,
    0xdf, 0xff, 0xf2, 0x0, 0x0, 0x0, 0x1, 0x6a,
    0xff, 0xff, 0xff, 0xff, 0x20, 0x0, 0x0, 0x7c,
    0xff, 0xff, 0xff, 0xff, 0xff, 0xf2, 0x0, 0x0,
    0x4f, 0xff, 0xff, 0xff, 0xff, 0xff, 0xff, 0x20,
    0x0, 0x5, 0xff, 0xff, 0xff, 0xff, 0xb7, 0x3f,
    0xf2, 0x0, 0x0, 0x5f, 0xff, 0xfe, 0x95, 0x0,
    0x1, 0xff, 0x20, 0x0, 0x5, 0xff, 0x73, 0x0,
    0x0, 0x0, 0x1f, 0xf2, 0x0, 0x0, 0x5f, 0xe0,
    0x0, 0x0, 0x0, 0x1, 0xff, 0x20, 0x0, 0x5,
    0xfe, 0x0, 0x0, 0x0, 0x0, 0x1f, 0xf2, 0x0,
    0x0, 0x5f, 0xe0, 0x0, 0x0, 0x0, 0x1, 0xff,
    0x20, 0x0, 0x5, 0xfe, 0x0, 0x0, 0x0, 0x69,
    0x8f, 0xf2, 0x0, 0x0, 0x5f, 0xe0, 0x0, 0x2,
    0xef, 0xff, 0xff, 0x20, 0x3, 0x58, 0xfe, 0x0,
    0x0, 0x8f, 0xff, 0xff, 0xf2, 0x2d, 0xff, 0xff,
    0xe0, 0x0, 0x4, 0xff, 0xff, 0xfd, 0xb, 0xff,
    0xff, 0xfe, 0x0, 0x0, 0x4, 0xbd, 0xc8, 0x10,
    0xaf, 0xff, 0xff, 0xb0, 0x0, 0x0, 0x0, 0x0,
    0x0, 0x0, 0xaf, 0xff, 0xb1, 0x0, 0x0, 0x0,
    0x0, 0x0, 0x0, 0x0, 0x1, 0x0, 0x0, 0x0,
    0x0, 0x0, 0x0, 0x0, 0x0,

    /* U+F008 "" */
    0x51, 0x6, 0x88, 0x88, 0x88, 0x88, 0x88, 0x30,
    0x15, 0xf7, 0x6e, 0xff, 0xff, 0xff, 0xff, 0xff,
    0xb6, 0x8f, 0xfd, 0xcf, 0xf3, 0x33, 0x33, 0x33,
    0x6f, 0xec, 0xdf, 0xf2, 0xc, 0xe0, 0x0, 0x0,
    0x0, 0x3f, 0x70, 0x2f, 0xf2, 0xc, 0xe0, 0x0,
    0x0, 0x0, 0x3f, 0x80, 0x2f, 0xff, 0xff, 0xe0,
    0x0, 0x0, 0x0, 0x3f, 0xff, 0xff, 0xf4, 0x2d,
    0xf9, 0x99, 0x99, 0x99, 0xbf, 0x92, 0x4f, 0xf2,
    0xc, 0xff, 0xff, 0xff, 0xff, 0xff, 0x70, 0x2f,
    0xfb, 0xaf, 0xf1, 0x11, 0x11, 0x11, 0x5f, 0xda,
    0xbf, 0xf9, 0x8e, 0xe0, 0x0, 0x0, 0x0, 0x3f,
    0xc8, 0x9f, 0xf2, 0xc, 0xe0, 0x0, 0x0, 0x0,
    0x3f, 0x70, 0x2f, 0xf6, 0x4d, 0xe0, 0x0, 0x0,
    0x0, 0x3f, 0xa4, 0x6f, 0xfe, 0xef, 0xfb, 0xbb,
    0xbb, 0xbb, 0xcf, 0xfe, 0xef, 0xc2, 0xc, 0xff,
    0xff, 0xff, 0xff, 0xff, 0x80, 0x2c,

    /* U+F00B "" */
    0x58, 0x88, 0x70, 0x28, 0x88, 0x88, 0x88, 0x88,
    0x85, 0xff, 0xff, 0xf3, 0x9f, 0xff, 0xff, 0xff,
    0xff, 0xff, 0xff, 0xff, 0xf3, 0xaf, 0xff, 0xff,
    0xff, 0xff, 0xff, 0xff, 0xff, 0xf3, 0xaf, 0xff,
    0xff, 0xff, 0xff, 0xff, 0xbf, 0xff, 0xd1, 0x6f,
    0xff, 0xff, 0xff, 0xff, 0xfb, 0x0, 0x0, 0x0,
    0x0, 0x0, 0x0, 0x0, 0x0, 0x0, 0xcf, 0xff,
    0xe1, 0x7f, 0xff, 0xff, 0xff, 0xff, 0xfc, 0xff,
    0xff, 0xf3, 0xaf, 0xff, 0xff, 0xff, 0xff, 0xff,
    0xff, 0xff, 0xf3, 0xaf, 0xff, 0xff, 0xff, 0xff,
    0xff, 0xff, 0xff, 0xf3, 0x9f, 0xff, 0xff, 0xff,
    0xff, 0xff, 0x58, 0x88, 0x60, 0x27, 0x88, 0x88,
    0x88, 0x88, 0x85, 0x47, 0x77, 0x50, 0x17, 0x77,
    0x77, 0x77, 0x77, 0x74, 0xff, 0xff, 0xf3, 0x9f,
    0xff, 0xff, 0xff, 0xff, 0xff, 0xff, 0xff, 0xf3,
    0xaf, 0xff, 0xff, 0xff, 0xff, 0xff, 0xff, 0xff,
    0xf3, 0xaf, 0xff, 0xff, 0xff, 0xff, 0xff, 0xdf,
    0xff, 0xf1, 0x7f, 0xff, 0xff, 0xff, 0xff, 0xfd,
    0x0, 0x0, 0x0, 0x0, 0x0, 0x0, 0x0, 0x0,
    0x0,

    /* U+F00C "" */
    0x0, 0x0, 0x0, 0x0, 0x0, 0x0, 0x0, 0x5,
    0x20, 0x0, 0x0, 0x0, 0x0, 0x0, 0x0, 0x0,
    0x7f, 0xf3, 0x0, 0x0, 0x0, 0x0, 0x0, 0x0,
    0x7, 0xff, 0xfe, 0x0, 0x0, 0x0, 0x0, 0x0,
    0x0, 0x7f, 0xff, 0xf8, 0x0, 0x0, 0x0, 0x0,
    0x0, 0x7, 0xff, 0xff, 0x90, 0x9, 0xd1, 0x0,
    0x0, 0x0, 0x7f, 0xff, 0xf9, 0x0, 0x9f, 0xfd,
    0x10, 0x0, 0x7, 0xff, 0xff, 0x90, 0x0, 0xdf,
    0xff, 0xd1, 0x0, 0x7f, 0xff, 0xf9, 0x0, 0x0,
    0x2e, 0xff, 0xfd, 0x17, 0xff, 0xff, 0x90, 0x0,
    0x0, 0x2, 0xef, 0xff, 0xef, 0xff, 0xf9, 0x0,
    0x0, 0x0, 0x0, 0x2e, 0xff, 0xff, 0xff, 0x90,
    0x0, 0x0, 0x0, 0x0, 0x2, 0xef, 0xff, 0xf9,
    0x0, 0x0, 0x0, 0x0, 0x0, 0x0, 0x2e, 0xff,
    0x90, 0x0, 0x0, 0x0, 0x0, 0x0, 0x0, 0x2,
    0xd8, 0x0, 0x0, 0x0, 0x0, 0x0,

    /* U+F00D "" */
    0x2d, 0xb0, 0x0, 0x0, 0x6, 0xe6, 0xd, 0xff,
    0xc0, 0x0, 0x6, 0xff, 0xf3, 0xcf, 0xff, 0xc0,
    0x6, 0xff, 0xff, 0x31, 0xdf, 0xff, 0xc7, 0xff,
    0xff, 0x50, 0x1, 0xdf, 0xff, 0xff, 0xff, 0x50,
    0x0, 0x1, 0xdf, 0xff, 0xff, 0x50, 0x0, 0x0,
    0x7, 0xff, 0xff, 0xd0, 0x0, 0x0, 0x6, 0xff,
    0xff, 0xff, 0xc0, 0x0, 0x6, 0xff, 0xff, 0xdf,
    0xff, 0xc0, 0x6, 0xff, 0xff, 0x51, 0xdf, 0xff,
    0xc0, 0xff, 0xff, 0x50, 0x1, 0xdf, 0xff, 0x58,
    0xff, 0x50, 0x0, 0x1, 0xdf, 0xd0, 0x5, 0x30,
    0x0, 0x0, 0x1, 0x61, 0x0,

    /* U+F011 "" */
    0x0, 0x0, 0x0, 0x0, 0xcd, 0x50, 0x0, 0x0,
    0x0, 0x0, 0x0, 0x0, 0x0, 0x3f, 0xfa, 0x0,
    0x0, 0x0, 0x0, 0x0, 0x7, 0xe3, 0x3, 0xff,
    0xa0, 0xb, 0xc1, 0x0, 0x0, 0x8, 0xff, 0xb0,
    0x3f, 0xfa, 0x4, 0xff, 0xd1, 0x0, 0x4, 0xff,
    0xf6, 0x3, 0xff, 0xa0, 0x1e, 0xff, 0xa0, 0x0,
    0xdf, 0xf7, 0x0, 0x3f, 0xfa, 0x0, 0x2e, 0xff,
    0x40, 0x3f, 0xfc, 0x0, 0x3, 0xff, 0xa0, 0x0,
    0x6f, 0xfa, 0x8, 0xff, 0x60, 0x0, 0x3f, 0xfa,
    0x0, 0x0, 0xef, 0xf0, 0xaf, 0xf2, 0x0, 0x3,
    0xff, 0xa0, 0x0, 0xb, 0xff, 0x1b, 0xff, 0x10,
    0x0, 0x1f, 0xf8, 0x0, 0x0, 0xbf, 0xf1, 0x9f,
    0xf3, 0x0, 0x0, 0x24, 0x0, 0x0, 0xd, 0xff,
    0x6, 0xff, 0x90, 0x0, 0x0, 0x0, 0x0, 0x2,
    0xff, 0xd0, 0x1f, 0xff, 0x20, 0x0, 0x0, 0x0,
    0x0, 0xbf, 0xf8, 0x0, 0x9f, 0xfd, 0x20, 0x0,
    0x0, 0x0, 0x9f, 0xfe, 0x10, 0x0, 0xcf, 0xfe,
    0x71, 0x0, 0x4, 0xcf, 0xff, 0x50, 0x0, 0x1,
    0xdf, 0xff, 0xfe, 0xdf, 0xff, 0xff, 0x60, 0x0,
    0x0, 0x0, 0x9f, 0xff, 0xff, 0xff, 0xfd, 0x40,
    0x0, 0x0, 0x0, 0x0, 0x28, 0xce, 0xfd, 0xa5,
    0x0, 0x0, 0x0,

    /* U+F013 "" */
    0x0, 0x0, 0x0, 0x4, 0x66, 0x40, 0x0, 0x0,
    0x0, 0x0, 0x0, 0x0, 0x3f, 0xff, 0xf3, 0x0,
    0x0, 0x0, 0x0, 0x0, 0x0, 0x4f, 0xff, 0xf4,
    0x0, 0x0, 0x0, 0x0, 0x78, 0x17, 0xff, 0xff,
    0xff, 0x71, 0x87, 0x0, 0x4, 0xff, 0xff, 0xff,
    0xff, 0xff, 0xff, 0xff, 0x40, 0xd, 0xff, 0xff,
    0xff, 0xff, 0xff, 0xff, 0xff, 0xd0, 0x3f, 0xff,
    0xff, 0xfe, 0x88, 0xef, 0xff, 0xff, 0xf3, 0x8,
    0xff, 0xff, 0xd0, 0x0, 0xd, 0xff, 0xff, 0x80,
    0x0, 0xaf, 0xff, 0x50, 0x0, 0x5, 0xff, 0xfa,
    0x0, 0x0, 0xbf, 0xff, 0x30, 0x0, 0x3, 0xff,
    0xfb, 0x0, 0x1, 0xcf, 0xff, 0x80, 0x0, 0x8,
    0xff, 0xfc, 0x10, 0x3e, 0xff, 0xff, 0xf6, 0x0,
    0x6f, 0xff, 0xff, 0xe3, 0x1f, 0xff, 0xff, 0xff,
    0xff, 0xff, 0xff, 0xff, 0xf1, 0x9, 0xff, 0xff,
    0xff, 0xff, 0xff, 0xff, 0xff, 0x90, 0x0, 0xdf,
    0x8e, 0xff, 0xff, 0xff, 0xe8, 0xfd, 0x0, 0x0,
    0x11, 0x1, 0x9f, 0xff, 0xf9, 0x10, 0x11, 0x0,
    0x0, 0x0, 0x0, 0x4f, 0xff, 0xf4, 0x0, 0x0,
    0x0, 0x0, 0x0, 0x0, 0x2c, 0xee, 0xd2, 0x0,
    0x0, 0x0, 0x0, 0x0, 0x0, 0x0, 0x0, 0x0,
    0x0, 0x0, 0x0,

    /* U+F015 "" */
    0x0, 0x0, 0x0, 0x0, 0x8, 0x92, 0x0, 0x6b,
    0xb1, 0x0, 0x0, 0x0, 0x0, 0x0, 0x2d, 0xff,
    0xe4, 0xa, 0xff, 0x20, 0x0, 0x0, 0x0, 0x0,
    0x4e, 0xff, 0xff, 0xf6, 0xaf, 0xf2, 0x0, 0x0,
    0x0, 0x0, 0x6f, 0xfe, 0x31, 0xcf, 0xff, 0xff,
    0x20, 0x0, 0x0, 0x0, 0x9f, 0xfd, 0x25, 0x70,
    0xaf, 0xff, 0xf2, 0x0, 0x0, 0x1, 0xbf, 0xfa,
    0x8, 0xff, 0xb0, 0x7f, 0xff, 0x40, 0x0, 0x2,
    0xdf, 0xf8, 0xa, 0xff, 0xff, 0xd2, 0x5f, 0xff,
    0x50, 0x4, 0xff, 0xf5, 0x1d, 0xff, 0xff, 0xff,
    0xe4, 0x2e, 0xff, 0x70, 0xdf, 0xe3, 0x3e, 0xff,
    0xff, 0xff, 0xff, 0xf6, 0x1c, 0xff, 0x13, 0xb1,
    0x5f, 0xff, 0xff, 0xff, 0xff, 0xff, 0xf8, 0x9,
    0x60, 0x0, 0xa, 0xff, 0xff, 0xff, 0xff, 0xff,
    0xff, 0xe0, 0x0, 0x0, 0x0, 0xaf, 0xff, 0xfd,
    0x88, 0xbf, 0xff, 0xfe, 0x0, 0x0, 0x0, 0xa,
    0xff, 0xff, 0x70, 0x3, 0xff, 0xff, 0xe0, 0x0,
    0x0, 0x0, 0xaf, 0xff, 0xf7, 0x0, 0x3f, 0xff,
    0xfe, 0x0, 0x0, 0x0, 0xa, 0xff, 0xff, 0x70,
    0x3, 0xff, 0xff, 0xe0, 0x0, 0x0, 0x0, 0x8f,
    0xff, 0xf5, 0x0, 0x2f, 0xff, 0xfc, 0x0, 0x0,
    0x0, 0x0, 0x0, 0x0, 0x0, 0x0, 0x0, 0x0,
    0x0, 0x0, 0x0,

    /* U+F019 "" */
    0x0, 0x0, 0x0, 0x9, 0xaa, 0x90, 0x0, 0x0,
    0x0, 0x0, 0x0, 0x0, 0x3f, 0xff, 0xf3, 0x0,
    0x0, 0x0, 0x0, 0x0, 0x0, 0x4f, 0xff, 0xf4,
    0x0, 0x0, 0x0, 0x0, 0x0, 0x0, 0x4f, 0xff,
    0xf4, 0x0, 0x0, 0x0, 0x0, 0x0, 0x0, 0x4f,
    0xff, 0xf4, 0x0, 0x0, 0x0, 0x0, 0x0, 0x0,
    0x4f, 0xff, 0xf4, 0x0, 0x0, 0x0, 0x0, 0x0,
    0x0, 0x4f, 0xff, 0xf4, 0x0, 0x0, 0x0, 0x0,
    0xc, 0xee, 0xef, 0xff, 0xfe, 0xee, 0xc0, 0x0,
    0x0, 0x8, 0xff, 0xff, 0xff, 0xff, 0xff, 0x90,
    0x0, 0x0, 0x0, 0x8f, 0xff, 0xff, 0xff, 0xf8,
    0x0, 0x0, 0x0, 0x0, 0x8, 0xff, 0xff, 0xff,
    0x80, 0x0, 0x0, 0x0, 0x0, 0x0, 0x8f, 0xff,
    0xf8, 0x0, 0x0, 0x0, 0x24, 0x44, 0x44, 0x7,
    0xff, 0x70, 0x44, 0x44, 0x42, 0xff, 0xff, 0xff,
    0xc1, 0x66, 0x1d, 0xff, 0xff, 0xff, 0xff, 0xff,
    0xff, 0xfe, 0x66, 0xef, 0xff, 0xff, 0xff, 0xff,
    0xff, 0xff, 0xff, 0xff, 0xff, 0xff, 0xff, 0xff,
    0xff, 0xff, 0xff, 0xff, 0xff, 0xff, 0x66, 0xc4,
    0xff, 0xdf, 0xff, 0xff, 0xff, 0xff, 0xff, 0xff,
    0xff, 0xfd, 0x0, 0x0, 0x0, 0x0, 0x0, 0x0,
    0x0, 0x0, 0x0,

    /* U+F01C "" */
    0x0, 0x0, 0x4, 0x44, 0x44, 0x44, 0x44, 0x41,
    0x0, 0x0, 0x0, 0x0, 0x1e, 0xff, 0xff, 0xff,
    0xff, 0xff, 0xf4, 0x0, 0x0, 0x0, 0xb, 0xff,
    0xff, 0xff, 0xff, 0xff, 0xff, 0xe1, 0x0, 0x0,
    0x6, 0xff, 0x50, 0x0, 0x0, 0x0, 0x1, 0xff,
    0xa0, 0x0, 0x1, 0xff, 0x90, 0x0, 0x0, 0x0,
    0x0, 0x5, 0xff, 0x50, 0x0, 0xbf, 0xd0, 0x0,
    0x0, 0x0, 0x0, 0x0, 0xa, 0xfe, 0x10, 0x6f,
    0xf3, 0x0, 0x0, 0x0, 0x0, 0x0, 0x0, 0x1e,
    0xfa, 0xe, 0xff, 0xcc, 0xcc, 0x20, 0x0, 0x0,
    0xbc, 0xcc, 0xef, 0xf2, 0xff, 0xff, 0xff, 0xfa,
    0x0, 0x0, 0x6f, 0xff, 0xff, 0xff, 0x4f, 0xff,
    0xff, 0xff, 0xf8, 0x88, 0x8e, 0xff, 0xff, 0xff,
    0xf4, 0xff, 0xff, 0xff, 0xff, 0xff, 0xff, 0xff,
    0xff, 0xff, 0xff, 0x4f, 0xff, 0xff, 0xff, 0xff,
    0xff, 0xff, 0xff, 0xff, 0xff, 0xf4, 0xff, 0xff,
    0xff, 0xff, 0xff, 0xff, 0xff, 0xff, 0xff, 0xff,
    0x37, 0xff, 0xff, 0xff, 0xff, 0xff, 0xff, 0xff,
    0xff, 0xff, 0xa0,

    /* U+F021 "" */
    0x0, 0x0, 0x0, 0x15, 0x66, 0x40, 0x0, 0x5,
    0xcb, 0x0, 0x0, 0x3b, 0xff, 0xff, 0xff, 0x92,
    0x7, 0xff, 0x0, 0x7, 0xff, 0xff, 0xff, 0xff,
    0xff, 0x66, 0xff, 0x0, 0x8f, 0xff, 0xa4, 0x12,
    0x5b, 0xff, 0xfd, 0xff, 0x4, 0xff, 0xe4, 0x0,
    0x0, 0x0, 0x4e, 0xff, 0xff, 0xd, 0xff, 0x30,
    0x0, 0x0, 0x45, 0x46, 0xff, 0xff, 0x4f, 0xf7,
    0x0, 0x0, 0x0, 0xdf, 0xff, 0xff, 0xff, 0x8f,
    0xf1, 0x0, 0x0, 0x0, 0xdf, 0xff, 0xff, 0xff,
    0x2, 0x10, 0x0, 0x0, 0x0, 0x12, 0x22, 0x22,
    0x21, 0x0, 0x0, 0x0, 0x0, 0x0, 0x0, 0x0,
    0x0, 0x0, 0x67, 0x77, 0x77, 0x75, 0x0, 0x0,
    0x0, 0x6, 0x73, 0xff, 0xff, 0xff, 0xfe, 0x0,
    0x0, 0x0, 0x3f, 0xf6, 0xff, 0xff, 0xee, 0xfd,
    0x0, 0x0, 0x0, 0xcf, 0xf1, 0xff, 0xff, 0x70,
    0x0, 0x0, 0x0, 0x9, 0xff, 0xa0, 0xff, 0xff,
    0xfb, 0x20, 0x0, 0x2, 0xbf, 0xfe, 0x10, 0xff,
    0x8d, 0xff, 0xfc, 0xa9, 0xcf, 0xff, 0xe2, 0x0,
    0xff, 0x61, 0x9f, 0xff, 0xff, 0xff, 0xfb, 0x10,
    0x0, 0xff, 0x70, 0x1, 0x7c, 0xee, 0xd9, 0x30,
    0x0, 0x0, 0x56, 0x20, 0x0, 0x0, 0x0, 0x0,
    0x0, 0x0, 0x0,

    /* U+F026 "" */
    0x0, 0x0, 0x0, 0x2, 0x40, 0x0, 0x0, 0x2,
    0xef, 0x0, 0x0, 0x2, 0xef, 0xf0, 0x0, 0x3,
    0xef, 0xff, 0xdf, 0xff, 0xff, 0xff, 0xff, 0xff,
    0xff, 0xff, 0xff, 0xff, 0xff, 0xff, 0xff, 0xff,
    0xff, 0xff, 0xff, 0xff, 0xff, 0xff, 0xff, 0xff,
    0xff, 0xff, 0xff, 0xff, 0xff, 0x7b, 0xbb, 0xdf,
    0xff, 0xf0, 0x0, 0x0, 0xbf, 0xff, 0x0, 0x0,
    0x0, 0xbf, 0xf0, 0x0, 0x0, 0x0, 0xbe, 0x0,
    0x0, 0x0, 0x0, 0x0,

    /* U+F027 "" */
    0x0, 0x0, 0x0, 0x2, 0x40, 0x0, 0x0, 0x0,
    0x0, 0x0, 0x2e, 0xf0, 0x0, 0x0, 0x0, 0x0,
    0x2, 0xef, 0xf0, 0x0, 0x0, 0x0, 0x0, 0x3e,
    0xff, 0xf0, 0x0, 0x0, 0xdf, 0xff, 0xff, 0xff,
    0xf0, 0x7, 0x10, 0xff, 0xff, 0xff, 0xff, 0xf0,
    0x3f, 0xd0, 0xff, 0xff, 0xff, 0xff, 0xf0, 0x8,
    0xf5, 0xff, 0xff, 0xff, 0xff, 0xf0, 0x4, 0xf7,
    0xff, 0xff, 0xff, 0xff, 0xf0, 0xd, 0xf3, 0xff,
    0xff, 0xff, 0xff, 0xf0, 0x3f, 0x70, 0x8b, 0xbb,
    0xdf, 0xff, 0xf0, 0x0, 0x0, 0x0, 0x0, 0xb,
    0xff, 0xf0, 0x0, 0x0, 0x0, 0x0, 0x0, 0xbf,
    0xf0, 0x0, 0x0, 0x0, 0x0, 0x0, 0xb, 0xe0,
    0x0, 0x0, 0x0, 0x0, 0x0, 0x0, 0x0, 0x0,
    0x0,

    /* U+F028 "" */
    0x0, 0x0, 0x0, 0x0, 0x0, 0x0, 0x0, 0x1,
    0x0, 0x0, 0x0, 0x0, 0x0, 0x0, 0x0, 0x0,
    0x0, 0x7, 0xf6, 0x0, 0x0, 0x0, 0x0, 0x0,
    0x2, 0x40, 0x0, 0x0, 0x2d, 0xf8, 0x0, 0x0,
    0x0, 0x0, 0x2, 0xef, 0x0, 0x0, 0x40, 0x1c,
    0xf4, 0x0, 0x0, 0x0, 0x2, 0xef, 0xf0, 0x0,
    0x5f, 0xb0, 0x1e, 0xe1, 0x0, 0x0, 0x3, 0xef,
    0xff, 0x0, 0x0, 0xaf, 0xa0, 0x6f, 0x70, 0xdf,
    0xff, 0xff, 0xff, 0xf0, 0x7, 0x10, 0xbf, 0x30,
    0xfd, 0xf, 0xff, 0xff, 0xff, 0xff, 0x3, 0xfd,
    0x3, 0xf9, 0xa, 0xf0, 0xff, 0xff, 0xff, 0xff,
    0xf0, 0x7, 0xf5, 0xe, 0xc0, 0x8f, 0x2f, 0xff,
    0xff, 0xff, 0xff, 0x0, 0x4f, 0x70, 0xdd, 0x7,
    0xf3, 0xff, 0xff, 0xff, 0xff, 0xf0, 0x1d, 0xf3,
    0xf, 0xb0, 0x9f, 0x2f, 0xff, 0xff, 0xff, 0xff,
    0x3, 0xf7, 0x7, 0xf6, 0xc, 0xf0, 0x7b, 0xbb,
    0xdf, 0xff, 0xf0, 0x0, 0x3, 0xfe, 0x12, 0xfa,
    0x0, 0x0, 0x0, 0xbf, 0xff, 0x0, 0x3, 0xff,
    0x40, 0xaf, 0x30, 0x0, 0x0, 0x0, 0xbf, 0xf0,
    0x0, 0x3c, 0x30, 0x6f, 0xa0, 0x0, 0x0, 0x0,
    0x0, 0xbe, 0x0, 0x0, 0x0, 0x6f, 0xe1, 0x0,
    0x0, 0x0, 0x0, 0x0, 0x0, 0x0, 0x0, 0x6f,
    0xd2, 0x0, 0x0, 0x0, 0x0, 0x0, 0x0, 0x0,
    0x0, 0x3, 0x90, 0x0, 0x0,

    /* U+F03E "" */
    0x3a, 0xbb, 0xbb, 0xbb, 0xbb, 0xbb, 0xbb, 0xbb,
    0xa3, 0xef, 0xff, 0xff, 0xff, 0xff, 0xff, 0xff,
    0xff, 0xfe, 0xff, 0xd5, 0x6e, 0xff, 0xff, 0xff,
    0xff, 0xff, 0xff, 0xff, 0x20, 0x4, 0xff, 0xff,
    0xff, 0xff, 0xff, 0xff, 0xff, 0x0, 0x2, 0xff,
    0xff, 0xff, 0xbf, 0xff, 0xff, 0xff, 0x50, 0x7,
    0xff, 0xff, 0xf5, 0x9, 0xff, 0xff, 0xff, 0xfb,
    0xbf, 0xff, 0xff, 0x50, 0x0, 0x9f, 0xff, 0xff,
    0xff, 0xcb, 0xff, 0xf5, 0x0, 0x0, 0x9, 0xff,
    0xff, 0xfc, 0x0, 0xaf, 0x50, 0x0, 0x0, 0x4,
    0xff, 0xff, 0xc0, 0x0, 0x3, 0x0, 0x0, 0x0,
    0x4, 0xff, 0xff, 0x40, 0x0, 0x0, 0x0, 0x0,
    0x0, 0x4, 0xff, 0xff, 0x74, 0x44, 0x44, 0x44,
    0x44, 0x44, 0x47, 0xff, 0xff, 0xff, 0xff, 0xff,
    0xff, 0xff, 0xff, 0xff, 0xff, 0x6f, 0xff, 0xff,
    0xff, 0xff, 0xff, 0xff, 0xff, 0xf6,

    /* U+F043 "" */
    0x0, 0x0, 0x6, 0x90, 0x0, 0x0, 0x0, 0x0,
    0x1, 0xff, 0x40, 0x0, 0x0, 0x0, 0x0, 0x6f,
    0xfa, 0x0, 0x0, 0x0, 0x0, 0xd, 0xff, 0xf2,
    0x0, 0x0, 0x0, 0x5, 0xff, 0xff, 0x90, 0x0,
    0x0, 0x0, 0xef, 0xff, 0xff, 0x30, 0x0, 0x0,
    0x9f, 0xff, 0xff, 0xfd, 0x0, 0x0, 0x5f, 0xff,
    0xff, 0xff, 0xf9, 0x0, 0xe, 0xff, 0xff, 0xff,
    0xff, 0xf3, 0x7, 0xff, 0xff, 0xff, 0xff, 0xff,
    0xa0, 0xcf, 0xff, 0xff, 0xff, 0xff, 0xff, 0xf,
    0xfb, 0xff, 0xff, 0xff, 0xff, 0xf2, 0xff, 0x4a,
    0xff, 0xff, 0xff, 0xff, 0x2c, 0xf8, 0x4f, 0xff,
    0xff, 0xff, 0xf0, 0x7f, 0xf2, 0x5c, 0xff, 0xff,
    0xfb, 0x0, 0xef, 0xe5, 0x8, 0xff, 0xff, 0x30,
    0x2, 0xef, 0xff, 0xff, 0xff, 0x50, 0x0, 0x1,
    0xaf, 0xff, 0xfb, 0x30, 0x0, 0x0, 0x0, 0x3,
    0x31, 0x0, 0x0, 0x0,

    /* U+F048 "" */
    0x6b, 0x90, 0x0, 0x0, 0x3, 0xa2, 0x9f, 0xe0,
    0x0, 0x0, 0x4f, 0xf9, 0x9f, 0xe0, 0x0, 0x5,
    0xff, 0xfa, 0x9f, 0xe0, 0x0, 0x6f, 0xff, 0xfa,
    0x9f, 0xe0, 0x7, 0xff, 0xff, 0xfa, 0x9f, 0xe0,
    0x8f, 0xff, 0xff, 0xfa, 0x9f, 0xe9, 0xff, 0xff,
    0xff, 0xfa, 0x9f, 0xff, 0xff, 0xff, 0xff, 0xfa,
    0x9f, 0xff, 0xff, 0xff, 0xff, 0xfa, 0x9f, 0xfe,
    0xff, 0xff, 0xff, 0xfa, 0x9f, 0xe1, 0xdf, 0xff,
    0xff, 0xfa, 0x9f, 0xe0, 0x1c, 0xff, 0xff, 0xfa,
    0x9f, 0xe0, 0x0, 0xbf, 0xff, 0xfa, 0x9f, 0xe0,
    0x0, 0xa, 0xff, 0xfa, 0x9f, 0xe0, 0x0, 0x0,
    0x9f, 0xfa, 0x9f, 0xe0, 0x0, 0x0, 0x8, 0xf6,
    0x0, 0x0, 0x0, 0x0, 0x0, 0x0,

    /* U+F04B "" */
    0x3a, 0x70, 0x0, 0x0, 0x0, 0x0, 0x0, 0x0,
    0xef, 0xfe, 0x50, 0x0, 0x0, 0x0, 0x0, 0x0,
    0xff, 0xff, 0xfb, 0x20, 0x0, 0x0, 0x0, 0x0,
    0xff, 0xff, 0xff, 0xf8, 0x0, 0x0, 0x0, 0x0,
    0xff, 0xff, 0xff, 0xff, 0xe6, 0x0, 0x0, 0x0,
    0xff, 0xff, 0xff, 0xff, 0xff, 0xc3, 0x0, 0x0,
    0xff, 0xff, 0xff, 0xff, 0xff, 0xff, 0x91, 0x0,
    0xff, 0xff, 0xff, 0xff, 0xff, 0xff, 0xfe, 0x60,
    0xff, 0xff, 0xff, 0xff, 0xff, 0xff, 0xff, 0xf7,
    0xff, 0xff, 0xff, 0xff, 0xff, 0xff, 0xff, 0xfa,
    0xff, 0xff, 0xff, 0xff, 0xff, 0xff, 0xff, 0xe2,
    0xff, 0xff, 0xff, 0xff, 0xff, 0xff, 0xf8, 0x0,
    0xff, 0xff, 0xff, 0xff, 0xff, 0xfb, 0x20, 0x0,
    0xff, 0xff, 0xff, 0xff, 0xfd, 0x40, 0x0, 0x0,
    0xff, 0xff, 0xff, 0xff, 0x70, 0x0, 0x0, 0x0,
    0xff, 0xff, 0xff, 0xa1, 0x0, 0x0, 0x0, 0x0,
    0xff, 0xff, 0xd3, 0x0, 0x0, 0x0, 0x0, 0x0,
    0xaf, 0xe6, 0x0, 0x0, 0x0, 0x0, 0x0, 0x0,
    0x2, 0x0, 0x0, 0x0, 0x0, 0x0, 0x0, 0x0,

    /* U+F04C "" */
    0x3a, 0xbb, 0xb9, 0x10, 0x3, 0xab, 0xbb, 0x91,
    0xef, 0xff, 0xff, 0xa0, 0xe, 0xff, 0xff, 0xfa,
    0xff, 0xff, 0xff, 0xc0, 0xf, 0xff, 0xff, 0xfc,
    0xff, 0xff, 0xff, 0xc0, 0xf, 0xff, 0xff, 0xfc,
    0xff, 0xff, 0xff, 0xc0, 0xf, 0xff, 0xff, 0xfc,
    0xff, 0xff, 0xff, 0xc0, 0xf, 0xff, 0xff, 0xfc,
    0xff, 0xff, 0xff, 0xc0, 0xf, 0xff, 0xff, 0xfc,
    0xff, 0xff, 0xff, 0xc0, 0xf, 0xff, 0xff, 0xfc,
    0xff, 0xff, 0xff, 0xc0, 0xf, 0xff, 0xff, 0xfc,
    0xff, 0xff, 0xff, 0xc0, 0xf, 0xff, 0xff, 0xfc,
    0xff, 0xff, 0xff, 0xc0, 0xf, 0xff, 0xff, 0xfc,
    0xff, 0xff, 0xff, 0xc0, 0xf, 0xff, 0xff, 0xfc,
    0xff, 0xff, 0xff, 0xc0, 0xf, 0xff, 0xff, 0xfc,
    0xff, 0xff, 0xff, 0xc0, 0xf, 0xff, 0xff, 0xfc,
    0xff, 0xff, 0xff, 0xb0, 0xf, 0xff, 0xff, 0xfb,
    0x7f, 0xff, 0xfe, 0x40, 0x7, 0xff, 0xff, 0xe4,
    0x0, 0x0, 0x0, 0x0, 0x0, 0x0, 0x0, 0x0,

    /* U+F04D "" */
    0x3a, 0xbb, 0xbb, 0xbb, 0xbb, 0xbb, 0xbb, 0x91,
    0xef, 0xff, 0xff, 0xff, 0xff, 0xff, 0xff, 0xfa,
    0xff, 0xff, 0xff, 0xff, 0xff, 0xff, 0xff, 0xfc,
    0xff, 0xff, 0xff, 0xff, 0xff, 0xff, 0xff, 0xfc,
    0xff, 0xff, 0xff, 0xff, 0xff, 0xff, 0xff, 0xfc,
    0xff, 0xff, 0xff, 0xff, 0xff, 0xff, 0xff, 0xfc,
    0xff, 0xff, 0xff, 0xff, 0xff, 0xff, 0xff, 0xfc,
    0xff, 0xff, 0xff, 0xff, 0xff, 0xff, 0xff, 0xfc,
    0xff, 0xff, 0xff, 0xff, 0xff, 0xff, 0xff, 0xfc,
    0xff, 0xff, 0xff, 0xff, 0xff, 0xff, 0xff, 0xfc,
    0xff, 0xff, 0xff, 0xff, 0xff, 0xff, 0xff, 0xfc,
    0xff, 0xff, 0xff, 0xff, 0xff, 0xff, 0xff, 0xfc,
    0xff, 0xff, 0xff, 0xff, 0xff, 0xff, 0xff, 0xfc,
    0xff, 0xff, 0xff, 0xff, 0xff, 0xff, 0xff, 0xfc,
    0xff, 0xff, 0xff, 0xff, 0xff, 0xff, 0xff, 0xfb,
    0x7f, 0xff, 0xff, 0xff, 0xff, 0xff, 0xff, 0xe4,
    0x0, 0x0, 0x0, 0x0, 0x0, 0x0, 0x0, 0x0,

    /* U+F051 "" */
    0x4a, 0x20, 0x0, 0x0, 0xa, 0xb4, 0xbf, 0xe3,
    0x0, 0x0, 0xf, 0xf8, 0xcf, 0xff, 0x40, 0x0,
    0xf, 0xf8, 0xcf, 0xff, 0xf5, 0x0, 0xf, 0xf8,
    0xcf, 0xff, 0xff, 0x60, 0xf, 0xf8, 0xcf, 0xff,
    0xff, 0xf7, 0xf, 0xf8, 0xcf, 0xff, 0xff, 0xff,
    0x9f, 0xf8, 0xcf, 0xff, 0xff, 0xff, 0xff, 0xf8,
    0xcf, 0xff, 0xff, 0xff, 0xff, 0xf8, 0xcf, 0xff,
    0xff, 0xff, 0xdf, 0xf8, 0xcf, 0xff, 0xff, 0xfc,
    0x1f, 0xf8, 0xcf, 0xff, 0xff, 0xb0, 0xf, 0xf8,
    0xcf, 0xff, 0xfa, 0x0, 0xf, 0xf8, 0xcf, 0xff,
    0x80, 0x0, 0xf, 0xf8, 0xbf, 0xf7, 0x0, 0x0,
    0xf, 0xf8, 0x7f, 0x60, 0x0, 0x0, 0xf, 0xf7,
    0x0, 0x0, 0x0, 0x0, 0x0, 0x0,

    /* U+F052 "" */
    0x0, 0x0, 0x0, 0x2, 0xca, 0x10, 0x0, 0x0,
    0x0, 0x0, 0x0, 0x0, 0x2e, 0xff, 0xc0, 0x0,
    0x0, 0x0, 0x0, 0x0, 0x1, 0xef, 0xff, 0xfb,
    0x0, 0x0, 0x0, 0x0, 0x0, 0x1d, 0xff, 0xff,
    0xff, 0xa0, 0x0, 0x0, 0x0, 0x0, 0xcf, 0xff,
    0xff, 0xff, 0xf9, 0x0, 0x0, 0x0, 0xb, 0xff,
    0xff, 0xff, 0xff, 0xff, 0x70, 0x0, 0x0, 0xaf,
    0xff, 0xff, 0xff, 0xff, 0xff, 0xf6, 0x0, 0x8,
    0xff, 0xff, 0xff, 0xff, 0xff, 0xff, 0xff, 0x40,
    0xf, 0xff, 0xff, 0xff, 0xff, 0xff, 0xff, 0xff,
    0xb0, 0xa, 0xff, 0xff, 0xff, 0xff, 0xff, 0xff,
    0xff, 0x60, 0x0, 0x34, 0x44, 0x44, 0x44, 0x44,
    0x44, 0x42, 0x0, 0x3, 0x77, 0x77, 0x77, 0x77,
    0x77, 0x77, 0x77, 0x10, 0xf, 0xff, 0xff, 0xff,
    0xff, 0xff, 0xff, 0xff, 0xb0, 0xf, 0xff, 0xff,
    0xff, 0xff, 0xff, 0xff, 0xff, 0xc0, 0xf, 0xff,
    0xff, 0xff, 0xff, 0xff, 0xff, 0xff, 0xb0, 0xc,
    0xff, 0xff, 0xff, 0xff, 0xff, 0xff, 0xff, 0x70,
    0x0, 0x0, 0x0, 0x0, 0x0, 0x0, 0x0, 0x0,
    0x0,

    /* U+F053 "" */
    0x0, 0x0, 0x0, 0x0, 0x41, 0x0, 0x0, 0x0,
    0x0, 0x9f, 0xd0, 0x0, 0x0, 0x0, 0x9f, 0xff,
    0x20, 0x0, 0x0, 0x9f, 0xff, 0x50, 0x0, 0x0,
    0x9f, 0xff, 0x50, 0x0, 0x0, 0x9f, 0xff, 0x50,
    0x0, 0x0, 0x9f, 0xff, 0x50, 0x0, 0x0, 0x9f,
    0xff, 0x50, 0x0, 0x0, 0xe, 0xff, 0xd1, 0x0,
    0x0, 0x0, 0x3e, 0xff, 0xc1, 0x0, 0x0, 0x0,
    0x3e, 0xff, 0xc1, 0x0, 0x0, 0x0, 0x3e, 0xff,
    0xc1, 0x0, 0x0, 0x0, 0x3e, 0xff, 0xc1, 0x0,
    0x0, 0x0, 0x3e, 0xff, 0xc0, 0x0, 0x0, 0x0,
    0x3e, 0xff, 0x20, 0x0, 0x0, 0x0, 0x3c, 0x60,

    /* U+F054 "" */
    0x0, 0x50, 0x0, 0x0, 0x0, 0x0, 0x9f, 0xc1,
    0x0, 0x0, 0x0, 0xe, 0xff, 0xc1, 0x0, 0x0,
    0x0, 0x2e, 0xff, 0xc1, 0x0, 0x0, 0x0, 0x2e,
    0xff, 0xc1, 0x0, 0x0, 0x0, 0x2e, 0xff, 0xc1,
    0x0, 0x0, 0x0, 0x2e, 0xff, 0xc1, 0x0, 0x0,
    0x0, 0x2e, 0xff, 0xc0, 0x0, 0x0, 0x0, 0xaf,
    0xff, 0x20, 0x0, 0x0, 0x9f, 0xff, 0x50, 0x0,
    0x0, 0x9f, 0xff, 0x50, 0x0, 0x0, 0x9f, 0xff,
    0x50, 0x0, 0x0, 0x9f, 0xff, 0x60, 0x0, 0x0,
    0x9f, 0xff, 0x60, 0x0, 0x0, 0xe, 0xff, 0x60,
    0x0, 0x0, 0x0, 0x3d, 0x50, 0x0, 0x0, 0x0,

    /* U+F067 "" */
    0x0, 0x0, 0x0, 0x39, 0x91, 0x0, 0x0, 0x0,
    0x0, 0x0, 0x0, 0xcf, 0xf8, 0x0, 0x0, 0x0,
    0x0, 0x0, 0x0, 0xdf, 0xf9, 0x0, 0x0, 0x0,
    0x0, 0x0, 0x0, 0xdf, 0xf9, 0x0, 0x0, 0x0,
    0x0, 0x0, 0x0, 0xdf, 0xf9, 0x0, 0x0, 0x0,
    0x0, 0x0, 0x0, 0xdf, 0xf9, 0x0, 0x0, 0x0,
    0x36, 0x77, 0x77, 0xef, 0xfc, 0x77, 0x77, 0x61,
    0xef, 0xff, 0xff, 0xff, 0xff, 0xff, 0xff, 0xfa,
    0xff, 0xff, 0xff, 0xff, 0xff, 0xff, 0xff, 0xfb,
    0xae, 0xff, 0xff, 0xff, 0xff, 0xff, 0xff, 0xe6,
    0x0, 0x0, 0x0, 0xdf, 0xf9, 0x0, 0x0, 0x0,
    0x0, 0x0, 0x0, 0xdf, 0xf9, 0x0, 0x0, 0x0,
    0x0, 0x0, 0x0, 0xdf, 0xf9, 0x0, 0x0, 0x0,
    0x0, 0x0, 0x0, 0xdf, 0xf9, 0x0, 0x0, 0x0,
    0x0, 0x0, 0x0, 0xdf, 0xf9, 0x0, 0x0, 0x0,
    0x0, 0x0, 0x0, 0x9f, 0xf5, 0x0, 0x0, 0x0,
    0x0, 0x0, 0x0, 0x1, 0x10, 0x0, 0x0, 0x0,

    /* U+F068 "" */
    0x36, 0x66, 0x66, 0x66, 0x66, 0x66, 0x66, 0x61,
    0xef, 0xff, 0xff, 0xff, 0xff, 0xff, 0xff, 0xfa,
    0xff, 0xff, 0xff, 0xff, 0xff, 0xff, 0xff, 0xfb,
    0xaf, 0xff, 0xff, 0xff, 0xff, 0xff, 0xff, 0xf6,

    /* U+F06E "" */
    0x0, 0x0, 0x0, 0x3, 0x68, 0x87, 0x40, 0x0,
    0x0, 0x0, 0x0, 0x0, 0x0, 0x8e, 0xff, 0xff,
    0xff, 0xf9, 0x20, 0x0, 0x0, 0x0, 0x4, 0xef,
    0xfd, 0x63, 0x25, 0xbf, 0xff, 0x70, 0x0, 0x0,
    0x7, 0xff, 0xfa, 0x0, 0x0, 0x0, 0x7f, 0xff,
    0xa0, 0x0, 0x6, 0xff, 0xfd, 0x0, 0x8, 0xfc,
    0x20, 0x9f, 0xff, 0xa0, 0x2, 0xff, 0xff, 0x50,
    0x0, 0x8f, 0xfe, 0x12, 0xff, 0xff, 0x60, 0xcf,
    0xff, 0xf2, 0x16, 0x7f, 0xff, 0xf5, 0xe, 0xff,
    0xfe, 0x1e, 0xff, 0xff, 0x12, 0xff, 0xff, 0xff,
    0x70, 0xdf, 0xff, 0xf2, 0x6f, 0xff, 0xf3, 0xe,
    0xff, 0xff, 0xf3, 0xf, 0xff, 0xfb, 0x0, 0xbf,
    0xff, 0x90, 0x4f, 0xff, 0xf8, 0x5, 0xff, 0xfe,
    0x10, 0x1, 0xdf, 0xff, 0x40, 0x28, 0x84, 0x1,
    0xef, 0xff, 0x30, 0x0, 0x1, 0xbf, 0xff, 0x60,
    0x0, 0x4, 0xef, 0xfd, 0x30, 0x0, 0x0, 0x0,
    0x6e, 0xff, 0xfb, 0xbe, 0xff, 0xf9, 0x0, 0x0,
    0x0, 0x0, 0x0, 0x5, 0xad, 0xff, 0xeb, 0x71,
    0x0, 0x0, 0x0,

    /* U+F070 "" */
    0x4a, 0x10, 0x0, 0x0, 0x0, 0x0, 0x0, 0x0,
    0x0, 0x0, 0x0, 0xe, 0xfe, 0x30, 0x0, 0x0,
    0x0, 0x0, 0x0, 0x0, 0x0, 0x0, 0x0, 0x5f,
    0xff, 0x60, 0x0, 0x15, 0x78, 0x74, 0x0, 0x0,
    0x0, 0x0, 0x0, 0x2d, 0xff, 0xa6, 0xdf, 0xff,
    0xff, 0xff, 0xa2, 0x0, 0x0, 0x0, 0x0, 0xa,
    0xff, 0xff, 0xe8, 0x32, 0x5b, 0xff, 0xf8, 0x0,
    0x0, 0x0, 0x0, 0x6, 0xff, 0xf6, 0x0, 0x10,
    0x6, 0xff, 0xfb, 0x0, 0x0, 0x0, 0x0, 0x3,
    0xef, 0xf8, 0x7f, 0xd3, 0x9, 0xff, 0xfb, 0x0,
    0x0, 0x1e, 0x70, 0x1, 0xbf, 0xfe, 0xff, 0xf2,
    0x1f, 0xff, 0xf7, 0x0, 0x9, 0xff, 0xa0, 0x0,
    0x8f, 0xff, 0xff, 0x70, 0xdf, 0xff, 0xf1, 0x0,
    0xcf, 0xff, 0xd1, 0x0, 0x5f, 0xff, 0xf9, 0xc,
    0xff, 0xff, 0x30, 0x5, 0xff, 0xff, 0x60, 0x0,
    0x2d, 0xff, 0xb0, 0xef, 0xff, 0xb0, 0x0, 0xa,
    0xff, 0xfc, 0x0, 0x0, 0xa, 0xff, 0xef, 0xff,
    0xe1, 0x0, 0x0, 0xc, 0xff, 0xf6, 0x0, 0x0,
    0x6, 0xff, 0xff, 0xf3, 0x0, 0x0, 0x0, 0xa,
    0xff, 0xf8, 0x10, 0x0, 0x3, 0xef, 0xfa, 0x0,
    0x0, 0x0, 0x0, 0x5, 0xef, 0xff, 0xcb, 0x80,
    0x1, 0xbf, 0xfb, 0x10, 0x0, 0x0, 0x0, 0x0,
    0x5a, 0xdf, 0xfe, 0x70, 0x0, 0x8f, 0xfe, 0x30,
    0x0, 0x0, 0x0, 0x0, 0x0, 0x0, 0x0, 0x0,
    0x0, 0x5f, 0xff, 0x30, 0x0, 0x0, 0x0, 0x0,
    0x0, 0x0, 0x0, 0x0, 0x0, 0x2d, 0xe1, 0x0,
    0x0, 0x0, 0x0, 0x0, 0x0, 0x0, 0x0, 0x0,
    0x0, 0x1, 0x0,

    /* U+F071 "" */
    0x0, 0x0, 0x0, 0x0, 0x1, 0xcd, 0x40, 0x0,
    0x0, 0x0, 0x0, 0x0, 0x0, 0x0, 0x0, 0xa,
    0xff, 0xe0, 0x0, 0x0, 0x0, 0x0, 0x0, 0x0,
    0x0, 0x0, 0x4f, 0xff, 0xf8, 0x0, 0x0, 0x0,
    0x0, 0x0, 0x0, 0x0, 0x0, 0xdf, 0xff, 0xff,
    0x10, 0x0, 0x0, 0x0, 0x0, 0x0, 0x0, 0x6,
    0xff, 0xff, 0xff, 0xa0, 0x0, 0x0, 0x0, 0x0,
    0x0, 0x0, 0xe, 0xff, 0xff, 0xff, 0xf3, 0x0,
    0x0, 0x0, 0x0, 0x0, 0x0, 0x8f, 0xfb, 0x33,
    0x8f, 0xfc, 0x0, 0x0, 0x0, 0x0, 0x0, 0x2,
    0xff, 0xf9, 0x0, 0x6f, 0xff, 0x60, 0x0, 0x0,
    0x0, 0x0, 0xa, 0xff, 0xfa, 0x0, 0x6f, 0xff,
    0xe0, 0x0, 0x0, 0x0, 0x0, 0x4f, 0xff, 0xfb,
    0x0, 0x7f, 0xff, 0xf8, 0x0, 0x0, 0x0, 0x0,
    0xdf, 0xff, 0xfc, 0x0, 0x8f, 0xff, 0xff, 0x10,
    0x0, 0x0, 0x6, 0xff, 0xff, 0xfd, 0x0, 0x9f,
    0xff, 0xff, 0xa0, 0x0, 0x0, 0xe, 0xff, 0xff,
    0xff, 0xcb, 0xff, 0xff, 0xff, 0xf3, 0x0, 0x0,
    0x8f, 0xff, 0xff, 0xfc, 0x0, 0x8f, 0xff, 0xff,
    0xfc, 0x0, 0x2, 0xff, 0xff, 0xff, 0xf9, 0x0,
    0x4f, 0xff, 0xff, 0xff, 0x60, 0xa, 0xff, 0xff,
    0xff, 0xfe, 0x42, 0xcf, 0xff, 0xff, 0xff, 0xe0,
    0xf, 0xff, 0xff, 0xff, 0xff, 0xff, 0xff, 0xff,
    0xff, 0xff, 0xf3, 0x9, 0xff, 0xff, 0xff, 0xff,
    0xff, 0xff, 0xff, 0xff, 0xff, 0xd0, 0x0, 0x23,
    0x33, 0x33, 0x33, 0x33, 0x33, 0x33, 0x33, 0x33,
    0x0,

    /* U+F074 "" */
    0x0, 0x0, 0x0, 0x0, 0x0, 0x0, 0x1, 0x40,
    0x0, 0x0, 0x0, 0x0, 0x0, 0x0, 0x0, 0x7,
    0xf9, 0x0, 0x12, 0x22, 0x10, 0x0, 0x0, 0x1,
    0x29, 0xff, 0x90, 0xff, 0xff, 0xe2, 0x0, 0x0,
    0x6f, 0xff, 0xff, 0xf8, 0xff, 0xff, 0xfe, 0x20,
    0x5, 0xff, 0xff, 0xff, 0xfd, 0x9a, 0xad, 0xff,
    0xd0, 0x5f, 0xff, 0xbd, 0xff, 0xe2, 0x0, 0x0,
    0xcf, 0x44, 0xff, 0xf9, 0x8, 0xfe, 0x20, 0x0,
    0x0, 0x4, 0x4f, 0xff, 0x90, 0x4, 0xd2, 0x0,
    0x0, 0x0, 0x3, 0xff, 0xfa, 0x0, 0x0, 0x10,
    0x0, 0x0, 0x0, 0x3f, 0xff, 0xa1, 0x91, 0x6,
    0xf6, 0x0, 0x0, 0x2, 0xef, 0xfb, 0xc, 0xfc,
    0x8, 0xff, 0x60, 0xef, 0xff, 0xff, 0xb0, 0x1d,
    0xff, 0xff, 0xff, 0xf6, 0xff, 0xff, 0xfc, 0x0,
    0x2, 0xef, 0xff, 0xff, 0xfe, 0xdd, 0xdd, 0xb0,
    0x0, 0x0, 0x2d, 0xde, 0xff, 0xf5, 0x0, 0x0,
    0x0, 0x0, 0x0, 0x0, 0x8, 0xff, 0x50, 0x0,
    0x0, 0x0, 0x0, 0x0, 0x0, 0x6, 0xf5, 0x0,
    0x0, 0x0, 0x0, 0x0, 0x0, 0x0, 0x0, 0x0,
    0x0,

    /* U+F077 "" */
    0x0, 0x0, 0x0, 0x4, 0x20, 0x0, 0x0, 0x0,
    0x0, 0x0, 0x0, 0x5f, 0xe2, 0x0, 0x0, 0x0,
    0x0, 0x0, 0x5, 0xff, 0xfe, 0x20, 0x0, 0x0,
    0x0, 0x0, 0x5f, 0xff, 0xff, 0xe3, 0x0, 0x0,
    0x0, 0x6, 0xff, 0xfa, 0xcf, 0xfe, 0x30, 0x0,
    0x0, 0x6f, 0xff, 0x90, 0xc, 0xff, 0xe3, 0x0,
    0x6, 0xff, 0xf9, 0x0, 0x0, 0xcf, 0xfe, 0x30,
    0x5f, 0xff, 0x90, 0x0, 0x0, 0xc, 0xff, 0xe2,
    0xaf, 0xf9, 0x0, 0x0, 0x0, 0x0, 0xcf, 0xf6,
    0x1b, 0x80, 0x0, 0x0, 0x0, 0x0, 0xb, 0x90,

    /* U+F078 "" */
    0x3, 0x20, 0x0, 0x0, 0x0, 0x0, 0x3, 0x20,
    0x6f, 0xe2, 0x0, 0x0, 0x0, 0x0, 0x5f, 0xf2,
    0xaf, 0xfe, 0x30, 0x0, 0x0, 0x5, 0xff, 0xf6,
    0x1c, 0xff, 0xe3, 0x0, 0x0, 0x5f, 0xff, 0x90,
    0x1, 0xcf, 0xfe, 0x30, 0x5, 0xff, 0xf9, 0x0,
    0x0, 0x1c, 0xff, 0xe3, 0x5f, 0xff, 0x90, 0x0,
    0x0, 0x1, 0xcf, 0xff, 0xff, 0xf9, 0x0, 0x0,
    0x0, 0x0, 0x1c, 0xff, 0xff, 0x90, 0x0, 0x0,
    0x0, 0x0, 0x1, 0xcf, 0xf9, 0x0, 0x0, 0x0,
    0x0, 0x0, 0x0, 0x1b, 0x90, 0x0, 0x0, 0x0,

    /* U+F079 "" */
    0x0, 0x0, 0x26, 0x0, 0x0, 0x0, 0x0, 0x0,
    0x0, 0x0, 0x0, 0x0, 0x0, 0x2, 0xef, 0xa0,
    0x0, 0x44, 0x44, 0x44, 0x44, 0x42, 0x0, 0x0,
    0x0, 0x2e, 0xff, 0xfa, 0x4, 0xff, 0xff, 0xff,
    0xff, 0xfd, 0x0, 0x0, 0x3, 0xef, 0xff, 0xff,
    0xa0, 0xaf, 0xff, 0xff, 0xff, 0xfe, 0x0, 0x0,
    0xe, 0xfd, 0xef, 0xcf, 0xf8, 0x0, 0x0, 0x0,
    0x5, 0xfe, 0x0, 0x0, 0xb, 0xe2, 0xdf, 0x67,
    0xf5, 0x0, 0x0, 0x0, 0x5, 0xfe, 0x0, 0x0,
    0x0, 0x0, 0xdf, 0x60, 0x0, 0x0, 0x0, 0x0,
    0x5, 0xfe, 0x0, 0x0, 0x0, 0x0, 0xdf, 0x60,
    0x0, 0x0, 0x0, 0x0, 0x5, 0xfe, 0x0, 0x0,
    0x0, 0x0, 0xdf, 0x60, 0x0, 0x0, 0x0, 0x4,
    0x15, 0xfe, 0x3, 0x20, 0x0, 0x0, 0xdf, 0x60,
    0x0, 0x0, 0x0, 0x6f, 0xd6, 0xfe, 0x4f, 0xf1,
    0x0, 0x0, 0xdf, 0x94, 0x44, 0x44, 0x41, 0x3f,
    0xff, 0xff, 0xff, 0xc0, 0x0, 0x0, 0xdf, 0xff,
    0xff, 0xff, 0xff, 0x24, 0xff, 0xff, 0xfc, 0x10,
    0x0, 0x0, 0x9f, 0xff, 0xff, 0xff, 0xfe, 0x30,
    0x4f, 0xff, 0xc0, 0x0, 0x0, 0x0, 0x0, 0x0,
    0x0, 0x0, 0x0, 0x0, 0x4, 0xfc, 0x0, 0x0,
    0x0, 0x0, 0x0, 0x0, 0x0, 0x0, 0x0, 0x0,
    0x0, 0x10, 0x0, 0x0,

    /* U+F07B "" */
    0x17, 0x88, 0x88, 0x84, 0x0, 0x0, 0x0, 0x0,
    0x0, 0xcf, 0xff, 0xff, 0xff, 0x50, 0x0, 0x0,
    0x0, 0x0, 0xff, 0xff, 0xff, 0xff, 0xf6, 0x44,
    0x44, 0x44, 0x30, 0xff, 0xff, 0xff, 0xff, 0xff,
    0xff, 0xff, 0xff, 0xfa, 0xff, 0xff, 0xff, 0xff,
    0xff, 0xff, 0xff, 0xff, 0xff, 0xff, 0xff, 0xff,
    0xff, 0xff, 0xff, 0xff, 0xff, 0xff, 0xff, 0xff,
    0xff, 0xff, 0xff, 0xff, 0xff, 0xff, 0xff, 0xff,
    0xff, 0xff, 0xff, 0xff, 0xff, 0xff, 0xff, 0xff,
    0xff, 0xff, 0xff, 0xff, 0xff, 0xff, 0xff, 0xff,
    0xff, 0xff, 0xff, 0xff, 0xff, 0xff, 0xff, 0xff,
    0xff, 0xff, 0xff, 0xff, 0xff, 0xff, 0xff, 0xff,
    0xff, 0xff, 0xff, 0xff, 0xff, 0xff, 0xff, 0xff,
    0xff, 0xff, 0xff, 0xff, 0xff, 0xff, 0xff, 0xff,
    0xff, 0xff, 0xff, 0xff, 0xff, 0x7f, 0xff, 0xff,
    0xff, 0xff, 0xff, 0xff, 0xff, 0xf6,

    /* U+F093 "" */
    0x0, 0x0, 0x0, 0x0, 0x47, 0x0, 0x0, 0x0,
    0x0, 0x0, 0x0, 0x0, 0x4, 0xff, 0x90, 0x0,
    0x0, 0x0, 0x0, 0x0, 0x0, 0x4f, 0xff, 0xf9,
    0x0, 0x0, 0x0, 0x0, 0x0, 0x4, 0xff, 0xff,
    0xff, 0x90, 0x0, 0x0, 0x0, 0x0, 0x4f, 0xff,
    0xff, 0xff, 0xf9, 0x0, 0x0, 0x0, 0x4, 0xff,
    0xff, 0xff, 0xff, 0xff, 0x90, 0x0, 0x0, 0xc,
    0xff, 0xff, 0xff, 0xff, 0xff, 0xf1, 0x0, 0x0,
    0x0, 0x11, 0x2f, 0xff, 0xf7, 0x11, 0x10, 0x0,
    0x0, 0x0, 0x0, 0x1f, 0xff, 0xf6, 0x0, 0x0,
    0x0, 0x0, 0x0, 0x0, 0x1f, 0xff, 0xf6, 0x0,
    0x0, 0x0, 0x0, 0x0, 0x0, 0x1f, 0xff, 0xf6,
    0x0, 0x0, 0x0, 0x0, 0x0, 0x0, 0x1f, 0xff,
    0xf6, 0x0, 0x0, 0x0, 0x24, 0x44, 0x42, 0x1f,
    0xff, 0xf6, 0x24, 0x44, 0x42, 0xff, 0xff, 0xfc,
    0x8, 0xbb, 0xa2, 0xcf, 0xff, 0xff, 0xff, 0xff,
    0xff, 0xa5, 0x55, 0x5a, 0xff, 0xff, 0xff, 0xff,
    0xff, 0xff, 0xff, 0xff, 0xff, 0xff, 0xff, 0xff,
    0xff, 0xff, 0xff, 0xff, 0xff, 0xff, 0x66, 0xc4,
    0xff, 0xdf, 0xff, 0xff, 0xff, 0xff, 0xff, 0xff,
    0xff, 0xfd, 0x0, 0x0, 0x0, 0x0, 0x0, 0x0,
    0x0, 0x0, 0x0,

    /* U+F095 "" */
    0x0, 0x0, 0x0, 0x0, 0x0, 0x0, 0x2, 0xb8,
    0x41, 0x0, 0x0, 0x0, 0x0, 0x0, 0x0, 0x0,
    0x9f, 0xff, 0xfb, 0x0, 0x0, 0x0, 0x0, 0x0,
    0x0, 0x1f, 0xff, 0xff, 0xf0, 0x0, 0x0, 0x0,
    0x0, 0x0, 0x7, 0xff, 0xff, 0xfe, 0x0, 0x0,
    0x0, 0x0, 0x0, 0x0, 0xdf, 0xff, 0xff, 0xc0,
    0x0, 0x0, 0x0, 0x0, 0x0, 0xc, 0xff, 0xff,
    0xf9, 0x0, 0x0, 0x0, 0x0, 0x0, 0x0, 0xa,
    0xff, 0xff, 0x50, 0x0, 0x0, 0x0, 0x0, 0x0,
    0x0, 0xc, 0xff, 0xf1, 0x0, 0x0, 0x0, 0x0,
    0x0, 0x0, 0x3, 0xff, 0xfa, 0x0, 0x0, 0x0,
    0x0, 0x0, 0x0, 0x0, 0xdf, 0xff, 0x20, 0x0,
    0x0, 0x0, 0x0, 0x0, 0x0, 0xaf, 0xff, 0x90,
    0x0, 0x0, 0x4, 0xa5, 0x0, 0x0, 0xaf, 0xff,
    0xd0, 0x0, 0x0, 0x7d, 0xff, 0xf4, 0x2, 0xcf,
    0xff, 0xe2, 0x0, 0x0, 0xdf, 0xff, 0xff, 0xe9,
    0xff, 0xff, 0xf3, 0x0, 0x0, 0xd, 0xff, 0xff,
    0xff, 0xff, 0xff, 0xe2, 0x0, 0x0, 0x0, 0x9f,
    0xff, 0xff, 0xff, 0xff, 0xa1, 0x0, 0x0, 0x0,
    0x6, 0xff, 0xff, 0xff, 0xfc, 0x40, 0x0, 0x0,
    0x0, 0x0, 0x2f, 0xff, 0xfd, 0x83, 0x0, 0x0,
    0x0, 0x0, 0x0, 0x0, 0x23, 0x20, 0x0, 0x0,
    0x0, 0x0, 0x0, 0x0, 0x0,

    /* U+F0B0 "" */
    0x0, 0x0, 0x0, 0x0, 0x0, 0x0, 0x0, 0x0,
    0x0, 0x0, 0x0, 0x27, 0xbd, 0xff, 0xdb, 0x72,
    0x0, 0x0, 0x0, 0x3b, 0xff, 0xc9, 0x88, 0xad,
    0xff, 0xb3, 0x0, 0x7, 0xfe, 0x71, 0x0, 0x0,
    0x0, 0x17, 0xef, 0x70, 0x8f, 0xa0, 0x0, 0x0,
    0x0, 0x0, 0x0, 0x1a, 0xf7, 0x3f, 0xc1, 0x0,
    0x0, 0x0, 0x0, 0x0, 0x1d, 0xf3, 0x4, 0xfc,
    0x10, 0x0, 0x0, 0x0, 0x1, 0xdf, 0x30, 0x0,
    0x4f, 0xc1, 0x0, 0x0, 0x0, 0x1d, 0xf4, 0x0,
    0x0, 0x4, 0xfc, 0x10, 0x0, 0x1, 0xdf, 0x40,
    0x0, 0x0, 0x0, 0x4f, 0xc0, 0x0, 0x1d, 0xf4,
    0x0, 0x0, 0x0, 0x0, 0x4, 0xfc, 0x1, 0xcf,
    0x40, 0x0, 0x0, 0x0, 0x0, 0x0, 0x4f, 0xcc,
    0xf4, 0x0, 0x0, 0x0, 0x0, 0x0, 0x0, 0x4,
    0xff, 0x40, 0x0, 0x0, 0x0, 0x0, 0x0, 0x0,
    0x0, 0x33, 0x0, 0x0, 0x0, 0x0,

    /* U+F0C4 "" */
    0x0, 0x35, 0x20, 0x0, 0x0, 0x0, 0x0, 0x0,
    0x1c, 0xff, 0xfa, 0x0, 0x0, 0x1, 0x9c, 0xa1,
    0xaf, 0xfe, 0xff, 0x60, 0x0, 0x2e, 0xff, 0xf9,
    0xef, 0x60, 0xaf, 0xb0, 0x3, 0xef, 0xff, 0xb0,
    0xef, 0x92, 0xcf, 0x90, 0x3e, 0xff, 0xfa, 0x0,
    0x7f, 0xff, 0xff, 0xe6, 0xff, 0xff, 0xa0, 0x0,
    0x8, 0xff, 0xff, 0xff, 0xff, 0xfa, 0x0, 0x0,
    0x0, 0x1, 0xcf, 0xff, 0xff, 0xa0, 0x0, 0x0,
    0x0, 0x0, 0x3f, 0xff, 0xff, 0x10, 0x0, 0x0,
    0x0, 0x36, 0xef, 0xff, 0xff, 0xd1, 0x0, 0x0,
    0x1c, 0xff, 0xff, 0xff, 0xff, 0xfd, 0x10, 0x0,
    0xaf, 0xfe, 0xff, 0xc2, 0xdf, 0xff, 0xd1, 0x0,
    0xef, 0x60, 0xaf, 0xa0, 0x1c, 0xff, 0xfe, 0x20,
    0xef, 0x92, 0xcf, 0xa0, 0x0, 0xcf, 0xff, 0xe2,
    0x7f, 0xff, 0xff, 0x40, 0x0, 0xb, 0xff, 0xf9,
    0x8, 0xff, 0xe5, 0x0, 0x0, 0x0, 0x58, 0x50,
    0x0, 0x1, 0x0, 0x0, 0x0, 0x0, 0x0, 0x0,

    /* U+F0C5 "" */
    0x0, 0x0, 0x6f, 0xff, 0xff, 0xf1, 0x68, 0x0,
    0x0, 0x0, 0xaf, 0xff, 0xff, 0xf1, 0x7f, 0x80,
    0x0, 0x0, 0xaf, 0xff, 0xff, 0xf1, 0x7f, 0xf8,
    0x36, 0x62, 0xaf, 0xff, 0xff, 0xf1, 0x36, 0x66,
    0xff, 0xf6, 0xaf, 0xff, 0xff, 0xf6, 0x22, 0x22,
    0xff, 0xf6, 0xaf, 0xff, 0xff, 0xff, 0xff, 0xfe,
    0xff, 0xf6, 0xaf, 0xff, 0xff, 0xff, 0xff, 0xfe,
    0xff, 0xf6, 0xaf, 0xff, 0xff, 0xff, 0xff, 0xfe,
    0xff, 0xf6, 0xaf, 0xff, 0xff, 0xff, 0xff, 0xfe,
    0xff, 0xf6, 0xaf, 0xff, 0xff, 0xff, 0xff, 0xfe,
    0xff, 0xf6, 0xaf, 0xff, 0xff, 0xff, 0xff, 0xfe,
    0xff, 0xf6, 0xaf, 0xff, 0xff, 0xff, 0xff, 0xfe,
    0xff, 0xf6, 0xaf, 0xff, 0xff, 0xff, 0xff, 0xfe,
    0xff, 0xf6, 0xaf, 0xff, 0xff, 0xff, 0xff, 0xfe,
    0xff, 0xf7, 0x6f, 0xff, 0xff, 0xff, 0xff, 0xfa,
    0xff, 0xfe, 0x30, 0x0, 0x0, 0x0, 0x0, 0x0,
    0xff, 0xff, 0xff, 0xff, 0xff, 0xf1, 0x0, 0x0,
    0xef, 0xff, 0xff, 0xff, 0xff, 0xf0, 0x0, 0x0,
    0x14, 0x44, 0x44, 0x44, 0x44, 0x20, 0x0, 0x0,

    /* U+F0C7 "" */
    0x5, 0x66, 0x66, 0x66, 0x66, 0x64, 0x0, 0x0,
    0xcf, 0xff, 0xff, 0xff, 0xff, 0xff, 0x90, 0x0,
    0xff, 0xed, 0xdd, 0xdd, 0xdd, 0xef, 0xf9, 0x0,
    0xff, 0x40, 0x0, 0x0, 0x0, 0xf, 0xff, 0x90,
    0xff, 0x40, 0x0, 0x0, 0x0, 0xe, 0xff, 0xf6,
    0xff, 0x40, 0x0, 0x0, 0x0, 0xe, 0xff, 0xf9,
    0xff, 0x40, 0x0, 0x0, 0x0, 0xf, 0xff, 0xf9,
    0xff, 0xff, 0xff, 0xff, 0xff, 0xff, 0xff, 0xf9,
    0xff, 0xff, 0xff, 0xff, 0xff, 0xff, 0xff, 0xf9,
    0xff, 0xff, 0xff, 0xc5, 0x7f, 0xff, 0xff, 0xf9,
    0xff, 0xff, 0xfe, 0x0, 0x5, 0xff, 0xff, 0xf9,
    0xff, 0xff, 0xfa, 0x0, 0x1, 0xff, 0xff, 0xf9,
    0xff, 0xff, 0xfd, 0x0, 0x4, 0xff, 0xff, 0xf9,
    0xff, 0xff, 0xff, 0x93, 0x4d, 0xff, 0xff, 0xf9,
    0xff, 0xff, 0xff, 0xff, 0xff, 0xff, 0xff, 0xf8,
    0x8f, 0xff, 0xff, 0xff, 0xff, 0xff, 0xff, 0xe3,
    0x1, 0x22, 0x22, 0x22, 0x22, 0x22, 0x21, 0x0,

    /* U+F0C9 "" */
    0x79, 0x99, 0x99, 0x99, 0x99, 0x99, 0x99, 0x95,
    0xff, 0xff, 0xff, 0xff, 0xff, 0xff, 0xff, 0xfc,
    0xdf, 0xff, 0xff, 0xff, 0xff, 0xff, 0xff, 0xfa,
    0x0, 0x0, 0x0, 0x0, 0x0, 0x0, 0x0, 0x0,
    0x0, 0x0, 0x0, 0x0, 0x0, 0x0, 0x0, 0x0,
    0x0, 0x0, 0x0, 0x0, 0x0, 0x0, 0x0, 0x0,
    0xef, 0xff, 0xff, 0xff, 0xff, 0xff, 0xff, 0xfa,
    0xff, 0xff, 0xff, 0xff, 0xff, 0xff, 0xff, 0xfb,
    0x68, 0x88, 0x88, 0x88, 0x88, 0x88, 0x88, 0x84,
    0x0, 0x0, 0x0, 0x0, 0x0, 0x0, 0x0, 0x0,
    0x0, 0x0, 0x0, 0x0, 0x0, 0x0, 0x0, 0x0,
    0x67, 0x77, 0x77, 0x77, 0x77, 0x77, 0x77, 0x74,
    0xff, 0xff, 0xff, 0xff, 0xff, 0xff, 0xff, 0xfb,
    0xef, 0xff, 0xff, 0xff, 0xff, 0xff, 0xff, 0xfa,
    0x0, 0x0, 0x0, 0x0, 0x0, 0x0, 0x0, 0x0,

    /* U+F0E0 "" */
    0x3, 0x44, 0x44, 0x44, 0x44, 0x44, 0x44, 0x44,
    0x30, 0xaf, 0xff, 0xff, 0xff, 0xff, 0xff, 0xff,
    0xff, 0xfa, 0xff, 0xff, 0xff, 0xff, 0xff, 0xff,
    0xff, 0xff, 0xff, 0xcf, 0xff, 0xff, 0xff, 0xff,
    0xff, 0xff, 0xff, 0xfc, 0xa, 0xff, 0xff, 0xff,
    0xff, 0xff, 0xff, 0xff, 0xa0, 0xa1, 0x6f, 0xff,
    0xff, 0xff, 0xff, 0xff, 0xf6, 0x3d, 0xfe, 0x42,
    0xdf, 0xff, 0xff, 0xff, 0xfd, 0x26, 0xff, 0xff,
    0xf9, 0x19, 0xff, 0xff, 0xff, 0x91, 0xbf, 0xff,
    0xff, 0xff, 0xd3, 0x5f, 0xff, 0xe5, 0x4e, 0xff,
    0xff, 0xff, 0xff, 0xff, 0x71, 0x99, 0x17, 0xff,
    0xff, 0xff, 0xff, 0xff, 0xff, 0xfd, 0x77, 0xdf,
    0xff, 0xff, 0xff, 0xff, 0xff, 0xff, 0xff, 0xff,
    0xff, 0xff, 0xff, 0xff, 0xff, 0xff, 0xff, 0xff,
    0xff, 0xff, 0xff, 0xff, 0xff, 0x7f, 0xff, 0xff,
    0xff, 0xff, 0xff, 0xff, 0xff, 0xf6,

    /* U+F0E7 "" */
    0x0, 0xaf, 0xff, 0xff, 0xa0, 0x0, 0x0, 0xf,
    0xff, 0xff, 0xfb, 0x0, 0x0, 0x1, 0xff, 0xff,
    0xff, 0x60, 0x0, 0x0, 0x3f, 0xff, 0xff, 0xf1,
    0x0, 0x0, 0x5, 0xff, 0xff, 0xfb, 0x0, 0x0,
    0x0, 0x8f, 0xff, 0xff, 0xa5, 0x55, 0x40, 0xa,
    0xff, 0xff, 0xff, 0xff, 0xff, 0x30, 0xcf, 0xff,
    0xff, 0xff, 0xff, 0xc0, 0xe, 0xff, 0xff, 0xff,
    0xff, 0xf3, 0x0, 0xef, 0xff, 0xff, 0xff, 0xfa,
    0x0, 0x1, 0x22, 0x23, 0xff, 0xff, 0x10, 0x0,
    0x0, 0x0, 0x4f, 0xff, 0x70, 0x0, 0x0, 0x0,
    0x8, 0xff, 0xe0, 0x0, 0x0, 0x0, 0x0, 0xcf,
    0xf5, 0x0, 0x0, 0x0, 0x0, 0xf, 0xfc, 0x0,
    0x0, 0x0, 0x0, 0x3, 0xff, 0x30, 0x0, 0x0,
    0x0, 0x0, 0x7f, 0x90, 0x0, 0x0, 0x0, 0x0,
    0x7, 0xe1, 0x0, 0x0, 0x0, 0x0, 0x0, 0x0,
    0x0, 0x0, 0x0, 0x0,

    /* U+F0EA "" */
    0x0, 0x0, 0x8d, 0x90, 0x0, 0x0, 0x0, 0x0,
    0x8b, 0xbc, 0xfa, 0xfd, 0xbb, 0x90, 0x0, 0x0,
    0xff, 0xff, 0xd0, 0xcf, 0xff, 0xf1, 0x0, 0x0,
    0xff, 0xff, 0xf8, 0xff, 0xff, 0xf1, 0x0, 0x0,
    0xff, 0xff, 0xff, 0xff, 0xff, 0xf1, 0x0, 0x0,
    0xff, 0xff, 0xf3, 0x0, 0x0, 0x0, 0x0, 0x0,
    0xff, 0xff, 0x95, 0xff, 0xff, 0xf1, 0x79, 0x0,
    0xff, 0xff, 0x88, 0xff, 0xff, 0xf1, 0x7f, 0xb0,
    0xff, 0xff, 0x88, 0xff, 0xff, 0xf1, 0x7f, 0xfa,
    0xff, 0xff, 0x88, 0xff, 0xff, 0xf2, 0x2, 0x21,
    0xff, 0xff, 0x88, 0xff, 0xff, 0xff, 0xdd, 0xdc,
    0xff, 0xff, 0x88, 0xff, 0xff, 0xff, 0xff, 0xfe,
    0xff, 0xff, 0x88, 0xff, 0xff, 0xff, 0xff, 0xfe,
    0xff, 0xff, 0x88, 0xff, 0xff, 0xff, 0xff, 0xfe,
    0x7a, 0xaa, 0x58, 0xff, 0xff, 0xff, 0xff, 0xfe,
    0x0, 0x0, 0x8, 0xff, 0xff, 0xff, 0xff, 0xfe,
    0x0, 0x0, 0x8, 0xff, 0xff, 0xff, 0xff, 0xfe,
    0x0, 0x0, 0x6, 0xff, 0xff, 0xff, 0xff, 0xfc,
    0x0, 0x0, 0x0, 0x0, 0x0, 0x0, 0x0, 0x0,

    /* U+F0F3 "" */
    0x0, 0x0, 0x0, 0x8, 0x60, 0x0, 0x0, 0x0,
    0x0, 0x0, 0x0, 0x3f, 0xf0, 0x0, 0x0, 0x0,
    0x0, 0x0, 0x6, 0xcf, 0xfa, 0x40, 0x0, 0x0,
    0x0, 0x1, 0xcf, 0xff, 0xff, 0xf9, 0x0, 0x0,
    0x0, 0xc, 0xff, 0xff, 0xff, 0xff, 0x80, 0x0,
    0x0, 0x5f, 0xff, 0xff, 0xff, 0xff, 0xf1, 0x0,
    0x0, 0x9f, 0xff, 0xff, 0xff, 0xff, 0xf5, 0x0,
    0x0, 0xbf, 0xff, 0xff, 0xff, 0xff, 0xf7, 0x0,
    0x0, 0xcf, 0xff, 0xff, 0xff, 0xff, 0xf8, 0x0,
    0x0, 0xef, 0xff, 0xff, 0xff, 0xff, 0xfa, 0x0,
    0x2, 0xff, 0xff, 0xff, 0xff, 0xff, 0xfe, 0x0,
    0x8, 0xff, 0xff, 0xff, 0xff, 0xff, 0xff, 0x40,
    0x3f, 0xff, 0xff, 0xff, 0xff, 0xff, 0xff, 0xd1,
    0xef, 0xff, 0xff, 0xff, 0xff, 0xff, 0xff, 0xfa,
    0xaf, 0xff, 0xff, 0xff, 0xff, 0xff, 0xff, 0xf7,
    0x0, 0x0, 0x0, 0x0, 0x0, 0x0, 0x0, 0x0,
    0x0, 0x0, 0x4, 0xff, 0xff, 0x0, 0x0, 0x0,
    0x0, 0x0, 0x0, 0xbf, 0xf7, 0x0, 0x0, 0x0,
    0x0, 0x0, 0x0, 0x2, 0x10, 0x0, 0x0, 0x0,

    /* U+F11C "" */
    0x4, 0x44, 0x44, 0x44, 0x44, 0x44, 0x44, 0x44,
    0x44, 0x41, 0xb, 0xff, 0xff, 0xff, 0xff, 0xff,
    0xff, 0xff, 0xff, 0xff, 0xe0, 0xff, 0xff, 0xff,
    0xff, 0xff, 0xff, 0xff, 0xff, 0xff, 0xff, 0x3f,
    0xf4, 0x4, 0xd0, 0x2f, 0x0, 0xf3, 0x3, 0xf0,
    0xf, 0xf4, 0xff, 0x40, 0x5d, 0x2, 0xf0, 0xf,
    0x40, 0x4f, 0x0, 0xff, 0x4f, 0xff, 0xff, 0xff,
    0xff, 0xff, 0xff, 0xff, 0xff, 0xff, 0xf4, 0xff,
    0xff, 0x22, 0xb7, 0x29, 0xa2, 0x4f, 0x42, 0xcf,
    0xff, 0x4f, 0xff, 0xf0, 0xa, 0x60, 0x79, 0x2,
    0xf2, 0xb, 0xff, 0xf4, 0xff, 0xff, 0xdd, 0xfe,
    0xdf, 0xfd, 0xef, 0xed, 0xff, 0xff, 0x4f, 0xf8,
    0x48, 0xe4, 0x44, 0x44, 0x44, 0x47, 0xf4, 0x5f,
    0xf4, 0xff, 0x40, 0x4d, 0x0, 0x0, 0x0, 0x0,
    0x3e, 0x0, 0xff, 0x4f, 0xf7, 0x48, 0xe4, 0x44,
    0x44, 0x44, 0x47, 0xf4, 0x4f, 0xf4, 0xff, 0xff,
    0xff, 0xff, 0xff, 0xff, 0xff, 0xff, 0xff, 0xff,
    0x37, 0xff, 0xff, 0xff, 0xff, 0xff, 0xff, 0xff,
    0xff, 0xff, 0xa0,

    /* U+F124 "" */
    0x0, 0x0, 0x0, 0x0, 0x0, 0x0, 0x0, 0x0,
    0x0, 0x0, 0x0, 0x0, 0x0, 0x0, 0x0, 0x0,
    0x0, 0x1, 0x8b, 0x30, 0x0, 0x0, 0x0, 0x0,
    0x0, 0x0, 0x2, 0xaf, 0xff, 0xd0, 0x0, 0x0,
    0x0, 0x0, 0x0, 0x3, 0xbf, 0xff, 0xff, 0xd0,
    0x0, 0x0, 0x0, 0x0, 0x5, 0xcf, 0xff, 0xff,
    0xff, 0x70, 0x0, 0x0, 0x0, 0x6, 0xdf, 0xff,
    0xff, 0xff, 0xfe, 0x0, 0x0, 0x0, 0x17, 0xef,
    0xff, 0xff, 0xff, 0xff, 0xf8, 0x0, 0x0, 0x29,
    0xff, 0xff, 0xff, 0xff, 0xff, 0xff, 0xf1, 0x0,
    0x7, 0xff, 0xff, 0xff, 0xff, 0xff, 0xff, 0xff,
    0x90, 0x0, 0xf, 0xff, 0xff, 0xff, 0xff, 0xff,
    0xff, 0xff, 0x20, 0x0, 0xb, 0xff, 0xff, 0xff,
    0xff, 0xff, 0xff, 0xfb, 0x0, 0x0, 0x0, 0x56,
    0x66, 0x66, 0x7f, 0xff, 0xff, 0xf3, 0x0, 0x0,
    0x0, 0x0, 0x0, 0x0, 0x2f, 0xff, 0xff, 0xc0,
    0x0, 0x0, 0x0, 0x0, 0x0, 0x0, 0x2f, 0xff,
    0xff, 0x50, 0x0, 0x0, 0x0, 0x0, 0x0, 0x0,
    0x2f, 0xff, 0xfd, 0x0, 0x0, 0x0, 0x0, 0x0,
    0x0, 0x0, 0x2f, 0xff, 0xf6, 0x0, 0x0, 0x0,
    0x0, 0x0, 0x0, 0x0, 0x2f, 0xff, 0xe0, 0x0,
    0x0, 0x0, 0x0, 0x0, 0x0, 0x0, 0x1f, 0xff,
    0x70, 0x0, 0x0, 0x0, 0x0, 0x0, 0x0, 0x0,
    0xc, 0xfd, 0x0, 0x0, 0x0, 0x0, 0x0, 0x0,
    0x0, 0x0, 0x0, 0x30, 0x0, 0x0, 0x0, 0x0,

    /* U+F15B "" */
    0x58, 0x88, 0x88, 0x87, 0x6, 0x0, 0x0, 0xff,
    0xff, 0xff, 0xfe, 0xf, 0x90, 0x0, 0xff, 0xff,
    0xff, 0xfe, 0xf, 0xf9, 0x0, 0xff, 0xff, 0xff,
    0xfe, 0xf, 0xff, 0x90, 0xff, 0xff, 0xff, 0xfe,
    0xf, 0xff, 0xf5, 0xff, 0xff, 0xff, 0xff, 0x32,
    0x22, 0x21, 0xff, 0xff, 0xff, 0xff, 0xff, 0xff,
    0xf8, 0xff, 0xff, 0xff, 0xff, 0xff, 0xff, 0xf8,
    0xff, 0xff, 0xff, 0xff, 0xff, 0xff, 0xf8, 0xff,
    0xff, 0xff, 0xff, 0xff, 0xff, 0xf8, 0xff, 0xff,
    0xff, 0xff, 0xff, 0xff, 0xf8, 0xff, 0xff, 0xff,
    0xff, 0xff, 0xff, 0xf8, 0xff, 0xff, 0xff, 0xff,
    0xff, 0xff, 0xf8, 0xff, 0xff, 0xff, 0xff, 0xff,
    0xff, 0xf8, 0xff, 0xff, 0xff, 0xff, 0xff, 0xff,
    0xf8, 0xff, 0xff, 0xff, 0xff, 0xff, 0xff, 0xf8,
    0xff, 0xff, 0xff, 0xff, 0xff, 0xff, 0xf8, 0xef,
    0xff, 0xff, 0xff, 0xff, 0xff, 0xf6, 0x14, 0x44,
    0x44, 0x44, 0x44, 0x44, 0x30,

    /* U+F1EB "" */
    0x0, 0x0, 0x0, 0x0, 0x0, 0x0, 0x0, 0x0,
    0x0, 0x0, 0x0, 0x0, 0x0, 0x0, 0x0, 0x36,
    0x89, 0xa9, 0x74, 0x10, 0x0, 0x0, 0x0, 0x0,
    0x0, 0x29, 0xef, 0xff, 0xff, 0xff, 0xff, 0xc6,
    0x0, 0x0, 0x0, 0x1, 0xaf, 0xff, 0xff, 0xff,
    0xff, 0xff, 0xff, 0xfe, 0x60, 0x0, 0x6, 0xff,
    0xff, 0xfc, 0x75, 0x43, 0x46, 0x9e, 0xff, 0xff,
    0xb1, 0x8, 0xff, 0xfe, 0x71, 0x0, 0x0, 0x0,
    0x0, 0x3, 0xcf, 0xff, 0xe2, 0xcf, 0xfa, 0x10,
    0x0, 0x0, 0x0, 0x0, 0x0, 0x0, 0x4e, 0xff,
    0x40, 0xb6, 0x0, 0x0, 0x59, 0xde, 0xfe, 0xc7,
    0x20, 0x0, 0x1b, 0x50, 0x0, 0x0, 0x5, 0xdf,
    0xff, 0xff, 0xff, 0xff, 0xa1, 0x0, 0x0, 0x0,
    0x0, 0x9, 0xff, 0xff, 0xfe, 0xde, 0xff, 0xff,
    0xe3, 0x0, 0x0, 0x0, 0x0, 0xdf, 0xfc, 0x40,
    0x0, 0x2, 0x8f, 0xff, 0x50, 0x0, 0x0, 0x0,
    0x1, 0xb6, 0x0, 0x0, 0x0, 0x0, 0x1b, 0x60,
    0x0, 0x0, 0x0, 0x0, 0x0, 0x0, 0x0, 0x35,
    0x0, 0x0, 0x0, 0x0, 0x0, 0x0, 0x0, 0x0,
    0x0, 0x0, 0x7f, 0xfe, 0x10, 0x0, 0x0, 0x0,
    0x0, 0x0, 0x0, 0x0, 0x0, 0xe, 0xff, 0xf6,
    0x0, 0x0, 0x0, 0x0, 0x0, 0x0, 0x0, 0x0,
    0x0, 0xdf, 0xff, 0x50, 0x0, 0x0, 0x0, 0x0,
    0x0, 0x0, 0x0, 0x0, 0x4, 0xff, 0xb0, 0x0,
    0x0, 0x0, 0x0, 0x0, 0x0, 0x0, 0x0, 0x0,
    0x0, 0x10, 0x0, 0x0, 0x0, 0x0, 0x0,

    /* U+F240 "" */
    0x4, 0x44, 0x44, 0x44, 0x44, 0x44, 0x44, 0x44,
    0x44, 0x44, 0x10, 0xa, 0xff, 0xff, 0xff, 0xff,
    0xff, 0xff, 0xff, 0xff, 0xff, 0xfe, 0x10, 0xff,
    0xff, 0xff, 0xff, 0xff, 0xff, 0xff, 0xff, 0xff,
    0xff, 0xf5, 0xf, 0xf4, 0x0, 0x0, 0x0, 0x0,
    0x0, 0x0, 0x0, 0x0, 0xff, 0xf3, 0xff, 0x4a,
    0xff, 0xff, 0xff, 0xff, 0xff, 0xff, 0xff, 0xf,
    0xff, 0x5f, 0xf4, 0xaf, 0xff, 0xff, 0xff, 0xff,
    0xff, 0xff, 0xf0, 0x3f, 0xf5, 0xff, 0x4a, 0xff,
    0xff, 0xff, 0xff, 0xff, 0xff, 0xff, 0x0, 0xef,
    0x5f, 0xf4, 0xaf, 0xff, 0xff, 0xff, 0xff, 0xff,
    0xff, 0xf0, 0x8f, 0xf5, 0xff, 0x45, 0x88, 0x88,
    0x88, 0x88, 0x88, 0x88, 0x88, 0xf, 0xff, 0x5f,
    0xf7, 0x44, 0x44, 0x44, 0x44, 0x44, 0x44, 0x44,
    0x45, 0xff, 0xc1, 0xff, 0xff, 0xff, 0xff, 0xff,
    0xff, 0xff, 0xff, 0xff, 0xff, 0xf5, 0x6, 0xef,
    0xff, 0xff, 0xff, 0xff, 0xff, 0xff, 0xff, 0xff,
    0xfb, 0x0,

    /* U+F241 "" */
    0x4, 0x44, 0x44, 0x44, 0x44, 0x44, 0x44, 0x44,
    0x44, 0x44, 0x10, 0xa, 0xff, 0xff, 0xff, 0xff,
    0xff, 0xff, 0xff, 0xff, 0xff, 0xfe, 0x10, 0xff,
    0xff, 0xff, 0xff, 0xff, 0xff, 0xff, 0xff, 0xff,
    0xff, 0xf5, 0xf, 0xf4, 0x0, 0x0, 0x0, 0x0,
    0x0, 0x0, 0x0, 0x0, 0xff, 0xf3, 0xff, 0x4d,
    0xff, 0xff, 0xff, 0xff, 0xff, 0x60, 0x0, 0xf,
    0xff, 0x5f, 0xf4, 0xdf, 0xff, 0xff, 0xff, 0xff,
    0xf6, 0x0, 0x0, 0x3f, 0xf5, 0xff, 0x4d, 0xff,
    0xff, 0xff, 0xff, 0xff, 0x60, 0x0, 0x0, 0xef,
    0x5f, 0xf4, 0xdf, 0xff, 0xff, 0xff, 0xff, 0xf6,
    0x0, 0x0, 0x8f, 0xf5, 0xff, 0x46, 0x88, 0x88,
    0x88, 0x88, 0x88, 0x30, 0x0, 0xf, 0xff, 0x5f,
    0xf7, 0x44, 0x44, 0x44, 0x44, 0x44, 0x44, 0x44,
    0x45, 0xff, 0xc1, 0xff, 0xff, 0xff, 0xff, 0xff,
    0xff, 0xff, 0xff, 0xff, 0xff, 0xf5, 0x6, 0xef,
    0xff, 0xff, 0xff, 0xff, 0xff, 0xff, 0xff, 0xff,
    0xfb, 0x0,

    /* U+F242 "" */
    0x4, 0x44, 0x44, 0x44, 0x44, 0x44, 0x44, 0x44,
    0x44, 0x44, 0x10, 0xa, 0xff, 0xff, 0xff, 0xff,
    0xff, 0xff, 0xff, 0xff, 0xff, 0xfe, 0x10, 0xff,
    0xff, 0xff, 0xff, 0xff, 0xff, 0xff, 0xff, 0xff,
    0xff, 0xf5, 0xf, 0xf4, 0x0, 0x0, 0x0, 0x0,
    0x0, 0x0, 0x0, 0x0, 0xff, 0xf3, 0xff, 0x4c,
    0xff, 0xff, 0xff, 0xf1, 0x0, 0x0, 0x0, 0xf,
    0xff, 0x5f, 0xf4, 0xcf, 0xff, 0xff, 0xff, 0x10,
    0x0, 0x0, 0x0, 0x3f, 0xf5, 0xff, 0x4c, 0xff,
    0xff, 0xff, 0xf1, 0x0, 0x0, 0x0, 0x0, 0xef,
    0x5f, 0xf4, 0xcf, 0xff, 0xff, 0xff, 0x10, 0x0,
    0x0, 0x0, 0x8f, 0xf5, 0xff, 0x46, 0x88, 0x88,
    0x88, 0x80, 0x0, 0x0, 0x0, 0xf, 0xff, 0x5f,
    0xf7, 0x44, 0x44, 0x44, 0x44, 0x44, 0x44, 0x44,
    0x45, 0xff, 0xc1, 0xff, 0xff, 0xff, 0xff, 0xff,
    0xff, 0xff, 0xff, 0xff, 0xff, 0xf5, 0x6, 0xef,
    0xff, 0xff, 0xff, 0xff, 0xff, 0xff, 0xff, 0xff,
    0xfb, 0x0,

    /* U+F243 "" */
    0x4, 0x44, 0x44, 0x44, 0x44, 0x44, 0x44, 0x44,
    0x44, 0x44, 0x10, 0xa, 0xff, 0xff, 0xff, 0xff,
    0xff, 0xff, 0xff, 0xff, 0xff, 0xfe, 0x10, 0xff,
    0xff, 0xff, 0xff, 0xff, 0xff, 0xff, 0xff, 0xff,
    0xff, 0xf5, 0xf, 0xf4, 0x0, 0x0, 0x0, 0x0,
    0x0, 0x0, 0x0, 0x0, 0xff, 0xf3, 0xff, 0x49,
    0xff, 0xfe, 0x0, 0x0, 0x0, 0x0, 0x0, 0xf,
    0xff, 0x5f, 0xf4, 0x9f, 0xff, 0xe0, 0x0, 0x0,
    0x0, 0x0, 0x0, 0x3f, 0xf5, 0xff, 0x49, 0xff,
    0xfe, 0x0, 0x0, 0x0, 0x0, 0x0, 0x0, 0xef,
    0x5f, 0xf4, 0x9f, 0xff, 0xe0, 0x0, 0x0, 0x0,
    0x0, 0x0, 0x8f, 0xf5, 0xff, 0x44, 0x88, 0x87,
    0x0, 0x0, 0x0, 0x0, 0x0, 0xf, 0xff, 0x5f,
    0xf7, 0x44, 0x44, 0x44, 0x44, 0x44, 0x44, 0x44,
    0x45, 0xff, 0xc1, 0xff, 0xff, 0xff, 0xff, 0xff,
    0xff, 0xff, 0xff, 0xff, 0xff, 0xf5, 0x6, 0xef,
    0xff, 0xff, 0xff, 0xff, 0xff, 0xff, 0xff, 0xff,
    0xfb, 0x0,

    /* U+F244 "" */
    0x4, 0x44, 0x44, 0x44, 0x44, 0x44, 0x44, 0x44,
    0x44, 0x44, 0x10, 0xa, 0xff, 0xff, 0xff, 0xff,
    0xff, 0xff, 0xff, 0xff, 0xff, 0xfe, 0x10, 0xff,
    0xff, 0xff, 0xff, 0xff, 0xff, 0xff, 0xff, 0xff,
    0xff, 0xf5, 0xf, 0xf4, 0x0, 0x0, 0x0, 0x0,
    0x0, 0x0, 0x0, 0x0, 0xff, 0xf3, 0xff, 0x40,
    0x0, 0x0, 0x0, 0x0, 0x0, 0x0, 0x0, 0xf,
    0xff, 0x5f, 0xf4, 0x0, 0x0, 0x0, 0x0, 0x0,
    0x0, 0x0, 0x0, 0x3f, 0xf5, 0xff, 0x40, 0x0,
    0x0, 0x0, 0x0, 0x0, 0x0, 0x0, 0x0, 0xef,
    0x5f, 0xf4, 0x0, 0x0, 0x0, 0x0, 0x0, 0x0,
    0x0, 0x0, 0x8f, 0xf5, 0xff, 0x40, 0x0, 0x0,
    0x0, 0x0, 0x0, 0x0, 0x0, 0xf, 0xff, 0x5f,
    0xf7, 0x44, 0x44, 0x44, 0x44, 0x44, 0x44, 0x44,
    0x45, 0xff, 0xc1, 0xff, 0xff, 0xff, 0xff, 0xff,
    0xff, 0xff, 0xff, 0xff, 0xff, 0xf5, 0x6, 0xef,
    0xff, 0xff, 0xff, 0xff, 0xff, 0xff, 0xff, 0xff,
    0xfb, 0x0,

    /* U+F287 "" */
    0x0, 0x0, 0x0, 0x0, 0x0, 0x0, 0x78, 0x10,
    0x0, 0x0, 0x0, 0x0, 0x0, 0x0, 0x0, 0x0,
    0x26, 0x9f, 0xfd, 0x0, 0x0, 0x0, 0x0, 0x0,
    0x0, 0x0, 0x0, 0x4f, 0xef, 0xff, 0xf0, 0x0,
    0x0, 0x0, 0x0, 0x0, 0x0, 0x0, 0xe, 0x80,
    0x2e, 0xf7, 0x0, 0x0, 0x0, 0x0, 0x0, 0x20,
    0x0, 0x6, 0xe0, 0x0, 0x0, 0x0, 0x0, 0x0,
    0x0, 0x3, 0xef, 0xe3, 0x0, 0xd7, 0x0, 0x0,
    0x0, 0x0, 0x2, 0xa1, 0x0, 0xcf, 0xff, 0xd4,
    0x9f, 0x55, 0x55, 0x55, 0x55, 0x55, 0x7f, 0xf7,
    0xf, 0xff, 0xff, 0xff, 0xff, 0xff, 0xff, 0xff,
    0xff, 0xff, 0xff, 0xf5, 0xaf, 0xff, 0xa0, 0x0,
    0xb, 0xb0, 0x0, 0x0, 0x0, 0x3f, 0xb2, 0x0,
    0x9c, 0x90, 0x0, 0x0, 0x3f, 0x30, 0x0, 0x0,
    0x1, 0x50, 0x0, 0x0, 0x0, 0x0, 0x0, 0x0,
    0xbb, 0x2, 0xbb, 0xb5, 0x0, 0x0, 0x0, 0x0,
    0x0, 0x0, 0x0, 0x2, 0xf9, 0x9f, 0xff, 0x80,
    0x0, 0x0, 0x0, 0x0, 0x0, 0x0, 0x0, 0x3,
    0xbd, 0xff, 0xf8, 0x0, 0x0, 0x0, 0x0, 0x0,
    0x0, 0x0, 0x0, 0x0, 0x3f, 0xff, 0x80, 0x0,
    0x0, 0x0, 0x0, 0x0, 0x0, 0x0, 0x0, 0x0,
    0x0, 0x0, 0x0, 0x0, 0x0,

    /* U+F293 "" */
    0x0, 0x1, 0x7b, 0xdd, 0xb8, 0x20, 0x0, 0x0,
    0x5f, 0xff, 0xdf, 0xff, 0xf6, 0x0, 0x4, 0xff,
    0xff, 0x68, 0xff, 0xff, 0x40, 0xe, 0xff, 0xff,
    0x60, 0x8f, 0xff, 0xd0, 0x4f, 0xff, 0xff, 0x60,
    0x9, 0xff, 0xf3, 0x8f, 0xf6, 0xbf, 0x61, 0xc0,
    0x9f, 0xf7, 0xbf, 0xf6, 0xb, 0x60, 0xe2, 0x5f,
    0xf9, 0xdf, 0xff, 0x50, 0x20, 0x33, 0xff, 0xfb,
    0xef, 0xff, 0xf5, 0x0, 0x2e, 0xff, 0xfc, 0xef,
    0xff, 0xfc, 0x0, 0x7f, 0xff, 0xfc, 0xdf, 0xff,
    0xd1, 0x0, 0x9, 0xff, 0xfc, 0xcf, 0xfc, 0x13,
    0x50, 0x90, 0xaf, 0xfb, 0xaf, 0xf2, 0x4f, 0x60,
    0xf3, 0x2f, 0xf9, 0x6f, 0xfd, 0xff, 0x70, 0x52,
    0xef, 0xf6, 0x1f, 0xff, 0xff, 0x70, 0x2e, 0xff,
    0xf1, 0x9, 0xff, 0xff, 0x72, 0xef, 0xff, 0x90,
    0x0, 0xbf, 0xff, 0xae, 0xff, 0xfd, 0x10, 0x0,
    0x5, 0xcf, 0xff, 0xfd, 0x80, 0x0, 0x0, 0x0,
    0x0, 0x11, 0x0, 0x0, 0x0,

    /* U+F2ED "" */
    0x0, 0x0, 0x5, 0x88, 0x88, 0x30, 0x0, 0x0,
    0x56, 0x66, 0x7f, 0xff, 0xff, 0xe6, 0x66, 0x63,
    0xff, 0xff, 0xff, 0xff, 0xff, 0xff, 0xff, 0xfb,
    0xcd, 0xdd, 0xdd, 0xdd, 0xdd, 0xdd, 0xdd, 0xd8,
    0x3, 0x44, 0x44, 0x44, 0x44, 0x44, 0x44, 0x20,
    0xe, 0xff, 0xff, 0xff, 0xff, 0xff, 0xff, 0xa0,
    0xe, 0xff, 0xff, 0xff, 0xff, 0xff, 0xff, 0xa0,
    0xe, 0xff, 0x1f, 0xf6, 0xaf, 0xc4, 0xff, 0xa0,
    0xe, 0xff, 0xf, 0xf5, 0x9f, 0xb3, 0xff, 0xa0,
    0xe, 0xff, 0xf, 0xf5, 0x9f, 0xb3, 0xff, 0xa0,
    0xe, 0xff, 0xf, 0xf5, 0x9f, 0xb3, 0xff, 0xa0,
    0xe, 0xff, 0xf, 0xf5, 0x9f, 0xb3, 0xff, 0xa0,
    0xe, 0xff, 0xf, 0xf5, 0x9f, 0xb3, 0xff, 0xa0,
    0xe, 0xff, 0xf, 0xf5, 0x9f, 0xb3, 0xff, 0xa0,
    0xe, 0xff, 0xf, 0xf5, 0x9f, 0xb3, 0xff, 0xa0,
    0xe, 0xff, 0x1f, 0xf6, 0xaf, 0xc4, 0xff, 0xa0,
    0xd, 0xff, 0xff, 0xff, 0xff, 0xff, 0xff, 0x90,
    0x8, 0xff, 0xff, 0xff, 0xff, 0xff, 0xff, 0x40,
    0x0, 0x24, 0x44, 0x44, 0x44, 0x44, 0x31, 0x0,

    /* U+F304 "" */
    0x0, 0x0, 0x0, 0x0, 0x0, 0x0, 0x0, 0x8a,
    0x30, 0x0, 0x0, 0x0, 0x0, 0x0, 0x0, 0x0,
    0xbf, 0xff, 0x30, 0x0, 0x0, 0x0, 0x0, 0x0,
    0x0, 0xbf, 0xff, 0xff, 0x30, 0x0, 0x0, 0x0,
    0x0, 0x0, 0x34, 0xff, 0xff, 0xfd, 0x0, 0x0,
    0x0, 0x0, 0x0, 0xbf, 0x44, 0xff, 0xff, 0xe0,
    0x0, 0x0, 0x0, 0x0, 0xbf, 0xff, 0x44, 0xff,
    0xf4, 0x0, 0x0, 0x0, 0x0, 0xbf, 0xff, 0xff,
    0x44, 0xf4, 0x0, 0x0, 0x0, 0x0, 0xbf, 0xff,
    0xff, 0xff, 0x41, 0x0, 0x0, 0x0, 0x0, 0xbf,
    0xff, 0xff, 0xff, 0xf4, 0x0, 0x0, 0x0, 0x0,
    0xbf, 0xff, 0xff, 0xff, 0xf4, 0x0, 0x0, 0x0,
    0x0, 0xbf, 0xff, 0xff, 0xff, 0xf4, 0x0, 0x0,
    0x0, 0x0, 0xbf, 0xff, 0xff, 0xff, 0xf4, 0x0,
    0x0, 0x0, 0x0, 0xbf, 0xff, 0xff, 0xff, 0xf4,
    0x0, 0x0, 0x0, 0x0, 0x8f, 0xff, 0xff, 0xff,
    0xf4, 0x0, 0x0, 0x0, 0x0, 0xa, 0xff, 0xff,
    0xff, 0xf4, 0x0, 0x0, 0x0, 0x0, 0x0, 0xcf,
    0xff, 0xff, 0xf4, 0x0, 0x0, 0x0, 0x0, 0x0,
    0xe, 0xff, 0xff, 0xf4, 0x0, 0x0, 0x0, 0x0,
    0x0, 0x0, 0xff, 0xff, 0xd4, 0x0, 0x0, 0x0,
    0x0, 0x0, 0x0, 0x2, 0x31, 0x0, 0x0, 0x0,
    0x0, 0x0, 0x0, 0x0, 0x0,

    /* U+F55A "" */
    0x0, 0x0, 0x0, 0x57, 0x88, 0x88, 0x88, 0x88,
    0x88, 0x88, 0x72, 0x0, 0x0, 0x0, 0xaf, 0xff,
    0xff, 0xff, 0xff, 0xff, 0xff, 0xff, 0xf2, 0x0,
    0x0, 0xbf, 0xff, 0xff, 0xff, 0xff, 0xff, 0xff,
    0xff, 0xff, 0x70, 0x0, 0xbf, 0xff, 0xff, 0xf8,
    0xaf, 0xff, 0xa8, 0xff, 0xff, 0xf8, 0x0, 0xbf,
    0xff, 0xff, 0xfa, 0x0, 0xaf, 0xa0, 0xa, 0xff,
    0xff, 0x80, 0xbf, 0xff, 0xff, 0xff, 0xf3, 0x0,
    0x60, 0x3, 0xff, 0xff, 0xf8, 0xaf, 0xff, 0xff,
    0xff, 0xff, 0xf3, 0x0, 0x3, 0xff, 0xff, 0xff,
    0x8e, 0xff, 0xff, 0xff, 0xff, 0xff, 0x90, 0x0,
    0x9f, 0xff, 0xff, 0xf8, 0x4f, 0xff, 0xff, 0xff,
    0xff, 0xa0, 0x0, 0x0, 0xaf, 0xff, 0xff, 0x80,
    0x4f, 0xff, 0xff, 0xff, 0xb0, 0x3, 0xe3, 0x0,
    0xbf, 0xff, 0xf8, 0x0, 0x4f, 0xff, 0xff, 0xfe,
    0x13, 0xff, 0xf3, 0x1e, 0xff, 0xff, 0x80, 0x0,
    0x4f, 0xff, 0xff, 0xfe, 0xff, 0xff, 0xfe, 0xff,
    0xff, 0xf7, 0x0, 0x0, 0x4f, 0xff, 0xff, 0xff,
    0xff, 0xff, 0xff, 0xff, 0xff, 0x50, 0x0, 0x0,
    0x3d, 0xff, 0xff, 0xff, 0xff, 0xff, 0xff, 0xff,
    0x90,

    /* U+F7C2 "" */
    0x0, 0x1, 0xcf, 0xff, 0xff, 0xfe, 0x60, 0x0,
    0x1c, 0xff, 0xff, 0xff, 0xff, 0xf2, 0x0, 0xcf,
    0x47, 0xf4, 0xd8, 0x4f, 0xf5, 0xc, 0xff, 0x3,
    0xe0, 0xc5, 0xe, 0xf5, 0xcf, 0xff, 0x3, 0xe0,
    0xc5, 0xe, 0xf5, 0xff, 0xff, 0x24, 0xe2, 0xc6,
    0x2e, 0xf5, 0xff, 0xff, 0xff, 0xff, 0xff, 0xff,
    0xf5, 0xff, 0xff, 0xff, 0xff, 0xff, 0xff, 0xf5,
    0xff, 0xff, 0xff, 0xff, 0xff, 0xff, 0xf5, 0xff,
    0xff, 0xff, 0xff, 0xff, 0xff, 0xf5, 0xff, 0xff,
    0xff, 0xff, 0xff, 0xff, 0xf5, 0xff, 0xff, 0xff,
    0xff, 0xff, 0xff, 0xf5, 0xff, 0xff, 0xff, 0xff,
    0xff, 0xff, 0xf5, 0xff, 0xff, 0xff, 0xff, 0xff,
    0xff, 0xf5, 0xff, 0xff, 0xff, 0xff, 0xff, 0xff,
    0xf5, 0xff, 0xff, 0xff, 0xff, 0xff, 0xff, 0xf5,
    0xef, 0xff, 0xff, 0xff, 0xff, 0xff, 0xf3, 0x5f,
    0xff, 0xff, 0xff, 0xff, 0xff, 0xa0, 0x1, 0x34,
    0x44, 0x44, 0x44, 0x42, 0x0,

    /* U+F8A2 "" */
    0x0, 0x0, 0x0, 0x0, 0x0, 0x0, 0x0, 0x0,
    0x3, 0x0, 0x0, 0x0, 0x0, 0x0, 0x0, 0x0,
    0x0, 0x5, 0xf1, 0x0, 0x0, 0x0, 0x0, 0x0,
    0x0, 0x0, 0x5, 0xff, 0x10, 0x0, 0x3e, 0x90,
    0x0, 0x0, 0x0, 0x0, 0xbf, 0xf1, 0x0, 0x4f,
    0xfb, 0x0, 0x0, 0x0, 0x0, 0xb, 0xff, 0x10,
    0x5f, 0xff, 0xb0, 0x0, 0x0, 0x0, 0x0, 0xbf,
    0xf1, 0x6f, 0xff, 0xff, 0xff, 0xff, 0xff, 0xff,
    0xff, 0xff, 0x1d, 0xff, 0xff, 0xff, 0xff, 0xff,
    0xff, 0xff, 0xff, 0xf1, 0x3e, 0xff, 0xfe, 0xcc,
    0xcc, 0xcc, 0xcc, 0xcc, 0xca, 0x0, 0x2e, 0xff,
    0xb0, 0x0, 0x0, 0x0, 0x0, 0x0, 0x0, 0x0,
    0x1d, 0xfb, 0x0, 0x0, 0x0, 0x0, 0x0, 0x0,
    0x0, 0x0, 0x1b, 0x60, 0x0, 0x0, 0x0, 0x0,
    0x0, 0x0
};


/*---------------------
 *  GLYPH DESCRIPTION
 *--------------------*/

static const lv_font_fmt_txt_glyph_dsc_t glyph_dsc[] = {
    {.bitmap_index = 0, .adv_w = 0, .box_w = 0, .box_h = 0, .ofs_x = 0, .ofs_y = 0} /* id = 0 reserved */,
    {.bitmap_index = 0, .adv_w = 60, .box_w = 0, .box_h = 0, .ofs_x = 0, .ofs_y = 0},
    {.bitmap_index = 0, .adv_w = 75, .box_w = 3, .box_h = 13, .ofs_x = 1, .ofs_y = 0},
    {.bitmap_index = 20, .adv_w = 115, .box_w = 5, .box_h = 5, .ofs_x = 1, .ofs_y = 8},
    {.bitmap_index = 33, .adv_w = 184, .box_w = 11, .box_h = 13, .ofs_x = 0, .ofs_y = 0},
    {.bitmap_index = 105, .adv_w = 169, .box_w = 9, .box_h = 17, .ofs_x = 1, .ofs_y = -2},
    {.bitmap_index = 182, .adv_w = 190, .box_w = 11, .box_h = 13, .ofs_x = 0, .ofs_y = 0},
    {.bitmap_index = 254, .adv_w = 190, .box_w = 11, .box_h = 13, .ofs_x = 1, .ofs_y = 0},
    {.bitmap_index = 326, .adv_w = 68, .box_w = 3, .box_h = 5, .ofs_x = 1, .ofs_y = 8},
    {.bitmap_index = 334, .adv_w = 87, .box_w = 5, .box_h = 17, .ofs_x = 0, .ofs_y = -3},
    {.bitmap_index = 377, .adv_w = 87, .box_w = 5, .box_h = 17, .ofs_x = 0, .ofs_y = -3},
    {.bitmap_index = 420, .adv_w = 141, .box_w = 8, .box_h = 8, .ofs_x = 0, .ofs_y = 6},
    {.bitmap_index = 452, .adv_w = 156, .box_w = 8, .box_h = 9, .ofs_x = 1, .ofs_y = 1},
    {.bitmap_index = 488, .adv_w = 79, .box_w = 3, .box_h = 6, .ofs_x = 1, .ofs_y = -3},
    {.bitmap_index = 497, .adv_w = 133, .box_w = 7, .box_h = 2, .ofs_x = 1, .ofs_y = 4},
    {.bitmap_index = 504, .adv_w = 84, .box_w = 3, .box_h = 3, .ofs_x = 1, .ofs_y = 0},
    {.bitmap_index = 509, .adv_w = 112, .box_w = 7, .box_h = 15, .ofs_x = 0, .ofs_y = -1},
    {.bitmap_index = 562, .adv_w = 189, .box_w = 11, .box_h = 13, .ofs_x = 0, .ofs_y = 0},
    {.bitmap_index = 634, .adv_w = 100, .box_w = 5, .box_h = 13, .ofs_x = 0, .ofs_y = 0},
    {.bitmap_index = 667, .adv_w = 156, .box_w = 9, .box_h = 13, .ofs_x = 0, .ofs_y = 0},
    {.bitmap_index = 726, .adv_w = 155, .box_w = 9, .box_h = 13, .ofs_x = 0, .ofs_y = 0},
    {.bitmap_index = 785, .adv_w = 172, .box_w = 11, .box_h = 13, .ofs_x = 0, .ofs_y = 0},
    {.bitmap_index = 857, .adv_w = 156, .box_w = 9, .box_h = 13, .ofs_x = 0, .ofs_y = 0},
    {.bitmap_index = 916, .adv_w = 162, .box_w = 10, .box_h = 13, .ofs_x = 0, .ofs_y = 0},
    {.bitmap_index = 981, .adv_w = 151, .box_w = 9, .box_h = 13, .ofs_x = 0, .ofs_y = 0},
    {.bitmap_index = 1040, .adv_w = 158, .box_w = 10, .box_h = 13, .ofs_x = 0, .ofs_y = 0},
    {.bitmap_index = 1105, .adv_w = 162, .box_w = 10, .box_h = 13, .ofs_x = 0, .ofs_y = 0},
    {.bitmap_index = 1170, .adv_w = 78, .box_w = 3, .box_h = 8, .ofs_x = 1, .ofs_y = 0},
    {.bitmap_index = 1182, .adv_w = 77, .box_w = 3, .box_h = 11, .ofs_x = 1, .ofs_y = -3},
    {.bitmap_index = 1199, .adv_w = 156, .box_w = 8, .box_h = 9, .ofs_x = 1, .ofs_y = 2},
    {.bitmap_index = 1235, .adv_w = 156, .box_w = 8, .box_h = 6, .ofs_x = 1, .ofs_y = 3},
    {.bitmap_index = 1259, .adv_w = 156, .box_w = 8, .box_h = 9, .ofs_x = 1, .ofs_y = 2},
    {.bitmap_index = 1295, .adv_w = 145, .box_w = 9, .box_h = 14, .ofs_x = 0, .ofs_y = 0},
    {.bitmap_index = 1358, .adv_w = 216, .box_w = 13, .box_h = 14, .ofs_x = 0, .ofs_y = -2},
    {.bitmap_index = 1449, .adv_w = 200, .box_w = 12, .box_h = 13, .ofs_x = 0, .ofs_y = 0},
    {.bitmap_index = 1527, .adv_w = 179, .box_w = 10, .box_h = 13, .ofs_x = 1, .ofs_y = 0},
    {.bitmap_index = 1592, .adv_w = 198, .box_w = 12, .box_h = 13, .ofs_x = 0, .ofs_y = 0},
    {.bitmap_index = 1670, .adv_w = 213, .box_w = 12, .box_h = 13, .ofs_x = 1, .ofs_y = 0},
    {.bitmap_index = 1748, .adv_w = 170, .box_w = 9, .box_h = 13, .ofs_x = 1, .ofs_y = 0},
    {.bitmap_index = 1807, .adv_w = 163, .box_w = 9, .box_h = 13, .ofs_x = 1, .ofs_y = 0},
    {.bitmap_index = 1866, .adv_w = 223, .box_w = 14, .box_h = 13, .ofs_x = 0, .ofs_y = 0},
    {.bitmap_index = 1957, .adv_w = 203, .box_w = 11, .box_h = 13, .ofs_x = 1, .ofs_y = 0},
    {.bitmap_index = 2029, .adv_w = 74, .box_w = 3, .box_h = 13, .ofs_x = 1, .ofs_y = 0},
    {.bitmap_index = 2049, .adv_w = 143, .box_w = 8, .box_h = 13, .ofs_x = 0, .ofs_y = 0},
    {.bitmap_index = 2101, .adv_w = 192, .box_w = 11, .box_h = 13, .ofs_x = 1, .ofs_y = 0},
    {.bitmap_index = 2173, .adv_w = 159, .box_w = 9, .box_h = 13, .ofs_x = 1, .ofs_y = 0},
    {.bitmap_index = 2232, .adv_w = 242, .box_w = 13, .box_h = 13, .ofs_x = 1, .ofs_y = 0},
    {.bitmap_index = 2317, .adv_w = 204, .box_w = 11, .box_h = 13, .ofs_x = 1, .ofs_y = 0},
    {.bitmap_index = 2389, .adv_w = 229, .box_w = 14, .box_h = 13, .ofs_x = 0, .ofs_y = 0},
    {.bitmap_index = 2480, .adv_w = 175, .box_w = 10, .box_h = 13, .ofs_x = 1, .ofs_y = 0},
    {.bitmap_index = 2545, .adv_w = 235, .box_w = 15, .box_h = 14, .ofs_x = 0, .ofs_y = -1},
    {.bitmap_index = 2650, .adv_w = 181, .box_w = 10, .box_h = 13, .ofs_x = 1, .ofs_y = 0},
    {.bitmap_index = 2715, .adv_w = 160, .box_w = 10, .box_h = 13, .ofs_x = 0, .ofs_y = 0},
    {.bitmap_index = 2780, .adv_w = 180, .box_w = 11, .box_h = 13, .ofs_x = 0, .ofs_y = 0},
    {.bitmap_index = 2852, .adv_w = 197, .box_w = 10, .box_h = 13, .ofs_x = 1, .ofs_y = 0},
    {.bitmap_index = 2917, .adv_w = 198, .box_w = 12, .box_h = 13, .ofs_x = 0, .ofs_y = 0},
    {.bitmap_index = 2995, .adv_w = 283, .box_w = 18, .box_h = 13, .ofs_x = 0, .ofs_y = 0},
    {.bitmap_index = 3112, .adv_w = 199, .box_w = 12, .box_h = 13, .ofs_x = 0, .ofs_y = 0},
    {.bitmap_index = 3190, .adv_w = 192, .box_w = 12, .box_h = 13, .ofs_x = 0, .ofs_y = 0},
    {.bitmap_index = 3268, .adv_w = 168, .box_w = 10, .box_h = 13, .ofs_x = 0, .ofs_y = 0},
    {.bitmap_index = 3333, .adv_w = 97, .box_w = 5, .box_h = 16, .ofs_x = 1, .ofs_y = -3},
    {.bitmap_index = 3373, .adv_w = 112, .box_w = 7, .box_h = 15, .ofs_x = 0, .ofs_y = -1},
    {.bitmap_index = 3426, .adv_w = 97, .box_w = 5, .box_h = 16, .ofs_x = 0, .ofs_y = -3},
    {.bitmap_index = 3466, .adv_w = 130, .box_w = 8, .box_h = 5, .ofs_x = 0, .ofs_y = 8},
    {.bitmap_index = 3486, .adv_w = 145, .box_w = 9, .box_h = 3, .ofs_x = 0, .ofs_y = -3},
    {.bitmap_index = 3500, .adv_w = 81, .box_w = 5, .box_h = 4, .ofs_x = 0, .ofs_y = 10},
    {.bitmap_index = 3510, .adv_w = 168, .box_w = 10, .box_h = 9, .ofs_x = 0, .ofs_y = 0},
    {.bitmap_index = 3555, .adv_w = 168, .box_w = 9, .box_h = 13, .ofs_x = 1, .ofs_y = 0},
    {.bitmap_index = 3614, .adv_w = 141, .box_w = 9, .box_h = 9, .ofs_x = 0, .ofs_y = 0},
    {.bitmap_index = 3655, .adv_w = 168, .box_w = 10, .box_h = 13, .ofs_x = 0, .ofs_y = 0},
    {.bitmap_index = 3720, .adv_w = 154, .box_w = 10, .box_h = 9, .ofs_x = 0, .ofs_y = 0},
    {.bitmap_index = 3765, .adv_w = 115, .box_w = 8, .box_h = 14, .ofs_x = 0, .ofs_y = 0},
    {.bitmap_index = 3821, .adv_w = 167, .box_w = 10, .box_h = 13, .ofs_x = 0, .ofs_y = -4},
    {.bitmap_index = 3886, .adv_w = 158, .box_w = 8, .box_h = 13, .ofs_x = 1, .ofs_y = 0},
    {.bitmap_index = 3938, .adv_w = 65, .box_w = 4, .box_h = 13, .ofs_x = 0, .ofs_y = 0},
    {.bitmap_index = 3964, .adv_w = 66, .box_w = 7, .box_h = 17, .ofs_x = -3, .ofs_y = -4},
    {.bitmap_index = 4024, .adv_w = 143, .box_w = 8, .box_h = 13, .ofs_x = 1, .ofs_y = 0},
    {.bitmap_index = 4076, .adv_w = 64, .box_w = 2, .box_h = 13, .ofs_x = 1, .ofs_y = 0},
    {.bitmap_index = 4089, .adv_w = 246, .box_w = 14, .box_h = 9, .ofs_x = 1, .ofs_y = 0},
    {.bitmap_index = 4152, .adv_w = 158, .box_w = 8, .box_h = 9, .ofs_x = 1, .ofs_y = 0},
    {.bitmap_index = 4188, .adv_w = 163, .box_w = 10, .box_h = 9, .ofs_x = 0, .ofs_y = 0},
    {.bitmap_index = 4233, .adv_w = 168, .box_w = 9, .box_h = 13, .ofs_x = 1, .ofs_y = -4},
    {.bitmap_index = 4292, .adv_w = 168, .box_w = 10, .box_h = 13, .ofs_x = 0, .ofs_y = -4},
    {.bitmap_index = 4357, .adv_w = 121, .box_w = 7, .box_h = 9, .ofs_x = 1, .ofs_y = 0},
    {.bitmap_index = 4389, .adv_w = 123, .box_w = 8, .box_h = 9, .ofs_x = 0, .ofs_y = 0},
    {.bitmap_index = 4425, .adv_w = 106, .box_w = 7, .box_h = 13, .ofs_x = 0, .ofs_y = 0},
    {.bitmap_index = 4471, .adv_w = 149, .box_w = 9, .box_h = 9, .ofs_x = 0, .ofs_y = 0},
    {.bitmap_index = 4512, .adv_w = 147, .box_w = 9, .box_h = 9, .ofs_x = 0, .ofs_y = 0},
    {.bitmap_index = 4553, .adv_w = 216, .box_w = 14, .box_h = 9, .ofs_x = 0, .ofs_y = 0},
    {.bitmap_index = 4616, .adv_w = 145, .box_w = 9, .box_h = 9, .ofs_x = 0, .ofs_y = 0},
    {.bitmap_index = 4657, .adv_w = 148, .box_w = 9, .box_h = 13, .ofs_x = 0, .ofs_y = -4},
    {.bitmap_index = 4716, .adv_w = 129, .box_w = 8, .box_h = 9, .ofs_x = 0, .ofs_y = 0},
    {.bitmap_index = 4752, .adv_w = 93, .box_w = 6, .box_h = 16, .ofs_x = 0, .ofs_y = -3},
    {.bitmap_index = 4800, .adv_w = 80, .box_w = 3, .box_h = 17, .ofs_x = 1, .ofs_y = -2},
    {.bitmap_index = 4826, .adv_w = 93, .box_w = 6, .box_h = 16, .ofs_x = 0, .ofs_y = -3},
    {.bitmap_index = 4874, .adv_w = 156, .box_w = 9, .box_h = 3, .ofs_x = 0, .ofs_y = 5},
    {.bitmap_index = 4888, .adv_w = 113, .box_w = 7, .box_h = 7, .ofs_x = 0, .ofs_y = 7},
    {.bitmap_index = 4913, .adv_w = 37, .box_w = 3, .box_h = 3, .ofs_x = 0, .ofs_y = 6},
    {.bitmap_index = 4918, .adv_w = 158, .box_w = 8, .box_h = 3, .ofs_x = 1, .ofs_y = 3},
    {.bitmap_index = 4930, .adv_w = 245, .box_w = 14, .box_h = 3, .ofs_x = 1, .ofs_y = 3},
    {.bitmap_index = 4951, .adv_w = 71, .box_w = 4, .box_h = 5, .ofs_x = 0, .ofs_y = 9},
    {.bitmap_index = 4961, .adv_w = 72, .box_w = 3, .box_h = 5, .ofs_x = 1, .ofs_y = 8},
    {.bitmap_index = 4969, .adv_w = 124, .box_w = 7, .box_h = 5, .ofs_x = 0, .ofs_y = 9},
    {.bitmap_index = 4987, .adv_w = 125, .box_w = 6, .box_h = 5, .ofs_x = 1, .ofs_y = 8},
    {.bitmap_index = 5002, .adv_w = 95, .box_w = 4, .box_h = 4, .ofs_x = 1, .ofs_y = 5},
    {.bitmap_index = 5010, .adv_w = 216, .box_w = 12, .box_h = 3, .ofs_x = 1, .ofs_y = 0},
    {.bitmap_index = 5028, .adv_w = 288, .box_w = 10, .box_h = 12, .ofs_x = 4, .ofs_y = 3},
    {.bitmap_index = 5088, .adv_w = 288, .box_w = 8, .box_h = 10, .ofs_x = 6, .ofs_y = 4},
    {.bitmap_index = 5128, .adv_w = 288, .box_w = 15, .box_h = 12, .ofs_x = 2, .ofs_y = 2},
    {.bitmap_index = 5218, .adv_w = 288, .box_w = 13, .box_h = 14, .ofs_x = 3, .ofs_y = 2},
    {.bitmap_index = 5309, .adv_w = 288, .box_w = 10, .box_h = 10, .ofs_x = 4, .ofs_y = 4},
    {.bitmap_index = 5359, .adv_w = 288, .box_w = 10, .box_h = 10, .ofs_x = 4, .ofs_y = 4},
    {.bitmap_index = 5409, .adv_w = 288, .box_w = 12, .box_h = 11, .ofs_x = 2, .ofs_y = 3},
    {.bitmap_index = 5475, .adv_w = 288, .box_w = 12, .box_h = 16, .ofs_x = 3, .ofs_y = 1},
    {.bitmap_index = 5571, .adv_w = 288, .box_w = 12, .box_h = 12, .ofs_x = 3, .ofs_y = 3},
    {.bitmap_index = 5643, .adv_w = 288, .box_w = 18, .box_h = 14, .ofs_x = 0, .ofs_y = 2},
    {.bitmap_index = 5769, .adv_w = 288, .box_w = 16, .box_h = 16, .ofs_x = 1, .ofs_y = 1},
    {.bitmap_index = 5897, .adv_w = 288, .box_w = 10, .box_h = 16, .ofs_x = 4, .ofs_y = 1},
    {.bitmap_index = 5977, .adv_w = 288, .box_w = 16, .box_h = 16, .ofs_x = 1, .ofs_y = 1},
    {.bitmap_index = 6105, .adv_w = 288, .box_w = 18, .box_h = 18, .ofs_x = 0, .ofs_y = 0},
    {.bitmap_index = 6267, .adv_w = 288, .box_w = 10, .box_h = 14, .ofs_x = 4, .ofs_y = 2},
    {.bitmap_index = 6337, .adv_w = 288, .box_w = 14, .box_h = 14, .ofs_x = 2, .ofs_y = 2},
    {.bitmap_index = 6435, .adv_w = 288, .box_w = 18, .box_h = 18, .ofs_x = 0, .ofs_y = 0},
    {.bitmap_index = 6597, .adv_w = 288, .box_w = 14, .box_h = 11, .ofs_x = 2, .ofs_y = 3},
    {.bitmap_index = 6674, .adv_w = 288, .box_w = 12, .box_h = 12, .ofs_x = 3, .ofs_y = 3},
    {.bitmap_index = 6746, .adv_w = 288, .box_w = 10, .box_h = 6, .ofs_x = 4, .ofs_y = 6},
    {.bitmap_index = 6776, .adv_w = 288, .box_w = 14, .box_h = 14, .ofs_x = 2, .ofs_y = 2},
    {.bitmap_index = 6874, .adv_w = 288, .box_w = 16, .box_h = 13, .ofs_x = 1, .ofs_y = 3},
    {.bitmap_index = 6978, .adv_w = 288, .box_w = 16, .box_h = 16, .ofs_x = 1, .ofs_y = 1},
    {.bitmap_index = 7106, .adv_w = 288, .box_w = 12, .box_h = 14, .ofs_x = 3, .ofs_y = 2},
    {.bitmap_index = 7190, .adv_w = 288, .box_w = 15, .box_h = 13, .ofs_x = 2, .ofs_y = 3},
    {.bitmap_index = 7288, .adv_w = 288, .box_w = 14, .box_h = 14, .ofs_x = 2, .ofs_y = 2},
    {.bitmap_index = 7386, .adv_w = 288, .box_w = 15, .box_h = 15, .ofs_x = 1, .ofs_y = 2},
    {.bitmap_index = 7499, .adv_w = 288, .box_w = 18, .box_h = 14, .ofs_x = 0, .ofs_y = 2},
    {.bitmap_index = 7625, .adv_w = 288, .box_w = 18, .box_h = 14, .ofs_x = 0, .ofs_y = 2},
    {.bitmap_index = 7751, .adv_w = 288, .box_w = 18, .box_h = 14, .ofs_x = 0, .ofs_y = 2},
    {.bitmap_index = 7877, .adv_w = 288, .box_w = 16, .box_h = 16, .ofs_x = 1, .ofs_y = 1},
    {.bitmap_index = 8005, .adv_w = 288, .box_w = 19, .box_h = 19, .ofs_x = 0, .ofs_y = -3},
    {.bitmap_index = 8186, .adv_w = 288, .box_w = 18, .box_h = 14, .ofs_x = 0, .ofs_y = 0},
    {.bitmap_index = 8312, .adv_w = 288, .box_w = 18, .box_h = 17, .ofs_x = 0, .ofs_y = -2},
    {.bitmap_index = 8465, .adv_w = 288, .box_w = 18, .box_h = 14, .ofs_x = 0, .ofs_y = 0},
    {.bitmap_index = 8591, .adv_w = 198, .box_w = 13, .box_h = 13, .ofs_x = 0, .ofs_y = 0},
    {.bitmap_index = 8676, .adv_w = 288, .box_w = 19, .box_h = 18, .ofs_x = 0, .ofs_y = -2},
    {.bitmap_index = 8847, .adv_w = 288, .box_w = 18, .box_h = 19, .ofs_x = 0, .ofs_y = -3},
    {.bitmap_index = 9018, .adv_w = 324, .box_w = 21, .box_h = 17, .ofs_x = 0, .ofs_y = -2},
    {.bitmap_index = 9197, .adv_w = 288, .box_w = 18, .box_h = 19, .ofs_x = 0, .ofs_y = -3},
    {.bitmap_index = 9368, .adv_w = 324, .box_w = 21, .box_h = 14, .ofs_x = 0, .ofs_y = 0},
    {.bitmap_index = 9515, .adv_w = 288, .box_w = 18, .box_h = 19, .ofs_x = 0, .ofs_y = -3},
    {.bitmap_index = 9686, .adv_w = 144, .box_w = 9, .box_h = 15, .ofs_x = 0, .ofs_y = -1},
    {.bitmap_index = 9754, .adv_w = 216, .box_w = 14, .box_h = 15, .ofs_x = 0, .ofs_y = -1},
    {.bitmap_index = 9859, .adv_w = 324, .box_w = 21, .box_h = 18, .ofs_x = 0, .ofs_y = -2},
    {.bitmap_index = 10048, .adv_w = 288, .box_w = 18, .box_h = 14, .ofs_x = 0, .ofs_y = 0},
    {.bitmap_index = 10174, .adv_w = 198, .box_w = 13, .box_h = 19, .ofs_x = 0, .ofs_y = -3},
    {.bitmap_index = 10298, .adv_w = 252, .box_w = 12, .box_h = 17, .ofs_x = 2, .ofs_y = -2},
    {.bitmap_index = 10400, .adv_w = 252, .box_w = 16, .box_h = 19, .ofs_x = 0, .ofs_y = -3},
    {.bitmap_index = 10552, .adv_w = 252, .box_w = 16, .box_h = 17, .ofs_x = 0, .ofs_y = -2},
    {.bitmap_index = 10688, .adv_w = 252, .box_w = 16, .box_h = 17, .ofs_x = 0, .ofs_y = -2},
    {.bitmap_index = 10824, .adv_w = 252, .box_w = 12, .box_h = 17, .ofs_x = 2, .ofs_y = -2},
    {.bitmap_index = 10926, .adv_w = 252, .box_w = 18, .box_h = 17, .ofs_x = -1, .ofs_y = -2},
    {.bitmap_index = 11079, .adv_w = 180, .box_w = 11, .box_h = 16, .ofs_x = 0, .ofs_y = -1},
    {.bitmap_index = 11167, .adv_w = 180, .box_w = 11, .box_h = 16, .ofs_x = 0, .ofs_y = -1},
    {.bitmap_index = 11255, .adv_w = 252, .box_w = 16, .box_h = 17, .ofs_x = 0, .ofs_y = -2},
    {.bitmap_index = 11391, .adv_w = 252, .box_w = 16, .box_h = 4, .ofs_x = 0, .ofs_y = 5},
    {.bitmap_index = 11423, .adv_w = 324, .box_w = 21, .box_h = 14, .ofs_x = 0, .ofs_y = 0},
    {.bitmap_index = 11570, .adv_w = 360, .box_w = 23, .box_h = 19, .ofs_x = 0, .ofs_y = -3},
    {.bitmap_index = 11789, .adv_w = 324, .box_w = 22, .box_h = 19, .ofs_x = -1, .ofs_y = -3},
    {.bitmap_index = 11998, .adv_w = 288, .box_w = 18, .box_h = 17, .ofs_x = 0, .ofs_y = -2},
    {.bitmap_index = 12151, .adv_w = 252, .box_w = 16, .box_h = 10, .ofs_x = 0, .ofs_y = 2},
    {.bitmap_index = 12231, .adv_w = 252, .box_w = 16, .box_h = 10, .ofs_x = 0, .ofs_y = 2},
    {.bitmap_index = 12311, .adv_w = 360, .box_w = 24, .box_h = 15, .ofs_x = -1, .ofs_y = -1},
    {.bitmap_index = 12491, .adv_w = 288, .box_w = 18, .box_h = 14, .ofs_x = 0, .ofs_y = 0},
    {.bitmap_index = 12617, .adv_w = 288, .box_w = 18, .box_h = 19, .ofs_x = 0, .ofs_y = -3},
    {.bitmap_index = 12788, .adv_w = 288, .box_w = 19, .box_h = 19, .ofs_x = -1, .ofs_y = -3},
    {.bitmap_index = 12969, .adv_w = 288, .box_w = 18, .box_h = 14, .ofs_x = 0, .ofs_y = 2},
    {.bitmap_index = 13095, .adv_w = 252, .box_w = 16, .box_h = 17, .ofs_x = 0, .ofs_y = -2},
    {.bitmap_index = 13231, .adv_w = 252, .box_w = 16, .box_h = 19, .ofs_x = 0, .ofs_y = -3},
    {.bitmap_index = 13383, .adv_w = 252, .box_w = 16, .box_h = 17, .ofs_x = 0, .ofs_y = -2},
    {.bitmap_index = 13519, .adv_w = 252, .box_w = 16, .box_h = 15, .ofs_x = 0, .ofs_y = -1},
    {.bitmap_index = 13639, .adv_w = 288, .box_w = 18, .box_h = 14, .ofs_x = 0, .ofs_y = 0},
    {.bitmap_index = 13765, .adv_w = 180, .box_w = 13, .box_h = 19, .ofs_x = -1, .ofs_y = -3},
    {.bitmap_index = 13889, .adv_w = 252, .box_w = 16, .box_h = 19, .ofs_x = 0, .ofs_y = -3},
    {.bitmap_index = 14041, .adv_w = 252, .box_w = 16, .box_h = 19, .ofs_x = 0, .ofs_y = -3},
    {.bitmap_index = 14193, .adv_w = 324, .box_w = 21, .box_h = 14, .ofs_x = 0, .ofs_y = 0},
    {.bitmap_index = 14340, .adv_w = 288, .box_w = 20, .box_h = 20, .ofs_x = -1, .ofs_y = -3},
    {.bitmap_index = 14540, .adv_w = 216, .box_w = 14, .box_h = 19, .ofs_x = 0, .ofs_y = -3},
    {.bitmap_index = 14673, .adv_w = 360, .box_w = 23, .box_h = 18, .ofs_x = 0, .ofs_y = -2},
    {.bitmap_index = 14880, .adv_w = 360, .box_w = 23, .box_h = 12, .ofs_x = 0, .ofs_y = 1},
    {.bitmap_index = 15018, .adv_w = 360, .box_w = 23, .box_h = 12, .ofs_x = 0, .ofs_y = 1},
    {.bitmap_index = 15156, .adv_w = 360, .box_w = 23, .box_h = 12, .ofs_x = 0, .ofs_y = 1},
    {.bitmap_index = 15294, .adv_w = 360, .box_w = 23, .box_h = 12, .ofs_x = 0, .ofs_y = 1},
    {.bitmap_index = 15432, .adv_w = 360, .box_w = 23, .box_h = 12, .ofs_x = 0, .ofs_y = 1},
    {.bitmap_index = 15570, .adv_w = 360, .box_w = 23, .box_h = 15, .ofs_x = 0, .ofs_y = -1},
    {.bitmap_index = 15743, .adv_w = 252, .box_w = 14, .box_h = 19, .ofs_x = 1, .ofs_y = -3},
    {.bitmap_index = 15876, .adv_w = 252, .box_w = 16, .box_h = 19, .ofs_x = 0, .ofs_y = -3},
    {.bitmap_index = 16028, .adv_w = 288, .box_w = 19, .box_h = 19, .ofs_x = -1, .ofs_y = -3},
    {.bitmap_index = 16209, .adv_w = 360, .box_w = 23, .box_h = 14, .ofs_x = 0, .ofs_y = 0},
    {.bitmap_index = 16370, .adv_w = 216, .box_w = 14, .box_h = 19, .ofs_x = 0, .ofs_y = -3},
    {.bitmap_index = 16503, .adv_w = 290, .box_w = 19, .box_h = 12, .ofs_x = 0, .ofs_y = 1}
};

/*---------------------
 *  CHARACTER MAPPING
 *--------------------*/

static const uint16_t unicode_list_1[] = {
    0x0, 0x7, 0x1f63, 0x1f64, 0x1f68, 0x1f69, 0x1f6c, 0x1f6d,
    0x1f72, 0x1f76, 0xdf84, 0xdf87, 0xdf8d, 0xdf93, 0xdf94, 0xdf97,
    0xdfaf, 0xe040, 0xe095, 0xe10a, 0xe114, 0xe23a, 0xe2ee, 0xe2fb,
    0xe355, 0xe379, 0xe468, 0xe51a, 0xe51d, 0xe51f, 0xe525, 0xe58e,
    0xe786, 0xe7c2, 0xe7da, 0xe7fc, 0xe806, 0xeb26, 0xeb31, 0xeb34,
    0xee9a, 0xef51, 0xef58, 0xef5b, 0xef5c, 0xef5d, 0xef61, 0xef63,
    0xef65, 0xef69, 0xef6c, 0xef71, 0xef76, 0xef77, 0xef78, 0xef8e,
    0xef93, 0xef98, 0xef9b, 0xef9c, 0xef9d, 0xefa1, 0xefa2, 0xefa3,
    0xefa4, 0xefb7, 0xefb8, 0xefbe, 0xefc0, 0xefc1, 0xefc4, 0xefc7,
    0xefc8, 0xefc9, 0xefcb, 0xefe3, 0xefe5, 0xf000, 0xf014, 0xf015,
    0xf017, 0xf019, 0xf030, 0xf037, 0xf03a, 0xf043, 0xf06c, 0xf074,
    0xf0ab, 0xf13b, 0xf190, 0xf191, 0xf192, 0xf193, 0xf194, 0xf1d7,
    0xf1e3, 0xf23d, 0xf254, 0xf4aa, 0xf712, 0xf7f2
};

/*Collect the unicode lists and glyph_id offsets*/
static const lv_font_fmt_txt_cmap_t cmaps[] =
{
    {
        .range_start = 32, .range_length = 95, .glyph_id_start = 1,
        .unicode_list = NULL, .glyph_id_ofs_list = NULL, .list_length = 0, .type = LV_FONT_FMT_TXT_CMAP_FORMAT0_TINY
    },
    {
        .range_start = 176, .range_length = 63475, .glyph_id_start = 96,
        .unicode_list = unicode_list_1, .glyph_id_ofs_list = NULL, .list_length = 102, .type = LV_FONT_FMT_TXT_CMAP_SPARSE_TINY
    }
};

/*-----------------
 *    KERNING
 *----------------*/


/*Map glyph_ids to kern left classes*/
static const uint8_t kern_left_class_mapping[] =
{
    0, 1, 0, 2, 0, 3, 0, 4,
    2, 5, 0, 0, 0, 6, 7, 6,
    8, 9, 10, 11, 12, 13, 14, 15,
    16, 17, 18, 0, 0, 0, 0, 0,
    0, 19, 20, 21, 22, 0, 23, 24,
    25, 26, 26, 27, 28, 29, 26, 26,
    30, 31, 32, 33, 34, 35, 27, 36,
    37, 38, 39, 40, 41, 0, 0, 0,
    0, 0, 42, 19, 43, 0, 44, 45,
    46, 47, 48, 49, 50, 0, 47, 47,
    19, 19, 51, 52, 53, 54, 55, 56,
    57, 58, 59, 60, 61, 26, 0, 0,
    0, 0, 0, 0, 62, 63, 62, 63,
    0, 0, 0, 0, 0, 0, 0, 0,
    0, 0, 0, 0, 0, 0, 0, 0,
    0, 0, 0, 0, 0, 0, 0, 0,
    0, 0, 0, 0, 0, 0, 0, 0,
    0, 0, 0, 0, 0, 0, 0, 0,
    0, 0, 0, 0, 0, 0, 0, 0,
    0, 0, 0, 0, 0, 0, 0, 0,
    0, 0, 0, 0, 0, 0, 0, 0,
    0, 0, 0, 0, 0, 0, 0, 0,
    0, 0, 0, 0, 0, 0, 0, 0,
    0, 0, 0, 0, 0, 0, 0, 0,
    0, 0, 0, 0, 0, 0
};

/*Map glyph_ids to kern right classes*/
static const uint8_t kern_right_class_mapping[] =
{
    0, 1, 0, 2, 0, 0, 0, 3,
    2, 0, 4, 5, 0, 6, 7, 6,
    8, 9, 10, 11, 12, 13, 14, 15,
    16, 17, 18, 19, 19, 0, 0, 0,
    20, 21, 22, 23, 24, 23, 23, 23,
    24, 23, 23, 25, 23, 23, 23, 23,
    24, 23, 24, 23, 26, 27, 28, 29,
    30, 31, 32, 33, 0, 0, 34, 0,
    0, 0, 21, 35, 21, 21, 21, 36,
    21, 37, 38, 39, 37, 37, 40, 40,
    41, 40, 21, 40, 42, 36, 43, 44,
    45, 46, 47, 48, 0, 23, 49, 0,
    0, 0, 0, 0, 0, 50, 0, 50,
    0, 0, 0, 0, 0, 0, 0, 0,
    0, 0, 0, 0, 0, 0, 0, 0,
    0, 0, 0, 0, 0, 0, 0, 0,
    0, 0, 0, 0, 0, 0, 0, 0,
    0, 0, 0, 0, 0, 0, 0, 0,
    0, 0, 0, 0, 0, 0, 0, 0,
    0, 0, 0, 0, 0, 0, 0, 0,
    0, 0, 0, 0, 0, 0, 0, 0,
    0, 0, 0, 0, 0, 0, 0, 0,
    0, 0, 0, 0, 0, 0, 0, 0,
    0, 0, 0, 0, 0, 0, 0, 0,
    0, 0, 0, 0, 0, 0
};

/*Kern values between classes*/
static const int8_t kern_class_values[] =
{
    0, 0, 0, 0, 0, 0, 0, 0,
    0, 0, 0, 0, 0, 0, 0, 0,
    0, 0, 0, 0, 0, -8, 0, 0,
    -8, 0, -5, 0, 0, 0, 0, -8,
    0, 0, 0, 0, 0, 0, 0, 0,
    0, 0, 0, 0, 0, 0, 0, 0,
    0, 0, 0, 0, 0, 0, 0, 0,
    0, 0, -10, 0, 0, 0, -22, 0,
    -16, 7, -8, -1, 0, 0, -20, -36,
    0, -11, -33, -8, 7, 0, 0, 0,
    0, 0, 0, 0, 0, 2, 0, 0,
    0, -6, -20, -12, -4, -1, -1, -1,
    -1, 0, 0, 0, 0, 0, 0, 0,
    0, 0, 0, 0, 0, 0, 0, 0,
    0, 0, 0, -5, 0, 0, 0, 0,
    0, 0, 0, 0, 0, 0, 0, 0,
    0, 0, 0, 0, 0, 0, 0, 0,
    0, 0, 0, 0, 0, 0, 0, 0,
    0, 0, 0, 0, 0, 0, -11, 0,
    0, 0, 0, 0, 0, 0, 0, 0,
    0, 0, 0, 0, 0, 0, 0, 0,
    0, 0, -5, -25, -8, -21, 0, -7,
    -27, -12, -21, -18, -20, -25, -15, 0,
    0, -13, 0, 0, 0, 0, -5, -5,
    -6, -17, -11, 0, -17, 0, 0, 0,
    0, 0, 0, 0, 0, 0, 0, 0,
    0, 0, 0, 0, 0, 0, 0, 0,
    0, 0, 0, 0, 0, 0, 0, -3,
    -5, 0, 0, 0, 0, 0, 0, 0,
    0, 0, 0, 0, 0, 0, 28, 0,
    0, 0, 0, -10, -8, 0, -10, 0,
    0, 0, 0, 0, 0, 0, -20, 0,
    0, 0, -8, -24, 0, 0, -9, 0,
    -8, -18, 0, -15, 0, 0, -5, 0,
    0, -10, 0, 0, -20, 0, -23, -16,
    0, -32, 0, 0, 0, -11, 0, 0,
    10, 0, -5, 0, 0, -14, -10, 0,
    -14, 0, 0, -27, 0, 0, 0, 0,
    0, 0, 0, 0, 0, -16, -8, -16,
    0, 0, 0, -22, 0, 0, 0, 0,
    5, -12, 0, 4, -16, -9, -22, 0,
    -20, -12, -18, -24, -9, 0, 0, -5,
    0, 0, 0, 0, 5, 0, 0, -7,
    0, -8, -7, -7, 0, 0, 0, 0,
    0, 0, 0, 0, 0, 0, 0, 0,
    0, 0, 0, 0, 0, 0, 0, 0,
    0, 0, -15, -17, 4, -8, -22, 0,
    0, 0, 0, 0, 0, 0, 0, 0,
    0, -5, 0, 0, 0, -12, -15, -12,
    -7, -9, -9, 0, -9, -8, 0, 0,
    0, -10, 0, 0, 0, -8, 0, 0,
    0, 0, -1, 0, 0, 0, 0, -11,
    0, 0, 0, 0, 0, 0, 0, 0,
    0, 0, 0, 0, 0, 0, 0, 0,
    0, 0, 0, 0, 0, 0, 0, 0,
    0, 0, 0, 0, 0, 0, 0, 0,
    0, 0, 0, 0, 0, 0, 0, 0,
    0, 0, 0, 0, 0, 0, 0, 0,
    0, -2, 0, 0, 0, 0, 0, 0,
    0, 0, 0, 0, 0, 0, 0, 0,
    0, 0, 0, 0, 0, 0, 0, 0,
    0, 0, 0, 0, 0, 0, 0, 0,
    0, 0, 0, 0, 0, 0, 0, 0,
    0, 0, -9, 0, 0, 0, 0, 0,
    0, 0, 0, -7, 0, 0, 0, 0,
    0, 0, 0, 0, 0, 0, 0, 0,
    0, 0, 0, 0, 0, 0, 0, 0,
    0, 0, 0, 0, 0, 0, 0, 0,
    0, 0, 0, 0, 0, 0, 0, 0,
    0, 0, 0, -8, 0, 0, 0, 0,
    0, 0, 0, 0, 0, -6, 0, 0,
    0, 0, 0, 0, 0, 0, 0, 0,
    0, 0, 0, 0, 0, 0, 0, 0,
    0, 0, 0, 0, 0, 0, 0, 0,
    0, 0, 0, 0, 0, 0, 0, 0,
    0, -18, 0, 0, 0, -12, 0, 0,
    0, -11, -4, 0, -6, -4, 0, -14,
    0, -7, 0, 0, 0, 0, 0, 0,
    0, 0, 0, 0, 0, 0, 0, 0,
    0, 0, 0, 0, 0, 0, 0, 0,
    0, 0, 0, 0, 0, 0, 0, 0,
    0, 0, 0, 0, 0, 0, 0, -8,
    0, 0, 0, 0, 0, 0, 0, 0,
    0, -9, 0, 0, 0, 0, 0, 0,
    0, 0, 0, 0, 0, 0, 0, 0,
    0, 0, 0, 0, 0, 0, 0, 0,
    0, 0, 0, 0, 0, 0, 0, 0,
    0, 0, 0, 0, 0, -16, 0, 0,
    0, 0, 0, 0, 0, -7, 0, -3,
    0, 0, 0, -10, 0, -6, 0, 0,
    0, 0, 0, 0, 0, 0, 0, 0,
    0, 0, 0, 0, 0, 0, 0, 0,
    0, 0, 0, 0, 0, 0, 0, 0,
    0, 0, 0, 0, 0, 0, 0, 7,
    0, 0, 0, -20, -15, 0, -5, 0,
    -3, -6, -11, 0, -10, -4, -6, -5,
    0, 0, 0, 0, 0, 0, 0, 0,
    0, 0, 0, 0, 0, 0, 0, 0,
    0, 0, 0, 0, 0, 0, 0, 0,
    0, 0, 0, 0, 0, 0, 0, 0,
    0, -8, 0, 0, 0, 0, 0, 0,
    0, -5, -3, -5, 0, 0, 0, -8,
    0, -3, 0, 0, 0, 0, 0, 0,
    0, 0, 0, 0, 0, 0, 0, 0,
    0, 0, 0, 0, 0, 0, 0, 0,
    0, 0, 0, 0, 0, 0, 0, 0,
    0, 0, 0, -1, 0, 0, 0, -20,
    0, 0, 0, -3, -3, -3, -5, 0,
    -8, -10, -5, 0, 0, 0, 0, 0,
    0, 0, 0, 0, 0, 0, 0, 0,
    0, 0, 0, 0, 0, 0, 0, 0,
    0, 0, 0, 0, 0, 0, 0, 0,
    0, 0, 0, 0, 0, -20, 0, 0,
    0, -5, 5, 0, 0, 0, 0, 0,
    0, 0, 0, 0, 0, 0, 0, 0,
    0, 0, 0, 0, 0, 0, 0, 0,
    0, 0, 0, 0, 0, 0, 0, -4,
    0, 0, 0, 0, 0, 0, 0, -5,
    -4, -4, -5, -5, 0, -17, -8, -36,
    0, 0, -36, 0, -12, 0, 0, 0,
    0, 0, 0, 0, 0, 0, 0, 0,
    -4, -17, -9, -11, -2, -15, -5, -8,
    -29, -5, -27, -24, -11, -30, -5, 0,
    0, -12, 0, 0, -2, 0, -9, 0,
    -5, -20, -16, -13, -15, 0, 0, -34,
    0, 0, 0, 0, 0, 0, 0, 0,
    0, 0, 0, 0, 0, 0, 0, 0,
    0, 0, 0, 0, 0, 0, 0, 0,
    -11, -4, -6, 0, -5, -3, -7, -10,
    0, 0, 0, 0, 0, 0, 0, 0,
    0, 0, 0, 0, 0, 0, 0, 0,
    0, 0, 0, 0, 0, 0, 0, 0,
    -6, 0, 0, 0, 0, 0, 0, 0,
    0, 0, 0, 0, 0, 0, -5, -5,
    0, -8, -14, -3, -5, 0, 0, 0,
    0, -8, 0, 0, 0, -8, 0, 0,
    0, 0, -5, 0, 0, -11, -11, -5,
    -11, 0, 7, 0, 0, 0, 0, 7,
    0, 0, -10, 0, 0, 0, 0, 0,
    0, 0, 0, 0, 0, 0, 0, 0,
    -3, 0, 0, -4, -10, -5, -7, 0,
    -4, 0, 0, -4, 0, 7, 0, 0,
    0, 0, 0, 0, -3, 0, 0, 0,
    0, 0, 0, 0, 7, 0, -3, 0,
    -3, 8, 0, -16, -7, -12, 0, 0,
    0, 0, 0, 0, 0, 0, 0, 0,
    0, 0, -5, -18, 0, -3, -42, -6,
    -6, 0, 0, 0, -7, 0, -3, 7,
    0, 0, 0, 0, 0, 0, -5, -5,
    0, -3, -2, -6, -3, -5, 7, 5,
    0, -9, 0, 0, 0, -12, 0, 0,
    0, 0, 0, 0, 0, 0, 0, 0,
    0, 0, 0, 0, 0, -10, 0, 2,
    -11, -4, -9, 0, -8, -5, -8, -13,
    0, 0, 0, 0, 0, 0, 0, 0,
    0, 0, 0, 0, 0, 0, 0, 0,
    3, -4, 0, 0, 0, 0, 0, 0,
    0, 4, 0, 0, 0, 0, 0, 0,
    0, 0, 0, 0, 0, 0, 0, 0,
    0, 0, 0, -4, 0, 0, 0, 0,
    0, 0, 0, 0, 0, 0, 0, 0,
    0, 0, 0, 0, 0, 0, 0, -3,
    0, 0, 0, 0, 0, 0, 0, 0,
    0, 0, 0, -5, 0, 0, 0, 0,
    0, 0, 0, 0, 0, 0, 0, 0,
    0, -6, 0, 0, -14, -2, -3, 0,
    0, 0, -5, -3, 0, 0, 0, 0,
    0, 0, 0, 0, 0, 0, 0, 0,
    0, 0, 0, 0, 0, 0, -8, 0,
    0, 0, -10, 0, -22, 0, 0, 0,
    0, 0, 0, 0, 0, 0, 0, 0,
    -3, 0, -15, -11, -5, -19, -9, -14,
    -18, -9, -16, -11, -18, -16, -11, 0,
    0, -15, 0, 0, 0, 0, -15, -10,
    -14, -25, -17, -10, -25, 0, 0, -7,
    -2, -25, 0, 0, -24, 0, -12, 0,
    0, 0, 0, 0, 0, 0, 0, 0,
    0, 0, 0, -9, -6, -7, 0, -17,
    -4, -9, -26, -7, -22, -20, 0, -29,
    0, 0, 0, -11, 0, 0, 0, 0,
    -6, 0, 0, -8, -7, -5, -8, 0,
    0, -26, 0, -11, 0, -3, 0, -10,
    4, -8, 0, 0, 0, 0, 0, 0,
    0, 0, 0, 0, 0, 0, 0, -15,
    0, 2, -18, -5, -14, 0, -11, -9,
    -12, -18, -4, -3, 0, 0, 0, 0,
    7, 0, 0, 0, 0, 0, 0, -3,
    0, 0, 0, -3, -5, 0, 0, 0,
    0, -24, -14, -16, 0, 0, 0, 0,
    0, 0, 0, 0, 0, 0, 0, 0,
    -8, -19, -2, 0, -37, 0, -6, 0,
    -3, 0, -10, -8, -9, 0, 0, 0,
    0, 0, 0, 0, -8, -5, 0, 0,
    0, 0, 0, 0, 0, 7, 0, 0,
    0, 0, 0, -6, 0, 5, 0, 0,
    0, 0, 0, 0, 0, 0, 0, 0,
    0, 0, 0, 0, 0, 0, 0, 0,
    -14, 0, 0, -9, -4, -18, 0, 0,
    0, 0, 0, 0, 0, 0, 0, 0,
    0, 0, 0, 0, 0, 0, 5, -9,
    0, -5, 0, 0, 0, 0, -17, 0,
    0, 0, 0, 0, 0, 0, 0, 0,
    0, 0, 0, 0, -8, -10, -4, -7,
    -8, -10, -15, -5, -12, -8, -11, -16,
    -8, 0, 0, -6, 0, 0, 0, 0,
    -8, -8, -4, -7, -7, -11, -7, -5,
    0, -7, 0, 0, 0, 0, 0, 0,
    3, 0, 0, 0, 0, 0, 0, 0,
    0, 0, 0, 0, 0, 0, -2, -6,
    0, 1, -12, -5, -9, 3, -5, -3,
    -5, -12, 0, 0, 0, 0, 0, 0,
    0, 0, -2, 0, 0, -5, -3, -4,
    -5, 0, 0, 0, -5, 7, -8, 0,
    0, -20, -22, -14, 0, 0, 0, 0,
    0, 0, 0, 0, 0, 0, -27, 3,
    -38, -29, 0, -14, -42, -12, -13, -3,
    -12, -9, -14, -14, -12, 0, 0, -17,
    0, 0, 0, -31, -38, -35, -28, -34,
    -31, -37, -34, -32, 0, 6, 0, 0,
    -8, 0, 0, -23, -20, -9, 0, 0,
    0, 0, 0, 0, 0, 0, 0, 0,
    -19, 2, -28, -27, 0, -11, -36, -13,
    -12, 0, -10, -8, -10, -9, -7, 0,
    0, -13, 0, 0, 0, -22, -30, -28,
    -18, -18, -16, -30, -18, -21, 0, 0,
    0, 0, -8, 0, 0, -16, -12, -9,
    0, 0, 0, 0, 0, 0, 0, 0,
    0, 0, -10, 2, -21, -24, 0, -9,
    -32, -10, -9, 0, -8, -8, -8, -10,
    -5, 0, 0, -10, 0, 0, 0, -18,
    -21, -22, -15, -17, -14, -18, -17, -17,
    0, 0, 0, 0, -2, 0, 0, 0,
    -18, 0, 0, 0, 0, 0, 0, 0,
    0, 0, 0, 0, 0, 0, -13, -11,
    -4, -12, -11, -12, -14, -5, -10, -8,
    -13, -12, -5, 0, -5, -16, -5, 0,
    0, -7, -13, -7, -9, -17, -15, -11,
    -17, -7, 0, -7, -8, 0, -18, 0,
    0, -32, -24, -20, 0, 0, 0, 0,
    0, 0, 0, 0, 0, 0, -25, -5,
    -42, -30, -7, -18, -42, -20, -14, -3,
    -9, -10, -12, -12, -6, 0, -7, -20,
    -7, -11, -13, -27, -42, -40, -27, -29,
    -26, -34, -29, -28, 0, -5, 0, 0,
    0, 0, 0, 0, -9, 0, 0, 0,
    0, 0, 0, 0, 0, 0, 0, 0,
    0, 2, -9, -8, 0, -6, -7, 0,
    -7, 0, -7, -3, -5, -6, -8, 0,
    0, -9, 0, 0, 0, 0, -9, 0,
    0, -8, -6, 0, -8, 0, 0, 0,
    0, 0, 0, 0, 0, 0, 0, 0,
    0, 0, 0, 0, 0, 0, 0, 0,
    0, 0, 0, 0, 0, 0, 0, -3,
    0, 0, 0, 0, 0, 0, 0, 0,
    0, 0, 0, 0, 0, 0, 24, 0,
    0, 0, 0, 0, 0, 0, 0, 0,
    0, 0, 0, 0, 0, 0, 0, 0,
    0, 0, 0, 0, 0, 0, 0, 0,
    0, 0, 0, 0, 0, 0, 0, 0,
    0, 0, 0, 0, 0, 0, 0, 0,
    0, 0, 0, 0, 0, -1, 0, 0,
    0, 0, 0, 0, 0, 0, -1, 0,
    0, 0, 0, 0, 0, 0, 0, 0,
    0, 0, -7, 0, 0, 0, 0, 0,
    0, 0, 0, 0, 0, 0, 0, 0,
    -3, 0, 0, 0, 0, 0, 0, 0,
    0, 0, 0, 0, 0, 0, 0, -2,
    0, 0, 0, 0, -3, 0, 0, 0,
    0, -1, 0, 0, 0, -6, 0, 0,
    0, 0, 0, 0, 5, 0, 0, 0,
    0, 0, 0, 0, 0, 0, 0, 0,
    0, 0, 0, 0, 0, 0, 0, 0,
    0, 0, 0, 0, 0, 0, 0, 0,
    0, -4, 0, 0, 0, 0, 0, 0,
    0, -2, -2, -4, -2, 0, 0, -8,
    0, 18, 0, 16, 5, -15, -15, -6,
    0, 0, 0, 0, 0, 0, 0, 0,
    0, 0, 0, 13, -8, 0, 0, 0,
    0, 0, 0, 0, 0, 0, 0, 0,
    0, 16, 7, -8, 7, 0, 0, -5,
    -8, -5, 0, -4, -4, -7, -4, -5,
    16, 15, 0, 0, 0, 0, 0, 0,
    0, 0, 0, 0, 0, 0, 0, 0,
    0, 0, 0, 0, 0, 0, 0, 0,
    0, 0, 0, 0, 0, 0, 0, 0,
    0, 0, 0, 0, 0, 0, 0, 0,
    15, 0, 0, 0, 0, 0, 0, 0,
    0, 0, 0, 0, 0, -10, 0, 0,
    0, 0, 0, 0, 0, 0, 0, 0,
    0, 0, 0, 0, 0, 0, 0, 0,
    0, 0, 0, 0, 0, 0, 0, 0,
    0, 0, 0, 0, 0, 0, 0, -2,
    0, 0, 0, 0, 0, 0, 0, 0,
    0, 0, 0, 0, 0, -7, 0, 0,
    0, 0, 0, 0, 0, 0, 0, 0,
    0, 0, 0, 0, 0, 0, 0, 0,
    0, 0, 0, 0, 0, 0, 0, 0,
    0, 0, 0, 0, 0, 0, 0, 0,
    0, 0, 0, 0, 0, 0, 0, 0,
    0, 0, -2, 0, 0, 0, 0, 0,
    0, 0, 0, 0, 0, 0, 0, 0,
    0, 0, 0, 0, 0, 0, 0, 0,
    0, 0, 0, 0, 0, 0, 0, 0,
    0, 0, 0, 0, 0, 0, 0, 0,
    0, 0, 0, 0, 0, 0, 18, 0,
    0, 0, 0, 0, 0, 0, 0, 0,
    0, 0, 0, 0, 0, 0, 0, -5,
    -17, 0, 0, 0, 0, 0, 0, 0,
    0, 0, 0, 0, 0, -9, -8, 0,
    0, 0, 0, 0, 0, 0, 0, 0,
    0, 0, 0, 0, 0, -10, 0, -5,
    -5, -5, -8, -8, -5, -10, -10, -10,
    -10, -8, 0, 0, 0, -6, 0, 0,
    0, 0, 0, 0, 0, 0, 0, 0,
    0, 0, 0, 0, 0, 0, 0, 0,
    0, 0, 0, 0, 0, 0, 0, 0,
    0, 0, 0, 0, 0, 0, 0, 0,
    0, 0, 24, 0, 0, 0, 0, 0,
    0, 0, 0, 0, 0, 0, 0, 0,
    -5, 0, 0, -22, -14, -19, 0, 0,
    0, 0, 0, 0, 0, 0, 0, 0,
    0, 0, -10, 0, 0, 0, 0, 0,
    0, 0, 0, 0, 0, 0, 0, 0,
    -8, -5, -5, -5, -5, -5, -10, -8,
    -5, -7, -7, -7, -7, -8, 0, 5,
    0, -6, 0, 0, 0, 0, 0, 0,
    0, 0, 0, 0, 0, 0, 0, 0,
    0, 0, 0, 0, 0, 0, 0, 0,
    0, 0, 0, 0, 0, 0, 0, 0,
    0, 0, 0, 0, 0, 0, 0, 0,
    0, 0, 0, 0, 0, 0, 0, 0,
    0, 0, 0, 0, 0, 0, 0, -10,
    -5, 0, 0, 0, 0, 0, 0, 0,
    0, 0, 0, 0, 0, 0, -4, 0,
    0, 0, 0, 0, 0, 0, 0, 0,
    0, 0, 0, 0, 0, -5, 0, 0,
    0, 0, -4, -3, 0, 0, 0, -2,
    0, -4, 0, 5, 0, -4, 0, 0,
    0, 0, 0, 0, 0, 0, 0, 0,
    0, 0, 0, 0, 0, 0, 0, 0,
    0, 0, 0, 0, 0, 0, 0, 0,
    0, 0, 0, 0, 0, 0, 0, 0,
    0, 0, 0, 0, 0, 0, 0, 0,
    0, 0, 0, 0, 0, -2, 0, -1,
    0, -10, 0, -14, -7, 0, 0, 0,
    0, 0, 0, 0, 0, 0, 0, 0,
    0, 0, -5, 0, 0, 0, 0, 0,
    0, 0, 0, 0, 0, 0, 0, 0,
    0, 0, 0, 0, 0, 0, -5, -4,
    0, -5, -5, -6, -5, -2, 0, 0,
    0, -1, 0, -8, 0, -10, 0, 0,
    0, 0, 0, 0, 0, 0, 0, 0,
    0, 0, 0, 0, -4, 0, 0, 0,
    0, 0, 0, 0, 0, 0, 0, 0,
    0, 0, 0, 0, 0, -2, 0, 0,
    -4, -3, 0, -5, -6, -4, -5, -2,
    0, 0, 0, -1, 0, 0, 0, 0,
    -8, 0, 0, 0, 0, 0, 0, 0,
    0, 0, 0, 0, 0, 0, -4, 0,
    0, 0, 0, 0, 0, 0, 0, 0,
    0, 0, 0, 0, 0, -6, 0, 0,
    0, 0, -4, -5, 0, -6, -4, -7,
    -6, 0, 0, 0, 0, 0, 0, -10,
    0, -20, -10, 0, 0, 0, 0, 0,
    0, 0, 0, 0, 0, 0, -4, 0,
    -7, 0, 0, 0, 0, 0, 0, 0,
    0, 0, 0, 0, 0, -3, -3, -2,
    -3, -4, -4, -3, -7, -5, 0, -5,
    -8, -8, -5, -6, -5, 0, 0, 0,
    0, 0, 0, 0, -7, 5, 0, 0,
    0, 0, 0, 0, 0, 0, 0, 0,
    0, 0, -3, 0, 0, 0, 0, 0,
    0, 0, 0, 0, 0, 0, 0, 0,
    0, -3, 0, 0, 0, 0, -4, 0,
    0, 0, 0, 0, 0, 0, 0, 0,
    0, 0, 0, 0, 0, 0, 0, 0,
    0, 0, 0, 0, 0, 0, 0, 0,
    0, 0, 0, 0, 0, 0, 0, 0,
    0, 0, 0, 0, 0, 0, 0, 0,
    0, 0, 0, 0, 0, 0, 28, 0,
    0, 0, 0, 0, 0, 0, 0, 0,
    0, 0, 0, 0, 0, 0, 0, 0,
    0, 0, 0, 0, 0, 0, 0, 0,
    0, 0, 0, 0, 0, 0, -17, -31,
    0, 0, -38, 0, 6, 0, 0, 0,
    0, 0, 0, 0, 0, 5, 0, 0,
    0, 0, -17, -10, 0, 0, 0, 0,
    0, 0, 0, 0, 0, 0, 0, 0,
    0, 0, 0, 0, 0, 0, 0, 0,
    0, 0, 0, 0, 0, 0, 0, 0,
    -25, -41, 0, -12, -34, -9, 7, 0,
    0, 0, -5, 0, 0, 0, 0, -3,
    0, 0, 0, -12, -25, -20, -12, -7,
    0, 0, -7, -11, 0, 0
};


/*Collect the kern class' data in one place*/
static const lv_font_fmt_txt_kern_classes_t kern_classes =
{
    .class_pair_values   = kern_class_values,
    .left_class_mapping  = kern_left_class_mapping,
    .right_class_mapping = kern_right_class_mapping,
    .left_class_cnt      = 63,
    .right_class_cnt     = 50,
};

/*--------------------
 *  ALL CUSTOM DATA
 *--------------------*/

#if LVGL_VERSION_MAJOR == 8
/*Store all the custom data of the font*/
static  lv_font_fmt_txt_glyph_cache_t cache;
#endif

#if LVGL_VERSION_MAJOR >= 8
static const lv_font_fmt_txt_dsc_t font_dsc = {
#else
static lv_font_fmt_txt_dsc_t font_dsc = {
#endif
    .glyph_bitmap = glyph_bitmap,
    .glyph_dsc = glyph_dsc,
    .cmaps = cmaps,
    .kern_dsc = &kern_classes,
    .kern_scale = 16,
    .cmap_num = 2,
    .bpp = 4,
    .kern_classes = 1,
    .bitmap_format = 0,
#if LVGL_VERSION_MAJOR == 8
    .cache = &cache
#endif
};



/*-----------------
 *  PUBLIC FONT
 *----------------*/

/*Initialize a public general font descriptor*/
#if LVGL_VERSION_MAJOR >= 8
const lv_font_t outfit_18 = {
#else
lv_font_t outfit_18 = {
#endif
    .get_glyph_dsc = lv_font_get_glyph_dsc_fmt_txt,    /*Function pointer to get glyph's data*/
    .get_glyph_bitmap = lv_font_get_bitmap_fmt_txt,    /*Function pointer to get glyph's bitmap*/
    .line_height = 22,          /*The maximum line height required by the font*/
    .base_line = 4,             /*Baseline measured from the bottom of the line*/
#if !(LVGL_VERSION_MAJOR == 6 && LVGL_VERSION_MINOR == 0)
    .subpx = LV_FONT_SUBPX_NONE,
#endif
#if LV_VERSION_CHECK(7, 4, 0) || LVGL_VERSION_MAJOR >= 8
    .underline_position = -2,
    .underline_thickness = 1,
#endif
    .dsc = &font_dsc,          /*The custom font data. Will be accessed by `get_glyph_bitmap/dsc` */
#if LV_VERSION_CHECK(8, 2, 0) || LVGL_VERSION_MAJOR >= 9
    .fallback = NULL,
#endif
    .user_data = NULL,
};



#endif /*#if OUTFIT_18*/

