/*******************************************************************************
 * Size: 17 px
 * Bpp: 4
 * Opts: --no-compress --bpp 4 --size 17 --font /Volumes/SSD/projects/dune-weaver-pi/dune-weaver-touch/fonts/Outfit-SemiBold.ttf -r 0x20-0x7F,0xB0,0xB7,0x2013-0x2014,0x2018-0x2019,0x201C-0x201D,0x2022,0x2026 --font /Volumes/SSD/projects/dune-weaver-pi/dune-weaver-touch/fonts/MaterialIconsRound-Regular.otf -r 0xe145,0xe39e,0xe2ea,0xe3ab,0xe5ca,0xef4a,0xe5cd,0xe872,0xe5cf,0xe88a,0xe518,0xe0f0,0xe405,0xe034,0xe037,0xe1c4,0xe05f,0xe8ac,0xe03d,0xe836,0xe5d5,0xf053,0xe8b6,0xe043,0xe044,0xe047,0xe429,0xe63e,0xf0b0,0xebe4,0xebd6,0xebe1,0xe1ba --font managed_components/lvgl__lvgl/scripts/built_in_font/FontAwesome5-Solid+Brands+Regular.woff -r 61441,61448,61451,61452,61453,61457,61459,61461,61465,61468,61473,61478,61479,61480,61502,61507,61512,61515,61516,61517,61521,61522,61523,61524,61543,61544,61550,61552,61553,61556,61559,61560,61561,61563,61587,61589,61636,61637,61639,61641,61664,61671,61674,61683,61724,61732,61787,61931,62016,62017,62018,62019,62020,62087,62099,62212,62189,62810,63426,63650 --format lvgl -o src/ui/fonts/outfit_sb_17.c
 ******************************************************************************/

#ifdef LV_LVGL_H_INCLUDE_SIMPLE
#include "lvgl.h"
#else
#include "lvgl/lvgl.h"
#endif

#ifndef OUTFIT_SB_17
#define OUTFIT_SB_17 1
#endif

#if OUTFIT_SB_17

/*-----------------
 *    BITMAPS
 *----------------*/

/*Store the image of the glyphs*/
static LV_ATTRIBUTE_LARGE_CONST const uint8_t glyph_bitmap[] = {
    /* U+0020 " " */

    /* U+0021 "!" */
    0xe, 0xf7, 0xd, 0xf6, 0xd, 0xf5, 0xc, 0xf5,
    0xb, 0xf4, 0xb, 0xf4, 0xa, 0xf3, 0xa, 0xf2,
    0x6, 0xb1, 0x0, 0x0, 0xb, 0xf5, 0x1f, 0xfa,
    0xb, 0xf4,

    /* U+0022 "\"" */
    0xf, 0xf3, 0xbf, 0x70, 0xef, 0x19, 0xf6, 0xd,
    0xf0, 0x8f, 0x50, 0xbe, 0x7, 0xf3, 0xa, 0xd0,
    0x5f, 0x20, 0x11, 0x0, 0x20,

    /* U+0023 "#" */
    0x0, 0x6, 0xf6, 0xa, 0xf2, 0x0, 0x0, 0x9f,
    0x40, 0xdf, 0x0, 0x0, 0xb, 0xf1, 0xf, 0xe0,
    0x0, 0x0, 0xdf, 0x1, 0xfb, 0x0, 0xc, 0xff,
    0xff, 0xff, 0xff, 0x60, 0xad, 0xfe, 0xce, 0xfe,
    0xc5, 0x0, 0x5f, 0x80, 0x9f, 0x40, 0x4, 0xce,
    0xfe, 0xcf, 0xfd, 0xa0, 0x5f, 0xff, 0xff, 0xff,
    0xfd, 0x0, 0xc, 0xf1, 0xf, 0xd0, 0x0, 0x0,
    0xee, 0x2, 0xfb, 0x0, 0x0, 0xf, 0xc0, 0x4f,
    0x80, 0x0, 0x3, 0xfa, 0x7, 0xf6, 0x0, 0x0,

    /* U+0024 "$" */
    0x0, 0x0, 0x8f, 0x10, 0x0, 0x0, 0x0, 0x8f,
    0x10, 0x0, 0x0, 0x1a, 0xff, 0xd7, 0x0, 0x1,
    0xef, 0xff, 0xff, 0xb0, 0x7, 0xfe, 0xbf, 0x8f,
    0x50, 0xa, 0xf9, 0x8f, 0x12, 0x0, 0x8, 0xfe,
    0xbf, 0x10, 0x0, 0x2, 0xff, 0xff, 0x70, 0x0,
    0x0, 0x4d, 0xff, 0xfe, 0x30, 0x0, 0x0, 0xaf,
    0xff, 0xd0, 0x0, 0x0, 0x8f, 0x7f, 0xf2, 0x1,
    0x50, 0x8f, 0x2f, 0xf3, 0x1d, 0xf8, 0xaf, 0xaf,
    0xf0, 0xb, 0xff, 0xff, 0xff, 0x70, 0x0, 0x6d,
    0xff, 0xc5, 0x0, 0x0, 0x0, 0x8f, 0x10, 0x0,
    0x0, 0x0, 0x48, 0x0, 0x0,

    /* U+0025 "%" */
    0x6, 0xef, 0x80, 0x0, 0xef, 0x32, 0xfc, 0xbf,
    0x50, 0x7f, 0x90, 0x5f, 0x52, 0xf8, 0x1f, 0xf1,
    0x2, 0xfe, 0xdf, 0x5a, 0xf7, 0x0, 0x5, 0xef,
    0x83, 0xfd, 0x0, 0x0, 0x0, 0x0, 0xcf, 0x50,
    0x0, 0x0, 0x0, 0x5f, 0xc0, 0x0, 0x0, 0x0,
    0xe, 0xf3, 0x0, 0x0, 0x0, 0x7, 0xfa, 0x3d,
    0xfa, 0x0, 0x1, 0xff, 0x2e, 0xfd, 0xf9, 0x0,
    0x9f, 0x72, 0xf8, 0xe, 0xc0, 0x3f, 0xe0, 0xe,
    0xea, 0xf9, 0xc, 0xf5, 0x0, 0x3d, 0xfa, 0x0,

    /* U+0026 "&" */
    0x0, 0x6, 0xdf, 0xd6, 0x0, 0x0, 0x0, 0x6f,
    0xff, 0xff, 0x70, 0x0, 0x0, 0xdf, 0xb4, 0x9e,
    0x20, 0x0, 0x0, 0xff, 0x30, 0x1, 0x0, 0x0,
    0x0, 0xef, 0x70, 0x0, 0x0, 0x0, 0x0, 0x7f,
    0xf3, 0x0, 0x0, 0x0, 0x2, 0xef, 0xfe, 0x10,
    0x0, 0x0, 0xd, 0xfa, 0xdf, 0xd0, 0x0, 0x0,
    0x2f, 0xf0, 0x1e, 0xfb, 0x0, 0x0, 0x3f, 0xf0,
    0x3, 0xff, 0x80, 0x0, 0xf, 0xf8, 0x12, 0xcf,
    0xf5, 0x0, 0x7, 0xff, 0xff, 0xff, 0xff, 0x30,
    0x0, 0x5d, 0xff, 0xb3, 0x9f, 0xe1,

    /* U+0027 "'" */
    0xf, 0xf3, 0xe, 0xf1, 0xd, 0xf0, 0xb, 0xe0,
    0xa, 0xd0, 0x1, 0x10,

    /* U+0028 "(" */
    0x0, 0x6, 0x0, 0x6, 0xf9, 0x1, 0xff, 0x20,
    0x7f, 0x80, 0xd, 0xf1, 0x1, 0xfd, 0x0, 0x4f,
    0xa0, 0x5, 0xf8, 0x0, 0x6f, 0x80, 0x5, 0xf9,
    0x0, 0x3f, 0xb0, 0x0, 0xfe, 0x0, 0xb, 0xf4,
    0x0, 0x4f, 0xb0, 0x0, 0xcf, 0x60, 0x2, 0xe5,
    0x0, 0x1, 0x0,

    /* U+0029 ")" */
    0x6, 0x0, 0x6, 0xf9, 0x0, 0xd, 0xf3, 0x0,
    0x5f, 0xa0, 0x0, 0xef, 0x0, 0xa, 0xf4, 0x0,
    0x7f, 0x70, 0x6, 0xf8, 0x0, 0x5f, 0x90, 0x6,
    0xf8, 0x0, 0x8f, 0x60, 0xc, 0xf2, 0x1, 0xfd,
    0x0, 0x9f, 0x70, 0x4f, 0xe0, 0x3, 0xe4, 0x0,
    0x1, 0x0, 0x0,

    /* U+002A "*" */
    0x0, 0x0, 0x0, 0x0, 0x1, 0x70, 0x7d, 0x30,
    0xb, 0xf5, 0xce, 0x0, 0x1, 0xce, 0xf4, 0x0,
    0x2, 0x8f, 0xff, 0xf9, 0x2f, 0xfc, 0xf6, 0xc6,
    0xa, 0x45, 0xf2, 0x0, 0x0, 0x5, 0xf7, 0x0,
    0x0, 0x1, 0x20, 0x0,

    /* U+002B "+" */
    0x0, 0x2, 0x85, 0x0, 0x0, 0x0, 0x4f, 0xb0,
    0x0, 0x0, 0x4, 0xfb, 0x0, 0x0, 0x11, 0x5f,
    0xb1, 0x10, 0x2f, 0xff, 0xff, 0xff, 0x92, 0xff,
    0xff, 0xff, 0xf9, 0x0, 0x4, 0xfb, 0x0, 0x0,
    0x0, 0x4f, 0xb0, 0x0, 0x0, 0x4, 0xfb, 0x0,
    0x0, 0x0, 0x28, 0x50, 0x0,

    /* U+002C "," */
    0x7, 0xe7, 0xe, 0xfe, 0x9, 0xfb, 0x4, 0xf3,
    0xc, 0xb0, 0x5, 0x30,

    /* U+002D "-" */
    0x2, 0x22, 0x22, 0x20, 0xff, 0xff, 0xfe, 0xf,
    0xff, 0xff, 0xe0,

    /* U+002E "." */
    0x0, 0x7, 0xf8, 0xdf, 0xd7, 0xf7,

    /* U+002F "/" */
    0x0, 0x0, 0x48, 0x40, 0x0, 0xb, 0xf4, 0x0,
    0x1, 0xff, 0x0, 0x0, 0x5f, 0xa0, 0x0, 0xa,
    0xf5, 0x0, 0x0, 0xff, 0x10, 0x0, 0x4f, 0xb0,
    0x0, 0x9, 0xf6, 0x0, 0x0, 0xef, 0x10, 0x0,
    0x3f, 0xc0, 0x0, 0x8, 0xf7, 0x0, 0x0, 0xdf,
    0x30, 0x0, 0x1f, 0xe0, 0x0, 0x6, 0xf9, 0x0,
    0x0, 0xbf, 0x40, 0x0, 0x0,

    /* U+0030 "0" */
    0x0, 0x7, 0xdf, 0xe8, 0x0, 0x0, 0xa, 0xff,
    0xff, 0xfd, 0x10, 0x6, 0xff, 0x84, 0x7f, 0xfa,
    0x0, 0xef, 0x90, 0x0, 0x6f, 0xf1, 0x2f, 0xf2,
    0x0, 0x0, 0xff, 0x65, 0xff, 0x0, 0x0, 0xc,
    0xf8, 0x6f, 0xf0, 0x0, 0x0, 0xbf, 0x95, 0xff,
    0x0, 0x0, 0xc, 0xf8, 0x2f, 0xf3, 0x0, 0x0,
    0xff, 0x60, 0xdf, 0x90, 0x0, 0x6f, 0xf1, 0x6,
    0xff, 0x94, 0x7f, 0xfa, 0x0, 0xa, 0xff, 0xff,
    0xfd, 0x10, 0x0, 0x6, 0xdf, 0xe9, 0x0, 0x0,

    /* U+0031 "1" */
    0x9f, 0xff, 0xf0, 0x9f, 0xff, 0xf0, 0x12, 0x5f,
    0xf0, 0x0, 0x4f, 0xf0, 0x0, 0x4f, 0xf0, 0x0,
    0x4f, 0xf0, 0x0, 0x4f, 0xf0, 0x0, 0x4f, 0xf0,
    0x0, 0x4f, 0xf0, 0x0, 0x4f, 0xf0, 0x0, 0x4f,
    0xf0, 0x0, 0x4f, 0xf0, 0x0, 0x4f, 0xf0,

    /* U+0032 "2" */
    0x0, 0x7d, 0xfe, 0x91, 0x0, 0xbf, 0xff, 0xff,
    0xc0, 0x5f, 0xf8, 0x48, 0xff, 0x50, 0x86, 0x0,
    0xc, 0xf8, 0x0, 0x0, 0x0, 0xcf, 0x80, 0x0,
    0x0, 0x4f, 0xf4, 0x0, 0x0, 0x1e, 0xfc, 0x0,
    0x0, 0x1d, 0xfe, 0x20, 0x0, 0xc, 0xff, 0x30,
    0x0, 0xb, 0xff, 0x40, 0x0, 0x9, 0xff, 0x72,
    0x22, 0x26, 0xff, 0xff, 0xff, 0xfd, 0x9f, 0xff,
    0xff, 0xff, 0xd0,

    /* U+0033 "3" */
    0xf, 0xff, 0xff, 0xff, 0x80, 0xff, 0xff, 0xff,
    0xf6, 0x2, 0x22, 0x3e, 0xfa, 0x0, 0x0, 0xb,
    0xfd, 0x0, 0x0, 0x8, 0xfe, 0x10, 0x0, 0x2,
    0xff, 0xfd, 0x40, 0x0, 0x19, 0x8d, 0xff, 0x20,
    0x0, 0x0, 0xd, 0xf9, 0x0, 0x0, 0x0, 0x9f,
    0xb0, 0x20, 0x0, 0xc, 0xfa, 0x1e, 0xc5, 0x4a,
    0xff, 0x65, 0xff, 0xff, 0xff, 0xb0, 0x3, 0xbf,
    0xfd, 0x70, 0x0,

    /* U+0034 "4" */
    0x0, 0x0, 0xbf, 0xd0, 0x0, 0x0, 0x3, 0xff,
    0x50, 0x0, 0x0, 0xb, 0xfd, 0x0, 0x0, 0x0,
    0x2f, 0xf5, 0x0, 0x0, 0x0, 0xaf, 0xd0, 0x33,
    0x10, 0x2, 0xff, 0x50, 0xff, 0x50, 0x9, 0xfd,
    0x0, 0xff, 0x50, 0x1f, 0xf8, 0x22, 0xff, 0x72,
    0x8f, 0xff, 0xff, 0xff, 0xfd, 0x9f, 0xff, 0xff,
    0xff, 0xfd, 0x0, 0x0, 0x0, 0xff, 0x50, 0x0,
    0x0, 0x0, 0xff, 0x50, 0x0, 0x0, 0x0, 0xff,
    0x50,

    /* U+0035 "5" */
    0x7, 0xff, 0xff, 0xff, 0x20, 0x8f, 0xff, 0xff,
    0xf2, 0xa, 0xf8, 0x22, 0x22, 0x0, 0xbf, 0x50,
    0x0, 0x0, 0xd, 0xfd, 0xff, 0xa1, 0x0, 0xcf,
    0xfe, 0xff, 0xe1, 0x1, 0x70, 0x4, 0xff, 0x70,
    0x0, 0x0, 0x9, 0xfc, 0x0, 0x0, 0x0, 0x7f,
    0xd0, 0x30, 0x0, 0xb, 0xfb, 0x2f, 0xc5, 0x49,
    0xff, 0x66, 0xff, 0xff, 0xff, 0xb0, 0x4, 0xbf,
    0xfd, 0x70, 0x0,

    /* U+0036 "6" */
    0x0, 0x0, 0x6f, 0xf3, 0x0, 0x0, 0x1, 0xff,
    0x80, 0x0, 0x0, 0xb, 0xfc, 0x0, 0x0, 0x0,
    0x5f, 0xf2, 0x0, 0x0, 0x1, 0xef, 0xff, 0xc4,
    0x0, 0x9, 0xff, 0xef, 0xff, 0x40, 0x1f, 0xf7,
    0x0, 0xcf, 0xc0, 0x6f, 0xe0, 0x0, 0x3f, 0xf1,
    0x7f, 0xc0, 0x0, 0x2f, 0xf2, 0x6f, 0xf1, 0x0,
    0x6f, 0xf0, 0x1f, 0xfc, 0x46, 0xff, 0xa0, 0x6,
    0xff, 0xff, 0xfe, 0x10, 0x0, 0x4c, 0xfe, 0xa1,
    0x0,

    /* U+0037 "7" */
    0x9f, 0xff, 0xff, 0xff, 0x89, 0xff, 0xff, 0xff,
    0xf7, 0x12, 0x22, 0x24, 0xff, 0x20, 0x0, 0x0,
    0x8f, 0xc0, 0x0, 0x0, 0xd, 0xf6, 0x0, 0x0,
    0x3, 0xff, 0x10, 0x0, 0x0, 0x9f, 0xb0, 0x0,
    0x0, 0xe, 0xf6, 0x0, 0x0, 0x5, 0xff, 0x0,
    0x0, 0x0, 0xbf, 0xa0, 0x0, 0x0, 0x1f, 0xf5,
    0x0, 0x0, 0x6, 0xff, 0x0, 0x0, 0x0, 0xcf,
    0x90, 0x0, 0x0,

    /* U+0038 "8" */
    0x0, 0x5d, 0xfe, 0x91, 0x0, 0x5f, 0xff, 0xff,
    0xc0, 0xc, 0xfa, 0x14, 0xff, 0x30, 0xef, 0x30,
    0xc, 0xf5, 0xb, 0xf8, 0x2, 0xff, 0x20, 0x2f,
    0xfe, 0xff, 0x80, 0x4, 0xff, 0xff, 0xfa, 0x1,
    0xff, 0x70, 0x2d, 0xf7, 0x5f, 0xd0, 0x0, 0x6f,
    0xc6, 0xfe, 0x0, 0x7, 0xfd, 0x3f, 0xf9, 0x35,
    0xef, 0xa0, 0xaf, 0xff, 0xff, 0xf2, 0x0, 0x7d,
    0xff, 0xb2, 0x0,

    /* U+0039 "9" */
    0x0, 0x4c, 0xff, 0xa1, 0x0, 0x5, 0xff, 0xff,
    0xfe, 0x20, 0x1f, 0xfc, 0x46, 0xff, 0xb0, 0x5f,
    0xf1, 0x0, 0x6f, 0xf0, 0x7f, 0xc0, 0x0, 0x2f,
    0xf2, 0x6f, 0xe0, 0x0, 0x4f, 0xf0, 0x2f, 0xf9,
    0x2, 0xdf, 0xb0, 0x8, 0xff, 0xff, 0xff, 0x40,
    0x0, 0x5c, 0xef, 0xfa, 0x0, 0x0, 0x0, 0x7f,
    0xe1, 0x0, 0x0, 0x3, 0xff, 0x50, 0x0, 0x0,
    0xd, 0xfb, 0x0, 0x0, 0x0, 0x8f, 0xf1, 0x0,
    0x0,

    /* U+003A ":" */
    0x9, 0xf6, 0xf, 0xfc, 0x9, 0xf6, 0x0, 0x0,
    0x0, 0x0, 0x0, 0x0, 0xa, 0xf6, 0xf, 0xfc,
    0x9, 0xf6,

    /* U+003B ";" */
    0x0, 0x0, 0xa, 0xf5, 0xf, 0xfb, 0xa, 0xf5,
    0x0, 0x0, 0x0, 0x0, 0x8, 0xe5, 0xf, 0xfc,
    0xa, 0xf9, 0x5, 0xf2, 0xd, 0xa0, 0x6, 0x20,

    /* U+003C "<" */
    0x0, 0x0, 0x0, 0x1, 0x30, 0x0, 0x0, 0x18,
    0xf9, 0x0, 0x2, 0xaf, 0xff, 0x80, 0x4b, 0xff,
    0xfa, 0x30, 0x2f, 0xff, 0x81, 0x0, 0x1, 0xff,
    0xfb, 0x40, 0x0, 0x1, 0x7e, 0xff, 0xd7, 0x0,
    0x0, 0x6, 0xdf, 0xf9, 0x0, 0x0, 0x0, 0x5c,
    0x90, 0x0, 0x0, 0x0, 0x1,

    /* U+003D "=" */
    0x1, 0x11, 0x11, 0x11, 0x2, 0xff, 0xff, 0xff,
    0xf9, 0x2f, 0xff, 0xff, 0xff, 0x90, 0x0, 0x0,
    0x0, 0x0, 0x1, 0x11, 0x11, 0x11, 0x2, 0xff,
    0xff, 0xff, 0xf9, 0x2f, 0xff, 0xff, 0xff, 0x90,

    /* U+003E ">" */
    0x13, 0x0, 0x0, 0x0, 0x2, 0xfc, 0x40, 0x0,
    0x0, 0x1f, 0xff, 0xd6, 0x0, 0x0, 0x17, 0xef,
    0xfe, 0x70, 0x0, 0x0, 0x5c, 0xff, 0x90, 0x0,
    0x28, 0xff, 0xf8, 0x3, 0xaf, 0xff, 0xb3, 0x2,
    0xff, 0xf9, 0x20, 0x0, 0x2f, 0x81, 0x0, 0x0,
    0x0, 0x0, 0x0, 0x0, 0x0,

    /* U+003F "?" */
    0x1, 0xaf, 0xfc, 0x40, 0x1e, 0xff, 0xff, 0xf4,
    0x4f, 0xe6, 0x5d, 0xfc, 0x4, 0x20, 0x6, 0xfe,
    0x0, 0x0, 0x1b, 0xfb, 0x0, 0x8, 0xff, 0xf4,
    0x0, 0x8, 0xfd, 0x40, 0x0, 0x8, 0xf6, 0x0,
    0x0, 0x3, 0x82, 0x0, 0x0, 0x0, 0x0, 0x0,
    0x0, 0x9, 0xf6, 0x0, 0x0, 0xf, 0xfc, 0x0,
    0x0, 0x8, 0xf6, 0x0,

    /* U+0040 "@" */
    0x0, 0x2, 0xae, 0xfe, 0xa3, 0x0, 0x0, 0x6f,
    0xfd, 0xcd, 0xff, 0x50, 0x4, 0xfd, 0x30, 0x0,
    0x2d, 0xf2, 0xc, 0xf2, 0x5e, 0xfe, 0xd2, 0xf9,
    0x2f, 0xa1, 0xfc, 0xaf, 0xd0, 0xce, 0x4f, 0x75,
    0xf3, 0xd, 0xd0, 0xaf, 0x4f, 0x73, 0xf7, 0x3f,
    0xe1, 0xcf, 0x2f, 0xa0, 0xaf, 0xff, 0xff, 0xfb,
    0xd, 0xf1, 0x3, 0x33, 0x55, 0x52, 0x4, 0xfd,
    0x20, 0x0, 0x54, 0x0, 0x0, 0x7f, 0xfd, 0xce,
    0xfe, 0x0, 0x0, 0x3, 0xae, 0xfe, 0x92, 0x0,

    /* U+0041 "A" */
    0x0, 0x0, 0x1f, 0xf3, 0x0, 0x0, 0x0, 0x0,
    0x6f, 0xf9, 0x0, 0x0, 0x0, 0x0, 0xcf, 0xfe,
    0x0, 0x0, 0x0, 0x2, 0xff, 0xff, 0x50, 0x0,
    0x0, 0x8, 0xfc, 0xaf, 0xb0, 0x0, 0x0, 0xd,
    0xf6, 0x4f, 0xf1, 0x0, 0x0, 0x4f, 0xf1, 0xe,
    0xf6, 0x0, 0x0, 0xaf, 0xb0, 0x9, 0xfc, 0x0,
    0x0, 0xff, 0x61, 0x14, 0xff, 0x20, 0x5, 0xff,
    0xff, 0xff, 0xff, 0x80, 0xb, 0xff, 0xff, 0xff,
    0xff, 0xe0, 0x1f, 0xf4, 0x0, 0x0, 0x2f, 0xf4,
    0x7f, 0xe0, 0x0, 0x0, 0xd, 0xfa,

    /* U+0042 "B" */
    0xcf, 0xff, 0xff, 0xc3, 0x0, 0xcf, 0xff, 0xff,
    0xff, 0x20, 0xcf, 0x80, 0x2, 0xef, 0x90, 0xcf,
    0x80, 0x0, 0xaf, 0xa0, 0xcf, 0x80, 0x2, 0xef,
    0x60, 0xcf, 0xff, 0xff, 0xfa, 0x0, 0xcf, 0xff,
    0xff, 0xfe, 0x20, 0xcf, 0x80, 0x1, 0xcf, 0xb0,
    0xcf, 0x80, 0x0, 0x4f, 0xf0, 0xcf, 0x80, 0x0,
    0x4f, 0xf1, 0xcf, 0x80, 0x1, 0xcf, 0xe0, 0xcf,
    0xff, 0xff, 0xff, 0x50, 0xcf, 0xff, 0xff, 0xc5,
    0x0,

    /* U+0043 "C" */
    0x0, 0x1, 0x8d, 0xff, 0xc6, 0x0, 0x0, 0x4e,
    0xff, 0xff, 0xff, 0xb0, 0x2, 0xff, 0xf8, 0x56,
    0xaf, 0x90, 0xb, 0xfe, 0x20, 0x0, 0x4, 0x0,
    0x1f, 0xf6, 0x0, 0x0, 0x0, 0x0, 0x4f, 0xf1,
    0x0, 0x0, 0x0, 0x0, 0x5f, 0xf0, 0x0, 0x0,
    0x0, 0x0, 0x4f, 0xf1, 0x0, 0x0, 0x0, 0x0,
    0x1f, 0xf6, 0x0, 0x0, 0x0, 0x0, 0xb, 0xfe,
    0x20, 0x0, 0x3, 0x0, 0x2, 0xff, 0xf8, 0x55,
    0xaf, 0xa0, 0x0, 0x4e, 0xff, 0xff, 0xff, 0xc0,
    0x0, 0x1, 0x8d, 0xff, 0xc6, 0x0,

    /* U+0044 "D" */
    0xcf, 0xff, 0xff, 0xc6, 0x0, 0x0, 0xcf, 0xff,
    0xff, 0xff, 0xd1, 0x0, 0xcf, 0xa3, 0x34, 0x9f,
    0xfd, 0x0, 0xcf, 0x80, 0x0, 0x4, 0xff, 0x70,
    0xcf, 0x80, 0x0, 0x0, 0xaf, 0xd0, 0xcf, 0x80,
    0x0, 0x0, 0x6f, 0xf0, 0xcf, 0x80, 0x0, 0x0,
    0x4f, 0xf1, 0xcf, 0x80, 0x0, 0x0, 0x6f, 0xf0,
    0xcf, 0x80, 0x0, 0x0, 0xaf, 0xc0, 0xcf, 0x80,
    0x0, 0x4, 0xff, 0x60, 0xcf, 0xa3, 0x34, 0x9f,
    0xfd, 0x0, 0xcf, 0xff, 0xff, 0xff, 0xd1, 0x0,
    0xcf, 0xff, 0xff, 0xc6, 0x0, 0x0,

    /* U+0045 "E" */
    0xcf, 0xff, 0xff, 0xff, 0x7c, 0xff, 0xff, 0xff,
    0xf7, 0xcf, 0xa3, 0x33, 0x33, 0x1c, 0xf8, 0x0,
    0x0, 0x0, 0xcf, 0x80, 0x0, 0x0, 0xc, 0xff,
    0xff, 0xff, 0xf0, 0xcf, 0xff, 0xff, 0xff, 0xc,
    0xf9, 0x22, 0x22, 0x10, 0xcf, 0x80, 0x0, 0x0,
    0xc, 0xf8, 0x0, 0x0, 0x0, 0xcf, 0xa3, 0x33,
    0x33, 0x1c, 0xff, 0xff, 0xff, 0xf8, 0xcf, 0xff,
    0xff, 0xff, 0x80,

    /* U+0046 "F" */
    0xcf, 0xff, 0xff, 0xff, 0x3c, 0xff, 0xff, 0xff,
    0xf3, 0xcf, 0xa3, 0x33, 0x33, 0xc, 0xf8, 0x0,
    0x0, 0x0, 0xcf, 0x80, 0x0, 0x0, 0xc, 0xfa,
    0x33, 0x33, 0x30, 0xcf, 0xff, 0xff, 0xff, 0xc,
    0xff, 0xff, 0xff, 0xf0, 0xcf, 0x80, 0x0, 0x0,
    0xc, 0xf8, 0x0, 0x0, 0x0, 0xcf, 0x80, 0x0,
    0x0, 0xc, 0xf8, 0x0, 0x0, 0x0, 0xcf, 0x80,
    0x0, 0x0, 0x0,

    /* U+0047 "G" */
    0x0, 0x1, 0x8d, 0xff, 0xc6, 0x0, 0x0, 0x3,
    0xef, 0xff, 0xff, 0xfd, 0x10, 0x2, 0xff, 0xf8,
    0x55, 0xaf, 0xf5, 0x0, 0xbf, 0xe2, 0x0, 0x0,
    0x47, 0x0, 0x1f, 0xf6, 0x0, 0x0, 0x0, 0x0,
    0x4, 0xff, 0x10, 0x1, 0x33, 0x33, 0x32, 0x5f,
    0xf0, 0x0, 0x6f, 0xff, 0xff, 0xa4, 0xff, 0x10,
    0x6, 0xff, 0xff, 0xf9, 0x1f, 0xf6, 0x0, 0x0,
    0x0, 0xef, 0x60, 0xbf, 0xe2, 0x0, 0x0, 0x7f,
    0xf1, 0x2, 0xff, 0xf8, 0x55, 0xbf, 0xf9, 0x0,
    0x3, 0xef, 0xff, 0xff, 0xfb, 0x0, 0x0, 0x1,
    0x8d, 0xff, 0xc6, 0x0, 0x0,

    /* U+0048 "H" */
    0xcf, 0x80, 0x0, 0x4, 0xff, 0xc, 0xf8, 0x0,
    0x0, 0x4f, 0xf0, 0xcf, 0x80, 0x0, 0x4, 0xff,
    0xc, 0xf8, 0x0, 0x0, 0x4f, 0xf0, 0xcf, 0x80,
    0x0, 0x4, 0xff, 0xc, 0xff, 0xff, 0xff, 0xff,
    0xf0, 0xcf, 0xff, 0xff, 0xff, 0xff, 0xc, 0xfa,
    0x33, 0x33, 0x6f, 0xf0, 0xcf, 0x80, 0x0, 0x4,
    0xff, 0xc, 0xf8, 0x0, 0x0, 0x4f, 0xf0, 0xcf,
    0x80, 0x0, 0x4, 0xff, 0xc, 0xf8, 0x0, 0x0,
    0x4f, 0xf0, 0xcf, 0x80, 0x0, 0x4, 0xff, 0x0,

    /* U+0049 "I" */
    0xcf, 0x8c, 0xf8, 0xcf, 0x8c, 0xf8, 0xcf, 0x8c,
    0xf8, 0xcf, 0x8c, 0xf8, 0xcf, 0x8c, 0xf8, 0xcf,
    0x8c, 0xf8, 0xcf, 0x80,

    /* U+004A "J" */
    0x0, 0x0, 0xa, 0xfa, 0x0, 0x0, 0xa, 0xfa,
    0x0, 0x0, 0xa, 0xfa, 0x0, 0x0, 0xa, 0xfa,
    0x0, 0x0, 0xa, 0xfa, 0x0, 0x0, 0xa, 0xfa,
    0x0, 0x0, 0xa, 0xfa, 0x0, 0x0, 0xa, 0xfa,
    0x0, 0x0, 0xa, 0xfa, 0x0, 0x0, 0xc, 0xf9,
    0xc, 0xa5, 0x9f, 0xf5, 0x6f, 0xff, 0xff, 0xb0,
    0x6, 0xdf, 0xe8, 0x0,

    /* U+004B "K" */
    0xcf, 0x80, 0x0, 0x2f, 0xfc, 0xc, 0xf8, 0x0,
    0x1d, 0xfd, 0x10, 0xcf, 0x80, 0xb, 0xff, 0x20,
    0xc, 0xf8, 0x8, 0xff, 0x40, 0x0, 0xcf, 0x85,
    0xff, 0x70, 0x0, 0xc, 0xfb, 0xff, 0x90, 0x0,
    0x0, 0xcf, 0xef, 0xf5, 0x0, 0x0, 0xc, 0xf8,
    0xbf, 0xf2, 0x0, 0x0, 0xcf, 0x81, 0xef, 0xd0,
    0x0, 0xc, 0xf8, 0x3, 0xff, 0xa0, 0x0, 0xcf,
    0x80, 0x7, 0xff, 0x60, 0xc, 0xf8, 0x0, 0xb,
    0xff, 0x30, 0xcf, 0x80, 0x0, 0x1d, 0xfe, 0x10,

    /* U+004C "L" */
    0xcf, 0x80, 0x0, 0x0, 0xc, 0xf8, 0x0, 0x0,
    0x0, 0xcf, 0x80, 0x0, 0x0, 0xc, 0xf8, 0x0,
    0x0, 0x0, 0xcf, 0x80, 0x0, 0x0, 0xc, 0xf8,
    0x0, 0x0, 0x0, 0xcf, 0x80, 0x0, 0x0, 0xc,
    0xf8, 0x0, 0x0, 0x0, 0xcf, 0x80, 0x0, 0x0,
    0xc, 0xf8, 0x0, 0x0, 0x0, 0xcf, 0xa3, 0x33,
    0x33, 0xc, 0xff, 0xff, 0xff, 0xf0, 0xcf, 0xff,
    0xff, 0xff, 0x0,

    /* U+004D "M" */
    0xcf, 0x20, 0x0, 0x0, 0x0, 0xbf, 0x3c, 0xfb,
    0x0, 0x0, 0x0, 0x4f, 0xf3, 0xcf, 0xf4, 0x0,
    0x0, 0xd, 0xff, 0x3c, 0xff, 0xd0, 0x0, 0x6,
    0xff, 0xf3, 0xcf, 0xff, 0x70, 0x0, 0xef, 0xff,
    0x3c, 0xfd, 0xfe, 0x10, 0x8f, 0xdf, 0xf3, 0xcf,
    0x8c, 0xf9, 0x2f, 0xf4, 0xff, 0x3c, 0xf8, 0x3f,
    0xfc, 0xfa, 0x1f, 0xf3, 0xcf, 0x80, 0x9f, 0xff,
    0x11, 0xff, 0x3c, 0xf8, 0x1, 0xff, 0x70, 0x1f,
    0xf3, 0xcf, 0x80, 0x3, 0x50, 0x1, 0xff, 0x3c,
    0xf8, 0x0, 0x0, 0x0, 0x1f, 0xf3, 0xcf, 0x80,
    0x0, 0x0, 0x1, 0xff, 0x30,

    /* U+004E "N" */
    0xcf, 0x30, 0x0, 0x2, 0xff, 0x2c, 0xfd, 0x0,
    0x0, 0x2f, 0xf2, 0xcf, 0xfa, 0x0, 0x2, 0xff,
    0x2c, 0xff, 0xf5, 0x0, 0x2f, 0xf2, 0xcf, 0xef,
    0xf2, 0x2, 0xff, 0x2c, 0xf8, 0xcf, 0xc0, 0x2f,
    0xf2, 0xcf, 0x82, 0xff, 0x82, 0xff, 0x2c, 0xf8,
    0x5, 0xff, 0x6f, 0xf2, 0xcf, 0x80, 0xa, 0xff,
    0xff, 0x2c, 0xf8, 0x0, 0xd, 0xff, 0xf2, 0xcf,
    0x80, 0x0, 0x3f, 0xff, 0x2c, 0xf8, 0x0, 0x0,
    0x7f, 0xf2, 0xcf, 0x80, 0x0, 0x0, 0xcf, 0x20,

    /* U+004F "O" */
    0x0, 0x1, 0x8d, 0xff, 0xc5, 0x0, 0x0, 0x4,
    0xef, 0xff, 0xff, 0xfb, 0x0, 0x2, 0xff, 0xe8,
    0x55, 0xaf, 0xfb, 0x0, 0xbf, 0xe1, 0x0, 0x0,
    0x7f, 0xf4, 0x1f, 0xf5, 0x0, 0x0, 0x0, 0xcf,
    0xb5, 0xff, 0x10, 0x0, 0x0, 0x7, 0xfe, 0x6f,
    0xf0, 0x0, 0x0, 0x0, 0x6f, 0xf5, 0xff, 0x10,
    0x0, 0x0, 0x7, 0xfe, 0x1f, 0xf6, 0x0, 0x0,
    0x0, 0xcf, 0xb0, 0xbf, 0xe2, 0x0, 0x0, 0x7f,
    0xf4, 0x2, 0xff, 0xf8, 0x56, 0xbf, 0xfa, 0x0,
    0x3, 0xef, 0xff, 0xff, 0xfb, 0x0, 0x0, 0x1,
    0x8d, 0xff, 0xc5, 0x0, 0x0,

    /* U+0050 "P" */
    0xcf, 0xff, 0xff, 0xb3, 0xc, 0xff, 0xff, 0xff,
    0xf2, 0xcf, 0x80, 0x3, 0xef, 0xac, 0xf8, 0x0,
    0x6, 0xfe, 0xcf, 0x80, 0x0, 0x6f, 0xec, 0xf8,
    0x0, 0x3e, 0xfb, 0xcf, 0xff, 0xff, 0xff, 0x3c,
    0xff, 0xff, 0xfb, 0x30, 0xcf, 0x80, 0x0, 0x0,
    0xc, 0xf8, 0x0, 0x0, 0x0, 0xcf, 0x80, 0x0,
    0x0, 0xc, 0xf8, 0x0, 0x0, 0x0, 0xcf, 0x80,
    0x0, 0x0, 0x0,

    /* U+0051 "Q" */
    0x0, 0x1, 0x8d, 0xff, 0xc5, 0x0, 0x0, 0x0,
    0x4e, 0xff, 0xff, 0xff, 0xb0, 0x0, 0x2, 0xff,
    0xf8, 0x55, 0xaf, 0xfb, 0x0, 0xb, 0xfe, 0x20,
    0x0, 0x7, 0xff, 0x40, 0x1f, 0xf6, 0x0, 0x0,
    0x0, 0xcf, 0xb0, 0x4f, 0xf1, 0x0, 0x0, 0x0,
    0x7f, 0xe0, 0x5f, 0xf0, 0x0, 0x1, 0x30, 0x6f,
    0xf0, 0x4f, 0xf1, 0x0, 0xc, 0xe3, 0x7f, 0xe0,
    0x1f, 0xf6, 0x0, 0xb, 0xfe, 0xdf, 0xb0, 0xb,
    0xfe, 0x20, 0x0, 0xcf, 0xff, 0x40, 0x2, 0xff,
    0xf8, 0x56, 0xbf, 0xff, 0x10, 0x0, 0x3e, 0xff,
    0xff, 0xff, 0xff, 0xd1, 0x0, 0x1, 0x8d, 0xff,
    0xc5, 0x1d, 0xf5, 0x0, 0x0, 0x0, 0x0, 0x0,
    0x2, 0x60,

    /* U+0052 "R" */
    0xcf, 0xff, 0xff, 0xb2, 0x0, 0xcf, 0xff, 0xff,
    0xfe, 0x10, 0xcf, 0x80, 0x3, 0xff, 0x80, 0xcf,
    0x80, 0x0, 0x9f, 0xb0, 0xcf, 0x80, 0x0, 0x9f,
    0xb0, 0xcf, 0x80, 0x3, 0xef, 0x80, 0xcf, 0xff,
    0xff, 0xfe, 0x10, 0xcf, 0xff, 0xff, 0x91, 0x0,
    0xcf, 0x8a, 0xfe, 0x20, 0x0, 0xcf, 0x80, 0xdf,
    0xc0, 0x0, 0xcf, 0x80, 0x2f, 0xf9, 0x0, 0xcf,
    0x80, 0x6, 0xff, 0x60, 0xcf, 0x80, 0x0, 0xaf,
    0xf3,

    /* U+0053 "S" */
    0x0, 0x3b, 0xff, 0xd6, 0x0, 0x3, 0xff, 0xff,
    0xff, 0xb0, 0xb, 0xfd, 0x43, 0x9f, 0x50, 0xd,
    0xf7, 0x0, 0x2, 0x0, 0xc, 0xfd, 0x30, 0x0,
    0x0, 0x5, 0xff, 0xfc, 0x50, 0x0, 0x0, 0x6e,
    0xff, 0xfd, 0x10, 0x0, 0x0, 0x5c, 0xff, 0xb0,
    0x0, 0x0, 0x0, 0x8f, 0xf0, 0x5, 0x20, 0x0,
    0x4f, 0xf1, 0x4f, 0xe6, 0x34, 0xcf, 0xe0, 0x2e,
    0xff, 0xff, 0xff, 0x50, 0x1, 0x9e, 0xff, 0xb4,
    0x0,

    /* U+0054 "T" */
    0xaf, 0xff, 0xff, 0xff, 0xff, 0x5a, 0xff, 0xff,
    0xff, 0xff, 0xf5, 0x23, 0x33, 0xdf, 0x93, 0x33,
    0x10, 0x0, 0xd, 0xf8, 0x0, 0x0, 0x0, 0x0,
    0xdf, 0x80, 0x0, 0x0, 0x0, 0xd, 0xf8, 0x0,
    0x0, 0x0, 0x0, 0xdf, 0x80, 0x0, 0x0, 0x0,
    0xd, 0xf8, 0x0, 0x0, 0x0, 0x0, 0xdf, 0x80,
    0x0, 0x0, 0x0, 0xd, 0xf8, 0x0, 0x0, 0x0,
    0x0, 0xdf, 0x80, 0x0, 0x0, 0x0, 0xd, 0xf8,
    0x0, 0x0, 0x0, 0x0, 0xdf, 0x80, 0x0, 0x0,

    /* U+0055 "U" */
    0xef, 0x60, 0x0, 0x8, 0xfc, 0xef, 0x60, 0x0,
    0x8, 0xfc, 0xef, 0x60, 0x0, 0x8, 0xfc, 0xef,
    0x60, 0x0, 0x8, 0xfc, 0xef, 0x60, 0x0, 0x8,
    0xfc, 0xef, 0x60, 0x0, 0x8, 0xfc, 0xef, 0x60,
    0x0, 0x8, 0xfc, 0xef, 0x60, 0x0, 0x8, 0xfc,
    0xef, 0x70, 0x0, 0x9, 0xfb, 0xbf, 0xc0, 0x0,
    0x1e, 0xf8, 0x4f, 0xfc, 0x56, 0xdf, 0xf2, 0x8,
    0xff, 0xff, 0xff, 0x60, 0x0, 0x5c, 0xff, 0xb4,
    0x0,

    /* U+0056 "V" */
    0x7f, 0xf0, 0x0, 0x0, 0xf, 0xf7, 0x1f, 0xf5,
    0x0, 0x0, 0x5f, 0xf1, 0xc, 0xfb, 0x0, 0x0,
    0xaf, 0xb0, 0x6, 0xff, 0x10, 0x1, 0xff, 0x50,
    0x1, 0xff, 0x60, 0x6, 0xff, 0x0, 0x0, 0xaf,
    0xb0, 0xb, 0xfa, 0x0, 0x0, 0x4f, 0xf1, 0x1f,
    0xf4, 0x0, 0x0, 0xe, 0xf6, 0x6f, 0xe0, 0x0,
    0x0, 0x9, 0xfc, 0xcf, 0x80, 0x0, 0x0, 0x3,
    0xff, 0xff, 0x20, 0x0, 0x0, 0x0, 0xdf, 0xfc,
    0x0, 0x0, 0x0, 0x0, 0x7f, 0xf7, 0x0, 0x0,
    0x0, 0x0, 0x2f, 0xf1, 0x0, 0x0,

    /* U+0057 "W" */
    0x7f, 0xc0, 0x0, 0x9, 0xf7, 0x0, 0x0, 0xef,
    0x52, 0xff, 0x10, 0x0, 0xdf, 0xb0, 0x0, 0x3f,
    0xf1, 0xe, 0xf6, 0x0, 0x2f, 0xff, 0x0, 0x7,
    0xfc, 0x0, 0x9f, 0xa0, 0x6, 0xff, 0xf4, 0x0,
    0xcf, 0x70, 0x4, 0xfe, 0x0, 0xbf, 0xef, 0x90,
    0x1f, 0xf2, 0x0, 0xf, 0xf3, 0xf, 0xf5, 0xfd,
    0x5, 0xfd, 0x0, 0x0, 0xbf, 0x84, 0xfd, 0xf,
    0xf2, 0xaf, 0x80, 0x0, 0x6, 0xfd, 0x8f, 0x80,
    0xaf, 0x6e, 0xf4, 0x0, 0x0, 0x1f, 0xfe, 0xf4,
    0x6, 0xfe, 0xff, 0x0, 0x0, 0x0, 0xcf, 0xff,
    0x0, 0x1f, 0xff, 0xa0, 0x0, 0x0, 0x7, 0xff,
    0xb0, 0x0, 0xdf, 0xf5, 0x0, 0x0, 0x0, 0x3f,
    0xf6, 0x0, 0x8, 0xff, 0x10, 0x0, 0x0, 0x0,
    0xef, 0x20, 0x0, 0x4f, 0xc0, 0x0, 0x0,

    /* U+0058 "X" */
    0x2f, 0xf9, 0x0, 0x0, 0x7f, 0xf2, 0x7, 0xff,
    0x30, 0x1, 0xff, 0x80, 0x0, 0xdf, 0xd0, 0xa,
    0xfd, 0x0, 0x0, 0x3f, 0xf7, 0x4f, 0xf4, 0x0,
    0x0, 0x8, 0xff, 0xef, 0x90, 0x0, 0x0, 0x0,
    0xdf, 0xfe, 0x10, 0x0, 0x0, 0x0, 0x9f, 0xfb,
    0x0, 0x0, 0x0, 0x2, 0xff, 0xff, 0x40, 0x0,
    0x0, 0xc, 0xfc, 0xbf, 0xd0, 0x0, 0x0, 0x6f,
    0xf2, 0x2f, 0xf8, 0x0, 0x1, 0xff, 0x80, 0x8,
    0xff, 0x20, 0xb, 0xfd, 0x0, 0x0, 0xef, 0xb0,
    0x5f, 0xf4, 0x0, 0x0, 0x5f, 0xf5,

    /* U+0059 "Y" */
    0x6f, 0xf3, 0x0, 0x0, 0xaf, 0xe0, 0xd, 0xfc,
    0x0, 0x3, 0xff, 0x60, 0x4, 0xff, 0x50, 0xb,
    0xfd, 0x0, 0x0, 0xbf, 0xd0, 0x4f, 0xf4, 0x0,
    0x0, 0x2f, 0xf6, 0xcf, 0xb0, 0x0, 0x0, 0x9,
    0xff, 0xff, 0x20, 0x0, 0x0, 0x1, 0xff, 0xf9,
    0x0, 0x0, 0x0, 0x0, 0x8f, 0xf1, 0x0, 0x0,
    0x0, 0x0, 0x6f, 0xf0, 0x0, 0x0, 0x0, 0x0,
    0x6f, 0xf0, 0x0, 0x0, 0x0, 0x0, 0x6f, 0xf0,
    0x0, 0x0, 0x0, 0x0, 0x6f, 0xf0, 0x0, 0x0,
    0x0, 0x0, 0x6f, 0xf0, 0x0, 0x0,

    /* U+005A "Z" */
    0x1f, 0xff, 0xff, 0xff, 0xf9, 0x1f, 0xff, 0xff,
    0xff, 0xf8, 0x3, 0x33, 0x33, 0xcf, 0xf1, 0x0,
    0x0, 0x5, 0xff, 0x60, 0x0, 0x0, 0x1e, 0xfb,
    0x0, 0x0, 0x0, 0xaf, 0xf2, 0x0, 0x0, 0x5,
    0xff, 0x60, 0x0, 0x0, 0x1e, 0xfc, 0x0, 0x0,
    0x0, 0xaf, 0xf2, 0x0, 0x0, 0x4, 0xff, 0x70,
    0x0, 0x0, 0xe, 0xfe, 0x33, 0x33, 0x31, 0x7f,
    0xff, 0xff, 0xff, 0xf7, 0x7f, 0xff, 0xff, 0xff,
    0xf7,

    /* U+005B "[" */
    0xdf, 0xff, 0x5d, 0xfd, 0xd4, 0xdf, 0x0, 0xd,
    0xf0, 0x0, 0xdf, 0x0, 0xd, 0xf0, 0x0, 0xdf,
    0x0, 0xd, 0xf0, 0x0, 0xdf, 0x0, 0xd, 0xf0,
    0x0, 0xdf, 0x0, 0xd, 0xf0, 0x0, 0xdf, 0x0,
    0xd, 0xfd, 0xd4, 0xdf, 0xff, 0x50,

    /* U+005C "\\" */
    0x68, 0x10, 0x0, 0x9, 0xf6, 0x0, 0x0, 0x4f,
    0xb0, 0x0, 0x0, 0xff, 0x0, 0x0, 0xa, 0xf5,
    0x0, 0x0, 0x5f, 0xa0, 0x0, 0x1, 0xff, 0x0,
    0x0, 0xb, 0xf4, 0x0, 0x0, 0x6f, 0x90, 0x0,
    0x1, 0xfe, 0x0, 0x0, 0xc, 0xf3, 0x0, 0x0,
    0x8f, 0x70, 0x0, 0x3, 0xfc, 0x0, 0x0, 0xe,
    0xf1, 0x0, 0x0, 0x9f, 0x60,

    /* U+005D "]" */
    0x7f, 0xff, 0xb5, 0xdd, 0xfb, 0x0, 0x2f, 0xb0,
    0x2, 0xfb, 0x0, 0x2f, 0xb0, 0x2, 0xfb, 0x0,
    0x2f, 0xb0, 0x2, 0xfb, 0x0, 0x2f, 0xb0, 0x2,
    0xfb, 0x0, 0x2f, 0xb0, 0x2, 0xfb, 0x0, 0x2f,
    0xb6, 0xdd, 0xfb, 0x7f, 0xff, 0xb0,

    /* U+005E "^" */
    0x0, 0x1f, 0xd0, 0x0, 0x0, 0x9f, 0xf5, 0x0,
    0x1, 0xfa, 0xdd, 0x0, 0x9, 0xf2, 0x5f, 0x50,
    0x1f, 0xb0, 0xd, 0xd0,

    /* U+005F "_" */
    0xff, 0xff, 0xff, 0xff, 0x5f, 0xff, 0xff, 0xff,
    0xf6,

    /* U+0060 "`" */
    0x2, 0x60, 0x0, 0xdf, 0x40, 0x9, 0xff, 0x20,
    0x4, 0xe3, 0x0, 0x0, 0x0,

    /* U+0061 "a" */
    0x0, 0x7d, 0xfd, 0x7f, 0xf0, 0x8, 0xff, 0xff,
    0xff, 0xf0, 0x2f, 0xfb, 0x45, 0xef, 0xf0, 0x6f,
    0xe0, 0x0, 0x4f, 0xf0, 0x8f, 0xc0, 0x0, 0x1f,
    0xf0, 0x6f, 0xe0, 0x0, 0x4f, 0xf0, 0x2f, 0xfb,
    0x45, 0xef, 0xf0, 0x8, 0xff, 0xff, 0xff, 0xf0,
    0x0, 0x7d, 0xfc, 0x7f, 0xf0,

    /* U+0062 "b" */
    0xf, 0xf3, 0x0, 0x0, 0x0, 0xf, 0xf3, 0x0,
    0x0, 0x0, 0xf, 0xf3, 0x0, 0x0, 0x0, 0xf,
    0xf3, 0x0, 0x0, 0x0, 0xf, 0xf8, 0xdf, 0xd7,
    0x0, 0xf, 0xff, 0xff, 0xff, 0x80, 0xf, 0xfe,
    0x54, 0xbf, 0xf2, 0xf, 0xf4, 0x0, 0xe, 0xf6,
    0xf, 0xf1, 0x0, 0xc, 0xf8, 0xf, 0xf4, 0x0,
    0xe, 0xf6, 0xf, 0xfe, 0x54, 0xbf, 0xf2, 0xf,
    0xff, 0xff, 0xff, 0x80, 0xf, 0xf7, 0xdf, 0xd7,
    0x0,

    /* U+0063 "c" */
    0x0, 0x4c, 0xff, 0xa2, 0x0, 0x7f, 0xff, 0xff,
    0xd0, 0x2f, 0xfc, 0x45, 0xc2, 0x7, 0xfe, 0x0,
    0x0, 0x0, 0x8f, 0xb0, 0x0, 0x0, 0x7, 0xfe,
    0x0, 0x0, 0x0, 0x2f, 0xfb, 0x45, 0xc3, 0x0,
    0x7f, 0xff, 0xff, 0xd0, 0x0, 0x5c, 0xff, 0xa2,
    0x0,

    /* U+0064 "d" */
    0x0, 0x0, 0x0, 0x3f, 0xf0, 0x0, 0x0, 0x0,
    0x3f, 0xf0, 0x0, 0x0, 0x0, 0x3f, 0xf0, 0x0,
    0x0, 0x0, 0x3f, 0xf0, 0x0, 0x7d, 0xfd, 0x8f,
    0xf0, 0x8, 0xff, 0xff, 0xff, 0xf0, 0x2f, 0xfb,
    0x45, 0xef, 0xf0, 0x6f, 0xe0, 0x0, 0x4f, 0xf0,
    0x8f, 0xc0, 0x0, 0x1f, 0xf0, 0x6f, 0xe0, 0x0,
    0x4f, 0xf0, 0x2f, 0xfb, 0x45, 0xef, 0xf0, 0x8,
    0xff, 0xff, 0xff, 0xf0, 0x0, 0x7d, 0xfd, 0x7f,
    0xf0,

    /* U+0065 "e" */
    0x0, 0x5c, 0xfe, 0xa1, 0x0, 0x7f, 0xff, 0xff,
    0xd1, 0x2f, 0xf6, 0x2, 0xcf, 0x87, 0xff, 0xcc,
    0xce, 0xfc, 0x8f, 0xff, 0xff, 0xff, 0xc7, 0xfc,
    0x0, 0x0, 0x0, 0x2f, 0xf7, 0x1, 0x96, 0x0,
    0x7f, 0xff, 0xff, 0xf1, 0x0, 0x5c, 0xff, 0xb3,
    0x0,

    /* U+0066 "f" */
    0x0, 0x6, 0xdf, 0xd4, 0x0, 0x5f, 0xff, 0xf8,
    0x0, 0xcf, 0xb3, 0x50, 0x0, 0xef, 0x50, 0x0,
    0xdf, 0xff, 0xff, 0xb0, 0xdf, 0xff, 0xff, 0xb0,
    0x11, 0xff, 0x61, 0x10, 0x0, 0xef, 0x40, 0x0,
    0x0, 0xef, 0x40, 0x0, 0x0, 0xef, 0x40, 0x0,
    0x0, 0xef, 0x40, 0x0, 0x0, 0xef, 0x40, 0x0,
    0x0, 0xef, 0x40, 0x0,

    /* U+0067 "g" */
    0x0, 0x7e, 0xfc, 0x9f, 0xe0, 0x9f, 0xff, 0xff,
    0xfe, 0x3f, 0xf8, 0x2, 0xef, 0xe7, 0xfd, 0x0,
    0x5, 0xfe, 0x8f, 0xb0, 0x0, 0x3f, 0xe7, 0xfe,
    0x0, 0x7, 0xfe, 0x2f, 0xfa, 0x35, 0xef, 0xe0,
    0x9f, 0xff, 0xff, 0xfe, 0x0, 0x7e, 0xfc, 0x9f,
    0xd0, 0x10, 0x0, 0x8, 0xfc, 0x1d, 0xc4, 0x36,
    0xff, 0x73, 0xff, 0xff, 0xff, 0xc0, 0x2, 0xae,
    0xfe, 0x80, 0x0,

    /* U+0068 "h" */
    0xf, 0xf3, 0x0, 0x0, 0x0, 0xff, 0x30, 0x0,
    0x0, 0xf, 0xf3, 0x0, 0x0, 0x0, 0xff, 0x30,
    0x0, 0x0, 0xf, 0xf7, 0xdf, 0xd5, 0x0, 0xff,
    0xff, 0xff, 0xf3, 0xf, 0xfc, 0x35, 0xff, 0xa0,
    0xff, 0x40, 0x8, 0xfb, 0xf, 0xf3, 0x0, 0x7f,
    0xb0, 0xff, 0x30, 0x7, 0xfb, 0xf, 0xf3, 0x0,
    0x7f, 0xb0, 0xff, 0x30, 0x7, 0xfb, 0xf, 0xf3,
    0x0, 0x7f, 0xb0,

    /* U+0069 "i" */
    0xc, 0xe1, 0x1f, 0xf5, 0x8, 0xa0, 0x0, 0x0,
    0xf, 0xf3, 0xf, 0xf3, 0xf, 0xf3, 0xf, 0xf3,
    0xf, 0xf3, 0xf, 0xf3, 0xf, 0xf3, 0xf, 0xf3,
    0xf, 0xf3,

    /* U+006A "j" */
    0x0, 0x0, 0x9f, 0x40, 0x0, 0xe, 0xf8, 0x0,
    0x0, 0x5b, 0x20, 0x0, 0x0, 0x0, 0x0, 0x0,
    0xdf, 0x60, 0x0, 0xd, 0xf6, 0x0, 0x0, 0xdf,
    0x60, 0x0, 0xd, 0xf6, 0x0, 0x0, 0xdf, 0x60,
    0x0, 0xd, 0xf6, 0x0, 0x0, 0xdf, 0x60, 0x0,
    0xd, 0xf6, 0x0, 0x0, 0xdf, 0x60, 0x0, 0xd,
    0xf6, 0x1, 0x64, 0xff, 0x40, 0xdf, 0xff, 0xe0,
    0x6, 0xef, 0xc2, 0x0,

    /* U+006B "k" */
    0xf, 0xf3, 0x0, 0x0, 0x0, 0xff, 0x30, 0x0,
    0x0, 0xf, 0xf3, 0x0, 0x0, 0x0, 0xff, 0x30,
    0x0, 0x0, 0xf, 0xf3, 0x2, 0xff, 0x60, 0xff,
    0x30, 0xdf, 0xa0, 0xf, 0xf3, 0x9f, 0xd0, 0x0,
    0xff, 0x8f, 0xf2, 0x0, 0xf, 0xff, 0xfc, 0x0,
    0x0, 0xff, 0x6f, 0xf6, 0x0, 0xf, 0xf3, 0x7f,
    0xf2, 0x0, 0xff, 0x30, 0xcf, 0xd0, 0xf, 0xf3,
    0x2, 0xff, 0x90,

    /* U+006C "l" */
    0xf, 0xf3, 0xf, 0xf3, 0xf, 0xf3, 0xf, 0xf3,
    0xf, 0xf3, 0xf, 0xf3, 0xf, 0xf3, 0xf, 0xf3,
    0xf, 0xf3, 0xf, 0xf3, 0xf, 0xf3, 0xf, 0xf3,
    0xf, 0xf3,

    /* U+006D "m" */
    0xf, 0xf8, 0xdf, 0xd4, 0x3c, 0xfe, 0x70, 0xf,
    0xff, 0xff, 0xff, 0xff, 0xff, 0xf6, 0xf, 0xfa,
    0x3, 0xff, 0xe2, 0x1b, 0xfd, 0xf, 0xf4, 0x0,
    0xaf, 0xa0, 0x5, 0xfe, 0xf, 0xf3, 0x0, 0xaf,
    0x90, 0x4, 0xfe, 0xf, 0xf3, 0x0, 0xaf, 0x90,
    0x4, 0xfe, 0xf, 0xf3, 0x0, 0xaf, 0x90, 0x4,
    0xfe, 0xf, 0xf3, 0x0, 0xaf, 0x90, 0x4, 0xfe,
    0xf, 0xf3, 0x0, 0xaf, 0x90, 0x4, 0xfe,

    /* U+006E "n" */
    0xf, 0xf7, 0xcf, 0xd4, 0x0, 0xff, 0xff, 0xff,
    0xf2, 0xf, 0xfc, 0x35, 0xff, 0x90, 0xff, 0x40,
    0x8, 0xfb, 0xf, 0xf3, 0x0, 0x7f, 0xb0, 0xff,
    0x30, 0x7, 0xfb, 0xf, 0xf3, 0x0, 0x7f, 0xb0,
    0xff, 0x30, 0x7, 0xfb, 0xf, 0xf3, 0x0, 0x7f,
    0xb0,

    /* U+006F "o" */
    0x0, 0x5c, 0xff, 0xa2, 0x0, 0x7, 0xff, 0xff,
    0xff, 0x20, 0x2f, 0xfb, 0x45, 0xef, 0xc0, 0x7f,
    0xe0, 0x0, 0x4f, 0xf1, 0x8f, 0xb0, 0x0, 0x1f,
    0xf3, 0x7f, 0xe0, 0x0, 0x4f, 0xf1, 0x2f, 0xfb,
    0x45, 0xef, 0xc0, 0x7, 0xff, 0xff, 0xff, 0x20,
    0x0, 0x4c, 0xff, 0xa2, 0x0,

    /* U+0070 "p" */
    0xf, 0xf8, 0xdf, 0xd7, 0x0, 0xf, 0xff, 0xff,
    0xff, 0x80, 0xf, 0xfe, 0x54, 0xbf, 0xf2, 0xf,
    0xf4, 0x0, 0xe, 0xf6, 0xf, 0xf1, 0x0, 0xc,
    0xf8, 0xf, 0xf4, 0x0, 0xe, 0xf6, 0xf, 0xfe,
    0x54, 0xbf, 0xf2, 0xf, 0xff, 0xff, 0xff, 0x80,
    0xf, 0xf8, 0xdf, 0xd7, 0x0, 0xf, 0xf3, 0x0,
    0x0, 0x0, 0xf, 0xf3, 0x0, 0x0, 0x0, 0xf,
    0xf3, 0x0, 0x0, 0x0, 0xf, 0xf3, 0x0, 0x0,
    0x0,

    /* U+0071 "q" */
    0x0, 0x7d, 0xfd, 0x7f, 0xf0, 0x8, 0xff, 0xff,
    0xff, 0xf0, 0x2f, 0xfb, 0x45, 0xef, 0xf0, 0x6f,
    0xe0, 0x0, 0x4f, 0xf0, 0x8f, 0xc0, 0x0, 0x1f,
    0xf0, 0x6f, 0xe0, 0x0, 0x4f, 0xf0, 0x2f, 0xfb,
    0x45, 0xef, 0xf0, 0x8, 0xff, 0xff, 0xff, 0xf0,
    0x0, 0x7d, 0xfc, 0x7f, 0xf0, 0x0, 0x0, 0x0,
    0x3f, 0xf0, 0x0, 0x0, 0x0, 0x3f, 0xf0, 0x0,
    0x0, 0x0, 0x3f, 0xf0, 0x0, 0x0, 0x0, 0x3f,
    0xf0,

    /* U+0072 "r" */
    0xf, 0xf8, 0xdf, 0xc1, 0xf, 0xff, 0xff, 0xa0,
    0xf, 0xfb, 0x3, 0x0, 0xf, 0xf4, 0x0, 0x0,
    0xf, 0xf3, 0x0, 0x0, 0xf, 0xf3, 0x0, 0x0,
    0xf, 0xf3, 0x0, 0x0, 0xf, 0xf3, 0x0, 0x0,
    0xf, 0xf3, 0x0, 0x0,

    /* U+0073 "s" */
    0x2, 0xbf, 0xfb, 0x20, 0xe, 0xff, 0xff, 0xe0,
    0x3f, 0xf2, 0x29, 0x40, 0x1f, 0xfb, 0x61, 0x0,
    0x6, 0xff, 0xff, 0x40, 0x0, 0x5, 0xcf, 0xe0,
    0x1c, 0x51, 0x4f, 0xf0, 0x8f, 0xff, 0xff, 0xb0,
    0x6, 0xcf, 0xfa, 0x10,

    /* U+0074 "t" */
    0x0, 0xdf, 0x60, 0x0, 0xd, 0xf6, 0x0, 0x0,
    0xdf, 0x60, 0x0, 0xd, 0xf6, 0x0, 0xbf, 0xff,
    0xff, 0x5b, 0xff, 0xff, 0xf5, 0x11, 0xdf, 0x71,
    0x0, 0xd, 0xf6, 0x0, 0x0, 0xdf, 0x60, 0x0,
    0xd, 0xf6, 0x0, 0x0, 0xdf, 0x60, 0x0, 0xd,
    0xf6, 0x0, 0x0, 0xdf, 0x60, 0x0,

    /* U+0075 "u" */
    0x3f, 0xf0, 0x0, 0xff, 0x33, 0xff, 0x0, 0xf,
    0xf3, 0x3f, 0xf0, 0x0, 0xff, 0x33, 0xff, 0x0,
    0xf, 0xf3, 0x3f, 0xf0, 0x0, 0xff, 0x33, 0xff,
    0x10, 0x1f, 0xf2, 0xf, 0xf9, 0x4a, 0xff, 0x0,
    0x8f, 0xff, 0xff, 0x70, 0x0, 0x7d, 0xfd, 0x70,
    0x0,

    /* U+0076 "v" */
    0xcf, 0xa0, 0x0, 0xaf, 0xa5, 0xff, 0x0, 0xf,
    0xf4, 0xe, 0xf5, 0x6, 0xfd, 0x0, 0x8f, 0xb0,
    0xbf, 0x70, 0x2, 0xff, 0x2f, 0xf1, 0x0, 0xc,
    0xfd, 0xfa, 0x0, 0x0, 0x5f, 0xff, 0x40, 0x0,
    0x0, 0xef, 0xd0, 0x0, 0x0, 0x8, 0xf7, 0x0,
    0x0,

    /* U+0077 "w" */
    0xbf, 0x70, 0x6, 0xf8, 0x0, 0x6f, 0xc6, 0xfc,
    0x0, 0xbf, 0xd0, 0xb, 0xf7, 0x1f, 0xf1, 0x1f,
    0xff, 0x20, 0xff, 0x10, 0xbf, 0x65, 0xff, 0xf7,
    0x5f, 0xc0, 0x5, 0xfb, 0xaf, 0x7f, 0xca, 0xf7,
    0x0, 0xf, 0xff, 0xe0, 0xdf, 0xff, 0x10, 0x0,
    0xaf, 0xf9, 0x8, 0xff, 0xc0, 0x0, 0x5, 0xff,
    0x40, 0x3f, 0xf6, 0x0, 0x0, 0xf, 0xe0, 0x0,
    0xdf, 0x10, 0x0,

    /* U+0078 "x" */
    0x5f, 0xf3, 0x3, 0xff, 0x40, 0xbf, 0xd0, 0xcf,
    0x90, 0x2, 0xff, 0xcf, 0xe1, 0x0, 0x7, 0xff,
    0xf5, 0x0, 0x0, 0x1f, 0xff, 0x0, 0x0, 0x9,
    0xff, 0xf8, 0x0, 0x3, 0xff, 0x8f, 0xf2, 0x0,
    0xdf, 0x90, 0xcf, 0xc0, 0x8f, 0xe0, 0x2, 0xff,
    0x60,

    /* U+0079 "y" */
    0xaf, 0xb0, 0x0, 0xcf, 0x94, 0xff, 0x10, 0x2f,
    0xf3, 0xe, 0xf6, 0x7, 0xfc, 0x0, 0x8f, 0xb0,
    0xdf, 0x60, 0x2, 0xff, 0x3f, 0xf0, 0x0, 0xc,
    0xfd, 0xf9, 0x0, 0x0, 0x6f, 0xff, 0x20, 0x0,
    0x0, 0xff, 0xc0, 0x0, 0x0, 0xe, 0xf5, 0x0,
    0x0, 0x4, 0xff, 0x0, 0x0, 0x0, 0xaf, 0x90,
    0x0, 0x0, 0x1f, 0xf3, 0x0, 0x0, 0x8, 0xfd,
    0x0, 0x0, 0x0,

    /* U+007A "z" */
    0x4f, 0xff, 0xff, 0xf7, 0x4f, 0xff, 0xff, 0xf5,
    0x1, 0x12, 0xff, 0xa0, 0x0, 0xb, 0xfe, 0x10,
    0x0, 0x6f, 0xf4, 0x0, 0x2, 0xff, 0x90, 0x0,
    0xc, 0xfe, 0x11, 0x10, 0x7f, 0xff, 0xff, 0xf5,
    0x9f, 0xff, 0xff, 0xf5,

    /* U+007B "{" */
    0x0, 0x9e, 0xf2, 0x6, 0xff, 0xd1, 0x9, 0xf5,
    0x0, 0x8, 0xf4, 0x0, 0x7, 0xf6, 0x0, 0x6,
    0xf6, 0x0, 0x8f, 0xf2, 0x0, 0xaf, 0xd1, 0x0,
    0x7, 0xf6, 0x0, 0x6, 0xf6, 0x0, 0x7, 0xf5,
    0x0, 0x9, 0xf4, 0x0, 0x9, 0xf5, 0x0, 0x5,
    0xff, 0xd1, 0x0, 0x8e, 0xf2,

    /* U+007C "|" */
    0x47, 0x38, 0xf7, 0x8f, 0x78, 0xf7, 0x8f, 0x78,
    0xf7, 0x8f, 0x78, 0xf7, 0x8f, 0x78, 0xf7, 0x8f,
    0x78, 0xf7, 0x8f, 0x78, 0xf7, 0x8f, 0x78, 0xf7,
    0x8f, 0x70,

    /* U+007D "}" */
    0x8f, 0xd5, 0x0, 0x6d, 0xff, 0x10, 0x0, 0xbf,
    0x30, 0x0, 0xaf, 0x20, 0x0, 0xcf, 0x10, 0x0,
    0xcf, 0x0, 0x0, 0x8f, 0xd3, 0x0, 0x5f, 0xf4,
    0x0, 0xcf, 0x10, 0x0, 0xcf, 0x0, 0x0, 0xbf,
    0x10, 0x0, 0xaf, 0x30, 0x0, 0xbf, 0x30, 0x6e,
    0xfe, 0x0, 0x8f, 0xd4, 0x0,

    /* U+007E "~" */
    0x5, 0xdf, 0xb4, 0x39, 0x11, 0xff, 0xff, 0xff,
    0xf8, 0x7, 0x62, 0x8e, 0xfa, 0x0,

    /* U+00B0 "°" */
    0x2, 0xac, 0x80, 0x1, 0xef, 0xff, 0xa0, 0x5f,
    0x80, 0xdf, 0x16, 0xf7, 0xb, 0xf1, 0x2f, 0xfd,
    0xfc, 0x0, 0x4d, 0xfb, 0x20,

    /* U+00B7 "·" */
    0x0, 0x9, 0xf6, 0xff, 0xc9, 0xf6,

    /* U+2013 "–" */
    0xf, 0xff, 0xff, 0xff, 0x80, 0xff, 0xff, 0xff,
    0xf8,

    /* U+2014 "—" */
    0xe, 0xee, 0xee, 0xee, 0xee, 0xee, 0xe9, 0xf,
    0xff, 0xff, 0xff, 0xff, 0xff, 0xf9,

    /* U+2018 "‘" */
    0x0, 0x61, 0x2, 0xf5, 0xa, 0xd0, 0x2f, 0xe2,
    0x5f, 0xf7, 0x1d, 0xe2,

    /* U+2019 "’" */
    0xa, 0xf4, 0x1f, 0xfb, 0xb, 0xf7, 0x7, 0xf1,
    0xe, 0x80, 0x6, 0x10,

    /* U+201C "“" */
    0x0, 0x61, 0x1, 0x60, 0x2, 0xf5, 0x8, 0xe0,
    0xa, 0xd0, 0x1f, 0x70, 0x2f, 0xe2, 0x7f, 0xc0,
    0x5f, 0xf7, 0xaf, 0xf1, 0x1d, 0xe2, 0x4f, 0xa0,

    /* U+201D "”" */
    0xa, 0xf4, 0x2e, 0xd1, 0x1f, 0xfb, 0x7f, 0xf5,
    0xb, 0xf7, 0x2e, 0xf2, 0x7, 0xf1, 0xc, 0xb0,
    0xe, 0x80, 0x5f, 0x30, 0x6, 0x10, 0x16, 0x0,

    /* U+2022 "•" */
    0x4e, 0xe3, 0xef, 0xfc, 0xff, 0xfc, 0x7f, 0xf5,
    0x1, 0x10,

    /* U+2026 "…" */
    0x0, 0x0, 0x0, 0x0, 0x0, 0x0, 0x7f, 0x80,
    0x3f, 0xd0, 0xc, 0xf3, 0xdf, 0xd0, 0x8f, 0xf3,
    0x2f, 0xf8, 0x7f, 0x70, 0x3e, 0xc0, 0xc, 0xe3,

    /* U+E034 "" */
    0x18, 0x40, 0x0, 0x48, 0x1a, 0xfe, 0x0, 0xf,
    0xfa, 0xbf, 0xf1, 0x1, 0xff, 0xbb, 0xff, 0x10,
    0x1f, 0xfb, 0xbf, 0xf1, 0x1, 0xff, 0xbb, 0xff,
    0x10, 0x1f, 0xfb, 0xbf, 0xf1, 0x1, 0xff, 0xbb,
    0xff, 0x10, 0x1f, 0xfb, 0xbf, 0xf1, 0x1, 0xff,
    0xb7, 0xfc, 0x0, 0xc, 0xf7, 0x1, 0x0, 0x0,
    0x1, 0x0,

    /* U+E037 "" */
    0x0, 0x0, 0x0, 0x0, 0x2b, 0x40, 0x0, 0x0,
    0x5f, 0xfa, 0x10, 0x0, 0x5f, 0xff, 0xe6, 0x0,
    0x5f, 0xff, 0xff, 0xb2, 0x5f, 0xff, 0xff, 0xfb,
    0x5f, 0xff, 0xff, 0xb2, 0x5f, 0xff, 0xe6, 0x0,
    0x5f, 0xfa, 0x10, 0x0, 0x2c, 0x40, 0x0, 0x0,
    0x0, 0x0, 0x0, 0x0,

    /* U+E03D "" */
    0xaf, 0xff, 0xff, 0xff, 0x60, 0x6e, 0xf6, 0x47,
    0x77, 0x77, 0x77, 0x20, 0xeb, 0x72, 0x0, 0x0,
    0x0, 0x0, 0x0, 0xf7, 0x0, 0xaf, 0xff, 0xff,
    0xff, 0x60, 0xf7, 0x0, 0x47, 0x77, 0x77, 0x77,
    0x20, 0xf7, 0x0, 0x1, 0x11, 0x10, 0x0, 0x0,
    0xf7, 0x0, 0xbf, 0xff, 0xfa, 0x2, 0xdf, 0xf7,
    0x0, 0x25, 0x55, 0x52, 0xa, 0xff, 0xf7, 0x0,
    0x0, 0x0, 0x0, 0xa, 0xff, 0xf5, 0x0, 0x0,
    0x0, 0x0, 0x2, 0xef, 0xb0, 0x0, 0x0, 0x0,
    0x0, 0x0, 0x1, 0x0, 0x0,

    /* U+E043 "" */
    0x0, 0x0, 0x0, 0x0, 0x22, 0x20, 0x97, 0x0,
    0x0, 0x1, 0xef, 0xf2, 0x7f, 0x80, 0x0, 0x0,
    0x9f, 0xf2, 0x7, 0xf8, 0x0, 0x8, 0xf9, 0xe2,
    0x0, 0x7f, 0x30, 0x8f, 0x70, 0x10, 0x0, 0x3,
    0x8, 0xf7, 0x0, 0x0, 0x0, 0x0, 0x8f, 0x70,
    0x0, 0x0, 0x0, 0x8, 0xf7, 0x4, 0x0, 0x0,
    0x0, 0x8f, 0x70, 0x3f, 0x70, 0x10, 0x8, 0xf7,
    0x0, 0x7, 0xf9, 0xe2, 0x7f, 0x70, 0x0, 0x0,
    0x9f, 0xf2, 0x97, 0x0, 0x0, 0x1, 0xef, 0xf2,
    0x0, 0x0, 0x0, 0x0, 0x22, 0x20,

    /* U+E044 "" */
    0x0, 0x0, 0x0, 0x2, 0x69, 0xd3, 0x0, 0x0,
    0x7e, 0xaf, 0xf7, 0x0, 0x7, 0xea, 0xff, 0xfc,
    0x20, 0x7e, 0xaf, 0xff, 0xfb, 0x7, 0xea, 0xff,
    0xfc, 0x20, 0x7e, 0xaf, 0xf7, 0x0, 0x7, 0xe9,
    0xd3, 0x0, 0x0, 0x7e, 0x0, 0x0, 0x0, 0x4,
    0xa0,

    /* U+E047 "" */
    0x17, 0x88, 0x88, 0x86, 0xc, 0xff, 0xff, 0xff,
    0xf6, 0xef, 0xff, 0xff, 0xff, 0x9e, 0xff, 0xff,
    0xff, 0xf9, 0xef, 0xff, 0xff, 0xff, 0x9e, 0xff,
    0xff, 0xff, 0xf9, 0xef, 0xff, 0xff, 0xff, 0x9e,
    0xff, 0xff, 0xff, 0xf8, 0x6e, 0xff, 0xff, 0xfc,
    0x20,

    /* U+E05F "" */
    0x1e, 0xff, 0xff, 0xff, 0xe2, 0x0, 0x6, 0x77,
    0x77, 0x77, 0x70, 0x0, 0x0, 0x0, 0x0, 0x0,
    0x0, 0x0, 0x1e, 0xff, 0xff, 0xff, 0xe2, 0x0,
    0x6, 0x77, 0x77, 0x77, 0x70, 0x0, 0x0, 0x11,
    0x11, 0x0, 0x0, 0x0, 0x1f, 0xff, 0xff, 0x50,
    0xa2, 0x0, 0x4, 0x55, 0x55, 0x1, 0xff, 0x80,
    0x0, 0x0, 0x0, 0x1, 0xff, 0x90, 0x0, 0x0,
    0x0, 0x0, 0xb3, 0x0,

    /* U+E0F0 "" */
    0x0, 0x5, 0x9b, 0x95, 0x0, 0x0, 0x1b, 0xff,
    0xff, 0xfb, 0x10, 0xc, 0xff, 0xff, 0xff, 0xfb,
    0x5, 0xff, 0xff, 0xff, 0xff, 0xf5, 0x9f, 0xff,
    0xff, 0xff, 0xff, 0x9c, 0xff, 0xff, 0xff, 0xff,
    0xfc, 0xaf, 0xff, 0xff, 0xff, 0xff, 0xa6, 0xff,
    0xff, 0xff, 0xff, 0xf6, 0xd, 0xff, 0xff, 0xff,
    0xfd, 0x0, 0x1d, 0xff, 0xff, 0xfd, 0x10, 0x0,
    0x3, 0x33, 0x33, 0x0, 0x0, 0x3, 0xff, 0xff,
    0xf3, 0x0, 0x0, 0x4, 0x44, 0x44, 0x0, 0x0,
    0x0, 0xa, 0xfa, 0x0, 0x0, 0x0, 0x0, 0x15,
    0x10, 0x0, 0x0,

    /* U+E145 "" */
    0x0, 0x0, 0x8, 0x20, 0x0, 0x0, 0x0, 0x0,
    0xf6, 0x0, 0x0, 0x0, 0x0, 0xf, 0x60, 0x0,
    0x0, 0x0, 0x0, 0xf6, 0x0, 0x0, 0x6, 0x66,
    0x6f, 0xa6, 0x66, 0x21, 0xff, 0xff, 0xff, 0xff,
    0xf8, 0x0, 0x0, 0xf, 0x60, 0x0, 0x0, 0x0,
    0x0, 0xf6, 0x0, 0x0, 0x0, 0x0, 0xf, 0x60,
    0x0, 0x0, 0x0, 0x0, 0xf6, 0x0, 0x0, 0x0,
    0x0, 0x1, 0x0, 0x0, 0x0,

    /* U+E1BA "" */
    0x0, 0x0, 0x0, 0x1, 0x21, 0x0, 0x0, 0x0,
    0x0, 0x0, 0x17, 0xbf, 0xff, 0xff, 0xb7, 0x10,
    0x0, 0x0, 0x8f, 0xfb, 0x75, 0x45, 0x7b, 0xff,
    0x80, 0x1, 0xcf, 0xa2, 0x0, 0x1, 0x0, 0x2,
    0xaf, 0xc1, 0x9f, 0x60, 0x19, 0xcf, 0xff, 0xc9,
    0x10, 0x6f, 0x91, 0xdd, 0x9f, 0xff, 0xff, 0xff,
    0xff, 0x9d, 0xd1, 0x1, 0xdf, 0xff, 0xff, 0xff,
    0xff, 0xff, 0xd1, 0x0, 0x1, 0xdf, 0xff, 0xff,
    0xff, 0xff, 0xd1, 0x0, 0x0, 0x1, 0xdf, 0xff,
    0xff, 0xff, 0xd1, 0x0, 0x0, 0x0, 0x1, 0xef,
    0xff, 0xff, 0xe1, 0x0, 0x0, 0x0, 0x0, 0x2,
    0xef, 0xff, 0xe2, 0x0, 0x0, 0x0, 0x0, 0x0,
    0x2, 0xef, 0xe2, 0x0, 0x0, 0x0, 0x0, 0x0,
    0x0, 0x2, 0xa2, 0x0, 0x0, 0x0, 0x0,

    /* U+E1C4 "" */
    0x0, 0x0, 0x0, 0x35, 0x41, 0x0, 0x0, 0x0,
    0x0, 0x8, 0xff, 0xff, 0xfb, 0x20, 0x0, 0x0,
    0x2d, 0xff, 0xff, 0xff, 0xff, 0x60, 0x0, 0xd,
    0xff, 0xff, 0xff, 0xff, 0xff, 0x30, 0x8, 0xff,
    0xff, 0xff, 0xff, 0xff, 0xfd, 0x0, 0xff, 0xff,
    0xf1, 0x5e, 0xff, 0xff, 0xf5, 0x4f, 0xff, 0xfe,
    0x0, 0x19, 0xff, 0xff, 0xa5, 0xff, 0xff, 0xe0,
    0x0, 0xd, 0xff, 0xfb, 0x5f, 0xff, 0xfe, 0x0,
    0x19, 0xff, 0xff, 0xa2, 0xff, 0xff, 0xf1, 0x5e,
    0xff, 0xff, 0xf8, 0xc, 0xff, 0xff, 0xff, 0xff,
    0xff, 0xff, 0x20, 0x2f, 0xff, 0xff, 0xff, 0xff,
    0xff, 0x80, 0x0, 0x7f, 0xff, 0xff, 0xff, 0xff,
    0xc0, 0x0, 0x0, 0x4e, 0xff, 0xff, 0xff, 0x80,
    0x0, 0x0, 0x0, 0x16, 0xac, 0xb8, 0x20, 0x0,
    0x0,

    /* U+E2EA "" */
    0x0, 0x0, 0x0, 0x14, 0x0, 0x0, 0x0, 0x1d,
    0xf1, 0x0, 0x0, 0x1d, 0xf8, 0x0, 0x0, 0x1d,
    0xf9, 0x0, 0x0, 0x1d, 0xf9, 0x0, 0x0, 0x1d,
    0xf9, 0x0, 0x0, 0x1d, 0xf9, 0x0, 0x0, 0x5,
    0xff, 0x10, 0x0, 0x0, 0x9, 0xfd, 0x10, 0x0,
    0x0, 0x9, 0xfd, 0x10, 0x0, 0x0, 0x9, 0xfd,
    0x10, 0x0, 0x0, 0x9, 0xfd, 0x10, 0x0, 0x0,
    0x9, 0xfd, 0x0, 0x0, 0x0, 0x8, 0xe1, 0x0,
    0x0, 0x0, 0x0, 0x0,

    /* U+E39E "" */
    0x0, 0x0, 0x3, 0x78, 0x73, 0x0, 0x0, 0x0,
    0x0, 0x2c, 0xff, 0xef, 0xfc, 0x20, 0x0, 0x0,
    0x6f, 0xd4, 0x10, 0x14, 0xdf, 0x60, 0x0, 0x3f,
    0x90, 0x0, 0x0, 0x0, 0x9f, 0x30, 0xd, 0xc0,
    0x0, 0x0, 0x0, 0x0, 0xcd, 0x4, 0xf4, 0x0,
    0x4, 0x84, 0x0, 0x4, 0xf4, 0x7f, 0x0, 0x4,
    0xff, 0xf4, 0x0, 0xf, 0x78, 0xe0, 0x0, 0x9f,
    0xff, 0x90, 0x0, 0xe8, 0x7f, 0x0, 0x4, 0xff,
    0xf4, 0x0, 0xf, 0x74, 0xf4, 0x0, 0x4, 0x84,
    0x0, 0x4, 0xf4, 0xd, 0xc0, 0x0, 0x0, 0x0,
    0x0, 0xcd, 0x0, 0x3f, 0x90, 0x0, 0x0, 0x0,
    0x9f, 0x30, 0x0, 0x6f, 0xc4, 0x0, 0x14, 0xdf,
    0x60, 0x0, 0x0, 0x3d, 0xff, 0xef, 0xfd, 0x20,
    0x0, 0x0, 0x0, 0x3, 0x78, 0x73, 0x0, 0x0,
    0x0,

    /* U+E3AB "" */
    0x0, 0x0, 0x0, 0x0, 0x30, 0x0, 0x0, 0x0,
    0x0, 0x0, 0x0, 0x0, 0x8f, 0xb0, 0x0, 0x0,
    0x0, 0x0, 0x3, 0x44, 0x9f, 0xff, 0xb4, 0x44,
    0x0, 0x0, 0x0, 0xff, 0xff, 0xff, 0xff, 0xff,
    0xf3, 0x0, 0x0, 0x1f, 0xff, 0xff, 0xd6, 0xcf,
    0xff, 0x40, 0x0, 0x1, 0xff, 0xff, 0xf9, 0x0,
    0x7f, 0xf4, 0x0, 0x0, 0x8f, 0xff, 0xff, 0x90,
    0x0, 0xbf, 0xb0, 0x0, 0x8f, 0xff, 0xff, 0xf9,
    0x0, 0x5, 0xff, 0xb0, 0xf, 0xff, 0xff, 0xff,
    0x90, 0x0, 0x3f, 0xff, 0x20, 0x4f, 0xff, 0xff,
    0xf9, 0x0, 0x5, 0xff, 0x70, 0x0, 0x5f, 0xff,
    0xff, 0x90, 0x0, 0xbf, 0x80, 0x0, 0x1, 0xff,
    0xff, 0xf9, 0x0, 0x7f, 0xf4, 0x0, 0x0, 0x1f,
    0xff, 0xff, 0xd6, 0xcf, 0xff, 0x40, 0x0, 0x0,
    0xef, 0xff, 0xff, 0xff, 0xff, 0xf2, 0x0, 0x0,
    0x0, 0x0, 0x5f, 0xff, 0x70, 0x0, 0x0, 0x0,
    0x0, 0x0, 0x0, 0x5f, 0x70, 0x0, 0x0, 0x0,
    0x0, 0x0, 0x0, 0x0, 0x0, 0x0, 0x0, 0x0,
    0x0,

    /* U+E405 "" */
    0x0, 0x0, 0x1, 0xbd, 0xc3, 0x0, 0x0, 0x7,
    0xff, 0xfa, 0x0, 0x0, 0x7, 0xff, 0xd4, 0x0,
    0x0, 0x7, 0xe0, 0x0, 0x0, 0x0, 0x7, 0xe0,
    0x0, 0x0, 0x0, 0x7, 0xe0, 0x0, 0x0, 0x0,
    0x7, 0xe0, 0x0, 0x0, 0x3a, 0xbb, 0xe0, 0x0,
    0x3, 0xff, 0xff, 0xe0, 0x0, 0xa, 0xff, 0xff,
    0xe0, 0x0, 0xa, 0xff, 0xff, 0xd0, 0x0, 0x4,
    0xff, 0xff, 0x60, 0x0, 0x0, 0x4b, 0xc6, 0x0,
    0x0, 0x0, 0x0, 0x0, 0x0, 0x0,

    /* U+E429 "" */
    0x0, 0x0, 0x0, 0x0, 0x3b, 0x0, 0x4, 0x77,
    0x77, 0x77, 0x16, 0xf7, 0x73, 0xbf, 0xff, 0xff,
    0xf2, 0x6f, 0xff, 0xa0, 0x0, 0x0, 0x0, 0x6,
    0xf0, 0x0, 0x0, 0x7, 0x10, 0x0, 0x3, 0x0,
    0x1, 0x34, 0xf5, 0x3, 0x33, 0x33, 0x31, 0xdf,
    0xff, 0x53, 0xff, 0xff, 0xff, 0xb1, 0x34, 0xf5,
    0x3, 0x33, 0x33, 0x31, 0x0, 0x8, 0x10, 0x40,
    0x0, 0x0, 0x0, 0x0, 0x0, 0x3f, 0x20, 0x0,
    0x0, 0xbf, 0xff, 0x53, 0xff, 0xff, 0xff, 0xa4,
    0x77, 0x72, 0x3f, 0x87, 0x77, 0x73, 0x0, 0x0,
    0x1, 0xc0, 0x0, 0x0, 0x0,

    /* U+E518 "" */
    0x0, 0x0, 0x0, 0x0, 0x0, 0x0, 0x0, 0x0,
    0x0, 0x0, 0x0, 0x0, 0x1f, 0x30, 0x0, 0x0,
    0x0, 0x0, 0x0, 0x0, 0x2, 0xf4, 0x0, 0x0,
    0x0, 0x0, 0x0, 0x96, 0x0, 0x9, 0x10, 0x5,
    0x90, 0x0, 0x0, 0x7, 0xf2, 0x0, 0x0, 0x0,
    0xf7, 0x0, 0x0, 0x0, 0x1, 0x4, 0xdf, 0xd6,
    0x1, 0x0, 0x0, 0x0, 0x0, 0x4, 0xff, 0xff,
    0xf6, 0x0, 0x0, 0x0, 0x23, 0x0, 0xcf, 0xff,
    0xff, 0xe0, 0x3, 0x20, 0x2f, 0xf8, 0xe, 0xff,
    0xff, 0xff, 0x8, 0xff, 0x20, 0x23, 0x0, 0xcf,
    0xff, 0xff, 0xe0, 0x3, 0x20, 0x0, 0x0, 0x4,
    0xff, 0xff, 0xf6, 0x0, 0x0, 0x0, 0x0, 0x1,
    0x4, 0xdf, 0xd6, 0x1, 0x0, 0x0, 0x0, 0x6,
    0xf2, 0x0, 0x0, 0x0, 0xf7, 0x0, 0x0, 0x0,
    0xb8, 0x0, 0x9, 0x10, 0x5, 0x90, 0x0, 0x0,
    0x0, 0x0, 0x2, 0xf4, 0x0, 0x0, 0x0, 0x0,
    0x0, 0x0, 0x0, 0x1f, 0x30, 0x0, 0x0, 0x0,
    0x0, 0x0, 0x0, 0x0, 0x0, 0x0, 0x0, 0x0,
    0x0,

    /* U+E5CA "" */
    0x0, 0x0, 0x0, 0x0, 0x0, 0x8, 0x40, 0x0,
    0x0, 0x0, 0x0, 0xa, 0xf4, 0x0, 0x0, 0x0,
    0x0, 0xa, 0xf5, 0x0, 0x0, 0x0, 0x0, 0xa,
    0xf5, 0x0, 0x1, 0x0, 0x0, 0xa, 0xf5, 0x0,
    0x2, 0xf6, 0x0, 0xa, 0xf5, 0x0, 0x0, 0x9,
    0xf6, 0xa, 0xf5, 0x0, 0x0, 0x0, 0x9, 0xfc,
    0xf5, 0x0, 0x0, 0x0, 0x0, 0x9, 0xf5, 0x0,
    0x0, 0x0, 0x0, 0x0, 0x1, 0x0, 0x0, 0x0,
    0x0,

    /* U+E5CD "" */
    0x2, 0x0, 0x0, 0x0, 0x2, 0x0, 0xf9, 0x0,
    0x0, 0x9, 0xf1, 0x6, 0xf9, 0x0, 0x9, 0xf6,
    0x0, 0x6, 0xf9, 0x9, 0xf6, 0x0, 0x0, 0x6,
    0xfd, 0xf6, 0x0, 0x0, 0x0, 0xb, 0xfc, 0x0,
    0x0, 0x0, 0x9, 0xfa, 0xf9, 0x0, 0x0, 0x9,
    0xf6, 0x6, 0xf9, 0x0, 0x9, 0xf6, 0x0, 0x6,
    0xf9, 0x0, 0xf6, 0x0, 0x0, 0x6, 0xf1, 0x0,
    0x0, 0x0, 0x0, 0x0, 0x0,

    /* U+E5CF "" */
    0x45, 0x0, 0x0, 0x18, 0x6, 0xf7, 0x0, 0x1d,
    0xe1, 0x8, 0xf7, 0x1d, 0xe2, 0x0, 0x8, 0xfe,
    0xe2, 0x0, 0x0, 0x8, 0xe2, 0x0, 0x0, 0x0,
    0x0, 0x0, 0x0,

    /* U+E5D5 "" */
    0x0, 0x0, 0x0, 0x20, 0x0, 0x0, 0x0, 0x0,
    0x3b, 0xff, 0xfb, 0x20, 0x10, 0x0, 0x6f, 0xc7,
    0x47, 0xdf, 0xbf, 0x10, 0x3f, 0x90, 0x0, 0x0,
    0xcf, 0xf2, 0xb, 0xd0, 0x0, 0x0, 0x7f, 0xff,
    0x20, 0xf6, 0x0, 0x0, 0x7, 0xcc, 0xb0, 0x1f,
    0x50, 0x0, 0x0, 0x0, 0x0, 0x0, 0xf6, 0x0,
    0x0, 0x0, 0x0, 0x0, 0xb, 0xc0, 0x0, 0x0,
    0x0, 0xb8, 0x0, 0x2f, 0x80, 0x0, 0x0, 0x8f,
    0x30, 0x0, 0x6f, 0xc6, 0x46, 0xcf, 0x70, 0x0,
    0x0, 0x3c, 0xff, 0xfc, 0x40, 0x0, 0x0, 0x0,
    0x0, 0x20, 0x0, 0x0, 0x0,

    /* U+E63E "" */
    0x0, 0x0, 0x0, 0x0, 0x0, 0x0, 0x0, 0x0,
    0x0, 0x39, 0xde, 0xfe, 0xc8, 0x20, 0x0, 0x3,
    0xcf, 0xff, 0xff, 0xff, 0xff, 0xb2, 0x6, 0xff,
    0xe8, 0x31, 0x1, 0x49, 0xff, 0xf4, 0xbf, 0x80,
    0x0, 0x0, 0x0, 0x1, 0xbf, 0xb0, 0x10, 0x1,
    0x7a, 0xca, 0x71, 0x0, 0x42, 0x0, 0x7, 0xff,
    0xff, 0xff, 0xf7, 0x0, 0x0, 0x0, 0xdf, 0xa5,
    0x35, 0xaf, 0xd0, 0x0, 0x0, 0x1, 0x10, 0x0,
    0x0, 0x11, 0x0, 0x0, 0x0, 0x0, 0x9, 0xc9,
    0x0, 0x0, 0x0, 0x0, 0x0, 0x1, 0xff, 0xf1,
    0x0, 0x0, 0x0, 0x0, 0x0, 0x3, 0xc3, 0x0,
    0x0, 0x0,

    /* U+E836 "" */
    0x0, 0x0, 0x3, 0x78, 0x73, 0x0, 0x0, 0x0,
    0x0, 0x2c, 0xff, 0xef, 0xfc, 0x20, 0x0, 0x0,
    0x6f, 0xd4, 0x10, 0x14, 0xdf, 0x60, 0x0, 0x3f,
    0x90, 0x0, 0x0, 0x0, 0x9f, 0x30, 0xd, 0xc0,
    0x0, 0x0, 0x0, 0x0, 0xcd, 0x4, 0xf4, 0x0,
    0x0, 0x0, 0x0, 0x4, 0xf4, 0x7f, 0x0, 0x0,
    0x0, 0x0, 0x0, 0xf, 0x78, 0xe0, 0x0, 0x0,
    0x0, 0x0, 0x0, 0xe8, 0x7f, 0x0, 0x0, 0x0,
    0x0, 0x0, 0xf, 0x74, 0xf4, 0x0, 0x0, 0x0,
    0x0, 0x4, 0xf4, 0xd, 0xc0, 0x0, 0x0, 0x0,
    0x0, 0xcd, 0x0, 0x3f, 0x90, 0x0, 0x0, 0x0,
    0x9f, 0x30, 0x0, 0x6f, 0xc4, 0x0, 0x14, 0xdf,
    0x60, 0x0, 0x0, 0x3d, 0xff, 0xef, 0xfd, 0x20,
    0x0, 0x0, 0x0, 0x3, 0x78, 0x73, 0x0, 0x0,
    0x0,

    /* U+E872 "" */
    0x2, 0x27, 0xdd, 0xdb, 0x32, 0x2, 0xff, 0xff,
    0xff, 0xff, 0xf9, 0x3, 0x44, 0x44, 0x44, 0x43,
    0x10, 0x2d, 0xff, 0xff, 0xff, 0x70, 0x8, 0xff,
    0xff, 0xff, 0xff, 0x0, 0x8f, 0xff, 0xff, 0xff,
    0xf0, 0x8, 0xff, 0xff, 0xff, 0xff, 0x0, 0x8f,
    0xff, 0xff, 0xff, 0xf0, 0x8, 0xff, 0xff, 0xff,
    0xff, 0x0, 0x8f, 0xff, 0xff, 0xff, 0xf0, 0x8,
    0xff, 0xff, 0xff, 0xff, 0x0, 0x7f, 0xff, 0xff,
    0xff, 0xe0, 0x1, 0xbd, 0xdd, 0xdd, 0xd5, 0x0,

    /* U+E88A "" */
    0x0, 0x0, 0x0, 0x17, 0x10, 0x0, 0x0, 0x0,
    0x0, 0x0, 0x2d, 0xfd, 0x20, 0x0, 0x0, 0x0,
    0x0, 0x3e, 0xff, 0xfe, 0x30, 0x0, 0x0, 0x0,
    0x4f, 0xff, 0xff, 0xff, 0x40, 0x0, 0x0, 0x5f,
    0xff, 0xff, 0xff, 0xff, 0x50, 0x0, 0x7f, 0xff,
    0xff, 0xff, 0xff, 0xff, 0x70, 0x7, 0xbf, 0xff,
    0xff, 0xff, 0xff, 0xb7, 0x0, 0x7, 0xff, 0xff,
    0xff, 0xff, 0xf7, 0x0, 0x0, 0x7f, 0xff, 0x10,
    0x1f, 0xff, 0x70, 0x0, 0x7, 0xff, 0xf1, 0x1,
    0xff, 0xf7, 0x0, 0x0, 0x7f, 0xff, 0x10, 0x1f,
    0xff, 0x70, 0x0, 0x6, 0xff, 0xf0, 0x0, 0xff,
    0xf6, 0x0, 0x0, 0x3, 0x32, 0x0, 0x2, 0x33,
    0x0, 0x0,

    /* U+E8AC "" */
    0x0, 0x0, 0x1, 0xc1, 0x0, 0x0, 0x0, 0x0,
    0x0, 0x3f, 0x30, 0x0, 0x0, 0x5, 0xe0, 0x3,
    0xf3, 0x0, 0xe5, 0x1, 0xea, 0x0, 0x3f, 0x30,
    0xa, 0xe1, 0x7f, 0x10, 0x3, 0xf3, 0x0, 0x1f,
    0x7b, 0xb0, 0x0, 0x3f, 0x30, 0x0, 0xba, 0xd9,
    0x0, 0x2, 0xf2, 0x0, 0x9, 0xdc, 0xb0, 0x0,
    0x1, 0x0, 0x0, 0xcc, 0x8f, 0x10, 0x0, 0x0,
    0x0, 0x1f, 0x81, 0xea, 0x0, 0x0, 0x0, 0xa,
    0xe1, 0x5, 0xfa, 0x10, 0x0, 0x1b, 0xf5, 0x0,
    0x5, 0xef, 0xb9, 0xcf, 0xe5, 0x0, 0x0, 0x1,
    0x8c, 0xdc, 0x81, 0x0, 0x0,

    /* U+E8B6 "" */
    0x0, 0x0, 0x0, 0x0, 0x0, 0x0, 0x0, 0x0,
    0x3, 0xad, 0xc7, 0x0, 0x0, 0x0, 0x0, 0x7f,
    0xd9, 0xbf, 0xd1, 0x0, 0x0, 0x3, 0xf8, 0x0,
    0x2, 0xeb, 0x0, 0x0, 0xa, 0xd0, 0x0, 0x0,
    0x6f, 0x10, 0x0, 0xc, 0x90, 0x0, 0x0, 0x2f,
    0x30, 0x0, 0xc, 0xb0, 0x0, 0x0, 0x3f, 0x20,
    0x0, 0x7, 0xf2, 0x0, 0x0, 0xad, 0x0, 0x0,
    0x0, 0xde, 0x62, 0x3a, 0xf7, 0x0, 0x0, 0x0,
    0x1b, 0xff, 0xfd, 0x7f, 0x80, 0x0, 0x0, 0x0,
    0x13, 0x20, 0x9, 0xf8, 0x0, 0x0, 0x0, 0x0,
    0x0, 0x0, 0x9f, 0x80, 0x0, 0x0, 0x0, 0x0,
    0x0, 0x8, 0xf1, 0x0, 0x0, 0x0, 0x0, 0x0,
    0x0, 0x10,

    /* U+EBD6 "" */
    0x0, 0x0, 0x0, 0x1, 0x21, 0x0, 0x0, 0x0,
    0x0, 0x0, 0x17, 0xbf, 0xff, 0xff, 0xb7, 0x10,
    0x0, 0x0, 0x7f, 0xfb, 0x75, 0x45, 0x7b, 0xff,
    0x70, 0x1, 0xcf, 0x91, 0x0, 0x0, 0x0, 0x1,
    0x9f, 0xc1, 0x9f, 0x60, 0x0, 0x0, 0x0, 0x0,
    0x0, 0x6f, 0x91, 0xdd, 0x10, 0x0, 0x0, 0x0,
    0x0, 0x1e, 0xd1, 0x1, 0xdd, 0x10, 0x2, 0x32,
    0x0, 0x1d, 0xd1, 0x0, 0x1, 0xdd, 0x7e, 0xff,
    0xfe, 0x7d, 0xd1, 0x0, 0x0, 0x1, 0xef, 0xff,
    0xff, 0xff, 0xe1, 0x0, 0x0, 0x0, 0x2, 0xef,
    0xff, 0xff, 0xe2, 0x0, 0x0, 0x0, 0x0, 0x2,
    0xef, 0xff, 0xe2, 0x0, 0x0, 0x0, 0x0, 0x0,
    0x2, 0xef, 0xe2, 0x0, 0x0, 0x0, 0x0, 0x0,
    0x0, 0x2, 0xb2, 0x0, 0x0, 0x0, 0x0,

    /* U+EBE1 "" */
    0x0, 0x0, 0x0, 0x1, 0x21, 0x0, 0x0, 0x0,
    0x0, 0x0, 0x17, 0xbf, 0xff, 0xff, 0xb7, 0x10,
    0x0, 0x0, 0x8f, 0xfb, 0x75, 0x45, 0x7b, 0xff,
    0x80, 0x2, 0xdf, 0x81, 0x0, 0x0, 0x0, 0x1,
    0x8f, 0xd2, 0x9f, 0x50, 0x0, 0x0, 0x0, 0x0,
    0x0, 0x5f, 0x90, 0xce, 0x30, 0x39, 0xce, 0xc9,
    0x30, 0x3e, 0xc0, 0x0, 0xce, 0xbf, 0xff, 0xff,
    0xff, 0xbe, 0xc0, 0x0, 0x1, 0xcf, 0xff, 0xff,
    0xff, 0xff, 0xc0, 0x0, 0x0, 0x1, 0xcf, 0xff,
    0xff, 0xff, 0xc1, 0x0, 0x0, 0x0, 0x1, 0xcf,
    0xff, 0xff, 0xc1, 0x0, 0x0, 0x0, 0x0, 0x1,
    0xcf, 0xff, 0xc1, 0x0, 0x0, 0x0, 0x0, 0x0,
    0x1, 0xcf, 0xc1, 0x0, 0x0, 0x0, 0x0, 0x0,
    0x0, 0x1, 0x71, 0x0, 0x0, 0x0, 0x0,

    /* U+EBE4 "" */
    0x0, 0x0, 0x0, 0x1, 0x21, 0x0, 0x0, 0x0,
    0x0, 0x0, 0x16, 0xbf, 0xff, 0xff, 0xb6, 0x10,
    0x0, 0x0, 0x7f, 0xfb, 0x75, 0x45, 0x7b, 0xff,
    0x70, 0x2, 0xdf, 0x81, 0x0, 0x0, 0x0, 0x1,
    0x8f, 0xd1, 0xbf, 0x50, 0x0, 0x0, 0x0, 0x0,
    0x0, 0x5f, 0xb1, 0xcf, 0x30, 0x0, 0x0, 0x0,
    0x0, 0x3f, 0xc1, 0x1, 0xce, 0x30, 0x0, 0x0,
    0x0, 0x3e, 0xc1, 0x0, 0x1, 0xce, 0x30, 0x0,
    0x0, 0x3e, 0xc1, 0x0, 0x0, 0x1, 0xce, 0xaf,
    0xff, 0xae, 0xc1, 0x0, 0x0, 0x0, 0x1, 0xcf,
    0xff, 0xff, 0xc1, 0x0, 0x0, 0x0, 0x0, 0x1,
    0xcf, 0xff, 0xc1, 0x0, 0x0, 0x0, 0x0, 0x0,
    0x1, 0xcf, 0xc1, 0x0, 0x0, 0x0, 0x0, 0x0,
    0x0, 0x1, 0xa1, 0x0, 0x0, 0x0, 0x0,

    /* U+EF4A "" */
    0x0, 0x0, 0x1, 0x45, 0x30, 0x0, 0x0, 0x0,
    0x0, 0x2b, 0xff, 0xff, 0xf8, 0x0, 0x0, 0x0,
    0x6f, 0xff, 0xff, 0xff, 0xfd, 0x20, 0x0, 0x3f,
    0xff, 0xff, 0xff, 0xff, 0xfd, 0x0, 0xd, 0xff,
    0xff, 0xff, 0xff, 0xff, 0xf8, 0x6, 0xff, 0xff,
    0xff, 0xff, 0xff, 0xff, 0xf0, 0xaf, 0xff, 0xff,
    0xff, 0xff, 0xff, 0xff, 0x4b, 0xff, 0xff, 0xff,
    0xff, 0xff, 0xff, 0xf5, 0xbf, 0xff, 0xff, 0xff,
    0xff, 0xff, 0xff, 0x48, 0xff, 0xff, 0xff, 0xff,
    0xff, 0xff, 0xf2, 0x2f, 0xff, 0xff, 0xff, 0xff,
    0xff, 0xfc, 0x0, 0x8f, 0xff, 0xff, 0xff, 0xff,
    0xff, 0x20, 0x0, 0xcf, 0xff, 0xff, 0xff, 0xff,
    0x70, 0x0, 0x0, 0x8f, 0xff, 0xff, 0xfe, 0x40,
    0x0, 0x0, 0x0, 0x28, 0xbc, 0xa6, 0x10, 0x0,
    0x0,

    /* U+F001 "" */
    0x0, 0x0, 0x0, 0x0, 0x0, 0x0, 0x0, 0x38,
    0xc8, 0x0, 0x0, 0x0, 0x0, 0x0, 0x15, 0xae,
    0xff, 0xfe, 0x0, 0x0, 0x0, 0x2, 0x7c, 0xff,
    0xff, 0xff, 0xfe, 0x0, 0x0, 0x6, 0xef, 0xff,
    0xff, 0xff, 0xff, 0xfe, 0x0, 0x0, 0xe, 0xff,
    0xff, 0xff, 0xff, 0xfe, 0xfe, 0x0, 0x0, 0xe,
    0xff, 0xff, 0xff, 0xb6, 0x13, 0xfe, 0x0, 0x0,
    0xe, 0xff, 0xd9, 0x40, 0x0, 0x3, 0xfe, 0x0,
    0x0, 0xe, 0xf4, 0x0, 0x0, 0x0, 0x3, 0xfe,
    0x0, 0x0, 0xe, 0xf3, 0x0, 0x0, 0x0, 0x3,
    0xfe, 0x0, 0x0, 0xe, 0xf3, 0x0, 0x0, 0x0,
    0x3, 0xfe, 0x0, 0x0, 0xe, 0xf3, 0x0, 0x0,
    0x1, 0x35, 0xfe, 0x0, 0x0, 0xe, 0xf3, 0x0,
    0x0, 0x9f, 0xff, 0xfe, 0x0, 0x0, 0x1e, 0xf3,
    0x0, 0x5, 0xff, 0xff, 0xfe, 0x4, 0xdf, 0xff,
    0xf3, 0x0, 0x4, 0xff, 0xff, 0xfb, 0xf, 0xff,
    0xff, 0xf3, 0x0, 0x0, 0x5c, 0xfe, 0x91, 0xf,
    0xff, 0xff, 0xf1, 0x0, 0x0, 0x0, 0x0, 0x0,
    0x4, 0xdf, 0xfd, 0x40, 0x0, 0x0, 0x0, 0x0,
    0x0, 0x0, 0x0, 0x10, 0x0, 0x0, 0x0, 0x0,
    0x0, 0x0,

    /* U+F008 "" */
    0x90, 0x9, 0xcc, 0xcc, 0xcc, 0xcc, 0xc9, 0x0,
    0x9f, 0xbb, 0xff, 0xdd, 0xdd, 0xdd, 0xdf, 0xfb,
    0xbf, 0xf7, 0x6e, 0xc0, 0x0, 0x0, 0x0, 0xce,
    0x67, 0xff, 0x10, 0xdc, 0x0, 0x0, 0x0, 0xc,
    0xd0, 0x1f, 0xf9, 0x8f, 0xc0, 0x0, 0x0, 0x0,
    0xcf, 0x89, 0xff, 0xa9, 0xfd, 0x22, 0x22, 0x22,
    0x2d, 0xf9, 0xaf, 0xf1, 0xd, 0xff, 0xff, 0xff,
    0xff, 0xfd, 0x1, 0xff, 0x65, 0xee, 0x66, 0x66,
    0x66, 0x6e, 0xe5, 0x6f, 0xfc, 0xcf, 0xc0, 0x0,
    0x0, 0x0, 0xcf, 0xcc, 0xff, 0x10, 0xdc, 0x0,
    0x0, 0x0, 0xc, 0xd0, 0x1f, 0xf3, 0x2d, 0xc0,
    0x0, 0x0, 0x0, 0xcd, 0x23, 0xff, 0xff, 0xff,
    0x99, 0x99, 0x99, 0x9f, 0xff, 0xff, 0xd1, 0xd,
    0xff, 0xff, 0xff, 0xff, 0xfd, 0x1, 0xd0,

    /* U+F00B "" */
    0xcf, 0xff, 0xb0, 0xcf, 0xff, 0xff, 0xff, 0xff,
    0xcf, 0xff, 0xff, 0xf, 0xff, 0xff, 0xff, 0xff,
    0xff, 0xff, 0xff, 0xf0, 0xff, 0xff, 0xff, 0xff,
    0xff, 0xff, 0xff, 0xfe, 0xe, 0xff, 0xff, 0xff,
    0xff, 0xff, 0x24, 0x44, 0x20, 0x24, 0x44, 0x44,
    0x44, 0x44, 0x22, 0x44, 0x42, 0x2, 0x44, 0x44,
    0x44, 0x44, 0x42, 0xff, 0xff, 0xe0, 0xef, 0xff,
    0xff, 0xff, 0xff, 0xff, 0xff, 0xff, 0xf, 0xff,
    0xff, 0xff, 0xff, 0xff, 0xff, 0xff, 0xf0, 0xff,
    0xff, 0xff, 0xff, 0xff, 0xfc, 0xff, 0xfb, 0xc,
    0xff, 0xff, 0xff, 0xff, 0xfc, 0x13, 0x33, 0x10,
    0x13, 0x33, 0x33, 0x33, 0x33, 0x1e, 0xff, 0xfd,
    0xe, 0xff, 0xff, 0xff, 0xff, 0xfe, 0xff, 0xff,
    0xf0, 0xff, 0xff, 0xff, 0xff, 0xff, 0xff, 0xff,
    0xff, 0xf, 0xff, 0xff, 0xff, 0xff, 0xff, 0xdf,
    0xff, 0xc0, 0xdf, 0xff, 0xff, 0xff, 0xff, 0xd0,
    0x11, 0x10, 0x0, 0x11, 0x11, 0x11, 0x11, 0x10,

    /* U+F00C "" */
    0x0, 0x0, 0x0, 0x0, 0x0, 0x0, 0x0, 0x87,
    0x0, 0x0, 0x0, 0x0, 0x0, 0x0, 0x0, 0x9f,
    0xf7, 0x0, 0x0, 0x0, 0x0, 0x0, 0x0, 0x9f,
    0xff, 0xe0, 0x0, 0x0, 0x0, 0x0, 0x0, 0x9f,
    0xff, 0xf3, 0x3, 0x40, 0x0, 0x0, 0x0, 0x9f,
    0xff, 0xf3, 0x4, 0xff, 0x50, 0x0, 0x0, 0x9f,
    0xff, 0xf3, 0x0, 0xef, 0xff, 0x50, 0x0, 0x9f,
    0xff, 0xf3, 0x0, 0x7, 0xff, 0xff, 0x50, 0x9f,
    0xff, 0xf3, 0x0, 0x0, 0x7, 0xff, 0xff, 0xbf,
    0xff, 0xf3, 0x0, 0x0, 0x0, 0x7, 0xff, 0xff,
    0xff, 0xf3, 0x0, 0x0, 0x0, 0x0, 0x7, 0xff,
    0xff, 0xf3, 0x0, 0x0, 0x0, 0x0, 0x0, 0x6,
    0xff, 0xf3, 0x0, 0x0, 0x0, 0x0, 0x0, 0x0,
    0x6, 0xe3, 0x0, 0x0, 0x0, 0x0, 0x0,

    /* U+F00D "" */
    0x1, 0x0, 0x0, 0x0, 0x0, 0x0, 0x5f, 0xc1,
    0x0, 0x0, 0x3f, 0xd1, 0xef, 0xfc, 0x10, 0x3,
    0xff, 0xf9, 0x8f, 0xff, 0xc1, 0x3f, 0xff, 0xf4,
    0x9, 0xff, 0xfd, 0xff, 0xff, 0x40, 0x0, 0x9f,
    0xff, 0xff, 0xf4, 0x0, 0x0, 0xa, 0xff, 0xff,
    0x50, 0x0, 0x0, 0x3f, 0xff, 0xff, 0xc1, 0x0,
    0x3, 0xff, 0xff, 0xff, 0xfc, 0x10, 0x3f, 0xff,
    0xf4, 0x9f, 0xff, 0xc1, 0xef, 0xff, 0x40, 0x9,
    0xff, 0xf9, 0xaf, 0xf4, 0x0, 0x0, 0x9f, 0xf5,
    0x7, 0x30, 0x0, 0x0, 0x6, 0x40,

    /* U+F011 "" */
    0x0, 0x0, 0x0, 0x9, 0xd7, 0x0, 0x0, 0x0,
    0x0, 0x0, 0x1, 0x0, 0xef, 0xb0, 0x2, 0x0,
    0x0, 0x0, 0x1d, 0xf1, 0xe, 0xfb, 0x3, 0xfb,
    0x0, 0x0, 0x1d, 0xff, 0x60, 0xef, 0xb0, 0x9f,
    0xfb, 0x0, 0x9, 0xff, 0xb0, 0xe, 0xfb, 0x1,
    0xdf, 0xf6, 0x1, 0xff, 0xd0, 0x0, 0xef, 0xb0,
    0x2, 0xff, 0xd0, 0x7f, 0xf5, 0x0, 0xe, 0xfb,
    0x0, 0x9, 0xff, 0x3a, 0xff, 0x10, 0x0, 0xef,
    0xb0, 0x0, 0x4f, 0xf6, 0xbf, 0xf0, 0x0, 0xe,
    0xfb, 0x0, 0x2, 0xff, 0x8a, 0xff, 0x0, 0x0,
    0x7a, 0x50, 0x0, 0x3f, 0xf7, 0x8f, 0xf3, 0x0,
    0x0, 0x0, 0x0, 0x7, 0xff, 0x53, 0xff, 0xb0,
    0x0, 0x0, 0x0, 0x0, 0xdf, 0xf0, 0xc, 0xff,
    0x70, 0x0, 0x0, 0x0, 0xaf, 0xf9, 0x0, 0x2f,
    0xff, 0xa2, 0x0, 0x3, 0xcf, 0xfd, 0x10, 0x0,
    0x4f, 0xff, 0xfe, 0xde, 0xff, 0xfe, 0x20, 0x0,
    0x0, 0x2d, 0xff, 0xff, 0xff, 0xfb, 0x10, 0x0,
    0x0, 0x0, 0x4, 0x9c, 0xdc, 0x93, 0x0, 0x0,
    0x0,

    /* U+F013 "" */
    0x0, 0x0, 0x0, 0x37, 0x97, 0x30, 0x0, 0x0,
    0x0, 0x0, 0x0, 0xa, 0xff, 0xfa, 0x0, 0x0,
    0x0, 0x0, 0x0, 0x0, 0xbf, 0xff, 0xb0, 0x0,
    0x0, 0x0, 0xd, 0xb6, 0xef, 0xff, 0xff, 0xe6,
    0xbd, 0x0, 0x9, 0xff, 0xff, 0xff, 0xff, 0xff,
    0xff, 0xf9, 0x1, 0xff, 0xff, 0xff, 0xff, 0xff,
    0xff, 0xff, 0xf1, 0x3f, 0xff, 0xff, 0xd3, 0x3,
    0xdf, 0xff, 0xff, 0x30, 0x1e, 0xff, 0xf2, 0x0,
    0x2, 0xff, 0xfe, 0x10, 0x0, 0xdf, 0xfe, 0x0,
    0x0, 0xe, 0xff, 0xd0, 0x0, 0xd, 0xff, 0xf0,
    0x0, 0x0, 0xff, 0xfd, 0x0, 0x2c, 0xff, 0xff,
    0xa0, 0x0, 0xaf, 0xff, 0xfc, 0x22, 0xff, 0xff,
    0xff, 0xec, 0xef, 0xff, 0xff, 0xf3, 0xb, 0xff,
    0xff, 0xff, 0xff, 0xff, 0xff, 0xfb, 0x0, 0x2f,
    0xea, 0xff, 0xff, 0xff, 0xfa, 0xef, 0x20, 0x0,
    0x20, 0x3, 0xdf, 0xff, 0xd3, 0x0, 0x20, 0x0,
    0x0, 0x0, 0xa, 0xff, 0xfa, 0x0, 0x0, 0x0,
    0x0, 0x0, 0x0, 0x6b, 0xdc, 0x60, 0x0, 0x0,
    0x0, 0x0, 0x0, 0x0, 0x0, 0x0, 0x0, 0x0,
    0x0,

    /* U+F015 "" */
    0x0, 0x0, 0x0, 0x0, 0x6c, 0x70, 0x5, 0xdd,
    0x20, 0x0, 0x0, 0x0, 0x0, 0x9, 0xff, 0xfb,
    0x7, 0xff, 0x30, 0x0, 0x0, 0x0, 0x1, 0xcf,
    0xfb, 0xff, 0xd9, 0xff, 0x30, 0x0, 0x0, 0x0,
    0x3e, 0xff, 0x50, 0x3e, 0xff, 0xff, 0x30, 0x0,
    0x0, 0x5, 0xff, 0xe3, 0x5f, 0x62, 0xdf, 0xff,
    0x30, 0x0, 0x0, 0x8f, 0xfc, 0x17, 0xff, 0xf9,
    0x1b, 0xff, 0x90, 0x0, 0xa, 0xff, 0xa1, 0xaf,
    0xff, 0xff, 0xc1, 0x8f, 0xfb, 0x10, 0xcf, 0xf7,
    0x1c, 0xff, 0xff, 0xff, 0xfd, 0x25, 0xff, 0xe0,
    0x8f, 0x43, 0xef, 0xff, 0xff, 0xff, 0xff, 0xf4,
    0x3e, 0xa0, 0x1, 0xc, 0xff, 0xff, 0xff, 0xff,
    0xff, 0xfe, 0x1, 0x0, 0x0, 0xd, 0xff, 0xff,
    0xdc, 0xdf, 0xff, 0xff, 0x0, 0x0, 0x0, 0xd,
    0xff, 0xff, 0x0, 0xd, 0xff, 0xff, 0x0, 0x0,
    0x0, 0xd, 0xff, 0xff, 0x0, 0xd, 0xff, 0xff,
    0x0, 0x0, 0x0, 0xd, 0xff, 0xff, 0x0, 0xd,
    0xff, 0xff, 0x0, 0x0, 0x0, 0xc, 0xff, 0xfe,
    0x0, 0xc, 0xff, 0xfe, 0x0, 0x0, 0x0, 0x0,
    0x0, 0x0, 0x0, 0x0, 0x0, 0x0, 0x0, 0x0,

    /* U+F019 "" */
    0x0, 0x0, 0x0, 0x4c, 0xcc, 0x40, 0x0, 0x0,
    0x0, 0x0, 0x0, 0x9, 0xff, 0xf9, 0x0, 0x0,
    0x0, 0x0, 0x0, 0x0, 0xaf, 0xff, 0xa0, 0x0,
    0x0, 0x0, 0x0, 0x0, 0xa, 0xff, 0xfa, 0x0,
    0x0, 0x0, 0x0, 0x0, 0x0, 0xaf, 0xff, 0xa0,
    0x0, 0x0, 0x0, 0x0, 0x0, 0xa, 0xff, 0xfa,
    0x0, 0x0, 0x0, 0x0, 0x5, 0x66, 0xcf, 0xff,
    0xc6, 0x65, 0x0, 0x0, 0x1, 0xff, 0xff, 0xff,
    0xff, 0xff, 0xf1, 0x0, 0x0, 0x4, 0xff, 0xff,
    0xff, 0xff, 0xf3, 0x0, 0x0, 0x0, 0x3, 0xff,
    0xff, 0xff, 0xf3, 0x0, 0x0, 0x0, 0x0, 0x3,
    0xff, 0xff, 0xf3, 0x0, 0x0, 0x0, 0x11, 0x11,
    0x13, 0xef, 0xe3, 0x11, 0x11, 0x10, 0xef, 0xff,
    0xff, 0x53, 0xc3, 0x5f, 0xff, 0xff, 0xef, 0xff,
    0xff, 0xff, 0x83, 0x8f, 0xff, 0xff, 0xff, 0xff,
    0xff, 0xff, 0xff, 0xff, 0xff, 0xff, 0xff, 0xff,
    0xff, 0xff, 0xff, 0xff, 0xff, 0xb4, 0xd2, 0xff,
    0xdf, 0xff, 0xff, 0xff, 0xff, 0xff, 0xff, 0xff,
    0xd0,

    /* U+F01C "" */
    0x0, 0x1, 0xcf, 0xff, 0xff, 0xff, 0xff, 0xc2,
    0x0, 0x0, 0x0, 0xb, 0xff, 0xff, 0xff, 0xff,
    0xff, 0xfc, 0x0, 0x0, 0x0, 0x5f, 0xf4, 0x22,
    0x22, 0x22, 0x23, 0xff, 0x70, 0x0, 0x1, 0xef,
    0x80, 0x0, 0x0, 0x0, 0x0, 0x6f, 0xf2, 0x0,
    0xa, 0xfd, 0x0, 0x0, 0x0, 0x0, 0x0, 0xc,
    0xfc, 0x0, 0x5f, 0xf4, 0x0, 0x0, 0x0, 0x0,
    0x0, 0x2, 0xff, 0x70, 0xef, 0xd6, 0x66, 0x40,
    0x0, 0x0, 0x36, 0x66, 0xcf, 0xf0, 0xff, 0xff,
    0xff, 0xf1, 0x0, 0x0, 0xef, 0xff, 0xff, 0xf1,
    0xff, 0xff, 0xff, 0xfa, 0x44, 0x48, 0xff, 0xff,
    0xff, 0xf2, 0xff, 0xff, 0xff, 0xff, 0xff, 0xff,
    0xff, 0xff, 0xff, 0xf2, 0xff, 0xff, 0xff, 0xff,
    0xff, 0xff, 0xff, 0xff, 0xff, 0xf2, 0xff, 0xff,
    0xff, 0xff, 0xff, 0xff, 0xff, 0xff, 0xff, 0xf1,
    0x7f, 0xff, 0xff, 0xff, 0xff, 0xff, 0xff, 0xff,
    0xff, 0x90,

    /* U+F021 "" */
    0x0, 0x0, 0x0, 0x0, 0x0, 0x0, 0x0, 0x1,
    0x10, 0x0, 0x0, 0x4, 0x78, 0x63, 0x0, 0x5,
    0xff, 0x0, 0x0, 0x8f, 0xff, 0xff, 0xfd, 0x60,
    0x4f, 0xf0, 0x1, 0xdf, 0xff, 0xfe, 0xff, 0xff,
    0xc5, 0xff, 0x1, 0xef, 0xfb, 0x30, 0x0, 0x4b,
    0xff, 0xff, 0xf0, 0xaf, 0xf7, 0x0, 0x0, 0x0,
    0x5, 0xff, 0xff, 0x2f, 0xf8, 0x0, 0x0, 0x6,
    0xfe, 0xef, 0xff, 0xf7, 0xff, 0x0, 0x0, 0x0,
    0x6f, 0xff, 0xff, 0xff, 0x25, 0x40, 0x0, 0x0,
    0x1, 0x55, 0x55, 0x55, 0x40, 0x0, 0x0, 0x0,
    0x0, 0x0, 0x0, 0x0, 0x0, 0x45, 0x55, 0x55,
    0x51, 0x0, 0x0, 0x0, 0x35, 0x2f, 0xff, 0xff,
    0xff, 0x60, 0x0, 0x0, 0xf, 0xf7, 0xff, 0xff,
    0xef, 0xf6, 0x0, 0x0, 0x7, 0xff, 0x2f, 0xff,
    0xf3, 0x0, 0x0, 0x0, 0x4, 0xff, 0xb0, 0xff,
    0xff, 0xf7, 0x0, 0x0, 0x7, 0xff, 0xf2, 0xf,
    0xf7, 0xff, 0xff, 0xa8, 0xae, 0xff, 0xf4, 0x0,
    0xff, 0x42, 0xaf, 0xff, 0xff, 0xff, 0xc2, 0x0,
    0xf, 0xf5, 0x0, 0x28, 0xbd, 0xc9, 0x40, 0x0,
    0x0, 0x11, 0x0, 0x0, 0x0, 0x0, 0x0, 0x0,
    0x0, 0x0,

    /* U+F026 "" */
    0x0, 0x0, 0x0, 0x8, 0x20, 0x0, 0x0, 0xb,
    0xf7, 0x0, 0x0, 0xb, 0xff, 0x84, 0x66, 0x6b,
    0xff, 0xf8, 0xff, 0xff, 0xff, 0xff, 0x8f, 0xff,
    0xff, 0xff, 0xf8, 0xff, 0xff, 0xff, 0xff, 0x8f,
    0xff, 0xff, 0xff, 0xf8, 0xff, 0xff, 0xff, 0xff,
    0x8c, 0xff, 0xff, 0xff, 0xf8, 0x0, 0x0, 0x4f,
    0xff, 0x80, 0x0, 0x0, 0x4f, 0xf8, 0x0, 0x0,
    0x0, 0x4f, 0x60, 0x0, 0x0, 0x0, 0x10,

    /* U+F027 "" */
    0x0, 0x0, 0x0, 0x7, 0x20, 0x0, 0x0, 0x0,
    0x0, 0xb, 0xf7, 0x0, 0x0, 0x0, 0x0, 0xb,
    0xff, 0x80, 0x0, 0x4, 0x66, 0x6b, 0xff, 0xf8,
    0x0, 0x0, 0xff, 0xff, 0xff, 0xff, 0x80, 0xca,
    0xf, 0xff, 0xff, 0xff, 0xf8, 0x8, 0xf7, 0xff,
    0xff, 0xff, 0xff, 0x80, 0xe, 0xbf, 0xff, 0xff,
    0xff, 0xf8, 0x4, 0xf9, 0xff, 0xff, 0xff, 0xff,
    0x80, 0xde, 0x1c, 0xff, 0xff, 0xff, 0xf8, 0x2,
    0x10, 0x0, 0x0, 0x4f, 0xff, 0x80, 0x0, 0x0,
    0x0, 0x0, 0x4f, 0xf8, 0x0, 0x0, 0x0, 0x0,
    0x0, 0x4f, 0x60, 0x0, 0x0, 0x0, 0x0, 0x0,
    0x10, 0x0, 0x0,

    /* U+F028 "" */
    0x0, 0x0, 0x0, 0x0, 0x0, 0x0, 0x0, 0x40,
    0x0, 0x0, 0x0, 0x0, 0x0, 0x0, 0x0, 0x0,
    0x4, 0xfa, 0x0, 0x0, 0x0, 0x0, 0x0, 0x8,
    0x20, 0x0, 0x0, 0x8f, 0xc0, 0x0, 0x0, 0x0,
    0x0, 0xbf, 0x70, 0x0, 0x93, 0x7, 0xf8, 0x0,
    0x0, 0x0, 0xb, 0xff, 0x80, 0x0, 0xef, 0x50,
    0xbf, 0x20, 0x46, 0x66, 0xbf, 0xff, 0x80, 0x0,
    0x2d, 0xf1, 0x3f, 0x90, 0xff, 0xff, 0xff, 0xff,
    0x80, 0xcb, 0x4, 0xf8, 0xc, 0xd0, 0xff, 0xff,
    0xff, 0xff, 0x80, 0x7f, 0x70, 0xdc, 0x9, 0xf0,
    0xff, 0xff, 0xff, 0xff, 0x80, 0xe, 0xb0, 0xbe,
    0x8, 0xf1, 0xff, 0xff, 0xff, 0xff, 0x80, 0x4f,
    0x90, 0xcd, 0x8, 0xf1, 0xff, 0xff, 0xff, 0xff,
    0x80, 0xde, 0x12, 0xf9, 0xb, 0xe0, 0xcf, 0xff,
    0xff, 0xff, 0x80, 0x21, 0xb, 0xf3, 0x1f, 0xa0,
    0x0, 0x0, 0x4f, 0xff, 0x80, 0x0, 0xbf, 0x80,
    0x8f, 0x40, 0x0, 0x0, 0x4, 0xff, 0x80, 0x0,
    0xd7, 0x3, 0xfb, 0x0, 0x0, 0x0, 0x0, 0x4f,
    0x60, 0x0, 0x0, 0x4f, 0xe1, 0x0, 0x0, 0x0,
    0x0, 0x1, 0x0, 0x0, 0x3, 0xfd, 0x20, 0x0,
    0x0, 0x0, 0x0, 0x0, 0x0, 0x0, 0x1, 0x81,
    0x0, 0x0,

    /* U+F03E "" */
    0x5c, 0xdd, 0xdd, 0xdd, 0xdd, 0xdd, 0xdd, 0xdc,
    0x5e, 0xff, 0xff, 0xff, 0xff, 0xff, 0xff, 0xff,
    0xfe, 0xff, 0x91, 0x4e, 0xff, 0xff, 0xff, 0xff,
    0xff, 0xff, 0xf0, 0x0, 0x8f, 0xff, 0xff, 0xff,
    0xff, 0xff, 0xff, 0x0, 0x8, 0xff, 0xff, 0xf4,
    0xbf, 0xff, 0xff, 0xfa, 0x36, 0xff, 0xff, 0xf3,
    0x0, 0xbf, 0xff, 0xff, 0xff, 0xef, 0xff, 0xf3,
    0x0, 0x0, 0xbf, 0xff, 0xff, 0xd1, 0x5f, 0xf3,
    0x0, 0x0, 0x2, 0xff, 0xff, 0xd1, 0x0, 0x53,
    0x0, 0x0, 0x0, 0x2f, 0xff, 0xf2, 0x0, 0x0,
    0x0, 0x0, 0x0, 0x2, 0xff, 0xff, 0x32, 0x22,
    0x22, 0x22, 0x22, 0x22, 0x3f, 0xff, 0xff, 0xff,
    0xff, 0xff, 0xff, 0xff, 0xff, 0xff, 0x7f, 0xff,
    0xff, 0xff, 0xff, 0xff, 0xff, 0xff, 0x70,

    /* U+F043 "" */
    0x0, 0x0, 0xb, 0x80, 0x0, 0x0, 0x0, 0x0,
    0x5f, 0xf1, 0x0, 0x0, 0x0, 0x0, 0xbf, 0xf6,
    0x0, 0x0, 0x0, 0x3, 0xff, 0xfe, 0x0, 0x0,
    0x0, 0xb, 0xff, 0xff, 0x70, 0x0, 0x0, 0x5f,
    0xff, 0xff, 0xf1, 0x0, 0x1, 0xef, 0xff, 0xff,
    0xfb, 0x0, 0xb, 0xff, 0xff, 0xff, 0xff, 0x70,
    0x4f, 0xff, 0xff, 0xff, 0xff, 0xf1, 0xbf, 0xff,
    0xff, 0xff, 0xff, 0xf6, 0xef, 0xdf, 0xff, 0xff,
    0xff, 0xf9, 0xff, 0x2c, 0xff, 0xff, 0xff, 0xfa,
    0xdf, 0x57, 0xff, 0xff, 0xff, 0xf8, 0x8f, 0xd1,
    0x8e, 0xff, 0xff, 0xf3, 0x1e, 0xfd, 0x40, 0xcf,
    0xff, 0xa0, 0x3, 0xef, 0xff, 0xff, 0xfc, 0x0,
    0x0, 0x19, 0xff, 0xfd, 0x70, 0x0, 0x0, 0x0,
    0x1, 0x10, 0x0, 0x0,

    /* U+F048 "" */
    0x0, 0x0, 0x0, 0x0, 0x0, 0xb, 0xd5, 0x0,
    0x0, 0x3, 0xc5, 0xef, 0x70, 0x0, 0x4, 0xff,
    0xbe, 0xf7, 0x0, 0x5, 0xff, 0xfb, 0xef, 0x70,
    0x6, 0xff, 0xff, 0xbe, 0xf7, 0x7, 0xff, 0xff,
    0xfb, 0xef, 0x78, 0xff, 0xff, 0xff, 0xbe, 0xfe,
    0xff, 0xff, 0xff, 0xfb, 0xef, 0xff, 0xff, 0xff,
    0xff, 0xbe, 0xff, 0xff, 0xff, 0xff, 0xfb, 0xef,
    0x8c, 0xff, 0xff, 0xff, 0xbe, 0xf7, 0xb, 0xff,
    0xff, 0xfb, 0xef, 0x70, 0x9, 0xff, 0xff, 0xbe,
    0xf7, 0x0, 0x8, 0xff, 0xfb, 0xef, 0x70, 0x0,
    0x7, 0xff, 0xbe, 0xf7, 0x0, 0x0, 0x5, 0xf7,
    0x0, 0x0, 0x0, 0x0, 0x0, 0x0,

    /* U+F04B "" */
    0x0, 0x0, 0x0, 0x0, 0x0, 0x0, 0x0, 0x5,
    0xd8, 0x10, 0x0, 0x0, 0x0, 0x0, 0x0, 0xef,
    0xfe, 0x60, 0x0, 0x0, 0x0, 0x0, 0xf, 0xff,
    0xff, 0xc3, 0x0, 0x0, 0x0, 0x0, 0xff, 0xff,
    0xff, 0xf9, 0x10, 0x0, 0x0, 0xf, 0xff, 0xff,
    0xff, 0xff, 0x70, 0x0, 0x0, 0xff, 0xff, 0xff,
    0xff, 0xff, 0xd4, 0x0, 0xf, 0xff, 0xff, 0xff,
    0xff, 0xff, 0xfa, 0x10, 0xff, 0xff, 0xff, 0xff,
    0xff, 0xff, 0xff, 0x5f, 0xff, 0xff, 0xff, 0xff,
    0xff, 0xff, 0xfc, 0xff, 0xff, 0xff, 0xff, 0xff,
    0xff, 0xff, 0x8f, 0xff, 0xff, 0xff, 0xff, 0xff,
    0xfe, 0x50, 0xff, 0xff, 0xff, 0xff, 0xff, 0xf8,
    0x0, 0xf, 0xff, 0xff, 0xff, 0xff, 0xb2, 0x0,
    0x0, 0xff, 0xff, 0xff, 0xfd, 0x40, 0x0, 0x0,
    0xf, 0xff, 0xff, 0xf7, 0x0, 0x0, 0x0, 0x0,
    0xff, 0xff, 0xa1, 0x0, 0x0, 0x0, 0x0, 0x9,
    0xfc, 0x30, 0x0, 0x0, 0x0, 0x0, 0x0, 0x0,
    0x0, 0x0, 0x0, 0x0, 0x0, 0x0, 0x0,

    /* U+F04C "" */
    0x5c, 0xdd, 0xd9, 0x0, 0xa, 0xdd, 0xdc, 0x4f,
    0xff, 0xff, 0xf5, 0x6, 0xff, 0xff, 0xfd, 0xff,
    0xff, 0xff, 0x60, 0x7f, 0xff, 0xff, 0xef, 0xff,
    0xff, 0xf6, 0x7, 0xff, 0xff, 0xfe, 0xff, 0xff,
    0xff, 0x60, 0x7f, 0xff, 0xff, 0xef, 0xff, 0xff,
    0xf6, 0x7, 0xff, 0xff, 0xfe, 0xff, 0xff, 0xff,
    0x60, 0x7f, 0xff, 0xff, 0xef, 0xff, 0xff, 0xf6,
    0x7, 0xff, 0xff, 0xfe, 0xff, 0xff, 0xff, 0x60,
    0x7f, 0xff, 0xff, 0xef, 0xff, 0xff, 0xf6, 0x7,
    0xff, 0xff, 0xfe, 0xff, 0xff, 0xff, 0x60, 0x7f,
    0xff, 0xff, 0xef, 0xff, 0xff, 0xf6, 0x7, 0xff,
    0xff, 0xfe, 0xff, 0xff, 0xff, 0x60, 0x7f, 0xff,
    0xff, 0xef, 0xff, 0xff, 0xf5, 0x6, 0xff, 0xff,
    0xfe, 0x8f, 0xff, 0xfc, 0x0, 0x1d, 0xff, 0xff,
    0x60, 0x0, 0x0, 0x0, 0x0, 0x0, 0x0, 0x0,

    /* U+F04D "" */
    0x5c, 0xdd, 0xdd, 0xdd, 0xdd, 0xdd, 0xdc, 0x3f,
    0xff, 0xff, 0xff, 0xff, 0xff, 0xff, 0xfd, 0xff,
    0xff, 0xff, 0xff, 0xff, 0xff, 0xff, 0xef, 0xff,
    0xff, 0xff, 0xff, 0xff, 0xff, 0xfe, 0xff, 0xff,
    0xff, 0xff, 0xff, 0xff, 0xff, 0xef, 0xff, 0xff,
    0xff, 0xff, 0xff, 0xff, 0xfe, 0xff, 0xff, 0xff,
    0xff, 0xff, 0xff, 0xff, 0xef, 0xff, 0xff, 0xff,
    0xff, 0xff, 0xff, 0xfe, 0xff, 0xff, 0xff, 0xff,
    0xff, 0xff, 0xff, 0xef, 0xff, 0xff, 0xff, 0xff,
    0xff, 0xff, 0xfe, 0xff, 0xff, 0xff, 0xff, 0xff,
    0xff, 0xff, 0xef, 0xff, 0xff, 0xff, 0xff, 0xff,
    0xff, 0xfe, 0xff, 0xff, 0xff, 0xff, 0xff, 0xff,
    0xff, 0xef, 0xff, 0xff, 0xff, 0xff, 0xff, 0xff,
    0xfd, 0x8f, 0xff, 0xff, 0xff, 0xff, 0xff, 0xff,
    0x60, 0x0, 0x0, 0x0, 0x0, 0x0, 0x0, 0x0,

    /* U+F051 "" */
    0x0, 0x0, 0x0, 0x0, 0x0, 0x5, 0xc3, 0x0,
    0x0, 0x5, 0xdb, 0xbf, 0xf4, 0x0, 0x0, 0x7f,
    0xeb, 0xff, 0xf5, 0x0, 0x7, 0xfe, 0xbf, 0xff,
    0xf6, 0x0, 0x7f, 0xeb, 0xff, 0xff, 0xf7, 0x7,
    0xfe, 0xbf, 0xff, 0xff, 0xf9, 0x7f, 0xeb, 0xff,
    0xff, 0xff, 0xfe, 0xfe, 0xbf, 0xff, 0xff, 0xff,
    0xff, 0xeb, 0xff, 0xff, 0xff, 0xff, 0xfe, 0xbf,
    0xff, 0xff, 0xfb, 0x8f, 0xeb, 0xff, 0xff, 0xfa,
    0x7, 0xfe, 0xbf, 0xff, 0xf9, 0x0, 0x7f, 0xeb,
    0xff, 0xf8, 0x0, 0x7, 0xfe, 0xbf, 0xf7, 0x0,
    0x0, 0x7f, 0xe7, 0xf6, 0x0, 0x0, 0x7, 0xfe,
    0x0, 0x0, 0x0, 0x0, 0x0, 0x0,

    /* U+F052 "" */
    0x0, 0x0, 0x0, 0x9, 0xe7, 0x0, 0x0, 0x0,
    0x0, 0x0, 0x0, 0x9, 0xff, 0xf6, 0x0, 0x0,
    0x0, 0x0, 0x0, 0x7, 0xff, 0xff, 0xf5, 0x0,
    0x0, 0x0, 0x0, 0x6, 0xff, 0xff, 0xff, 0xf4,
    0x0, 0x0, 0x0, 0x5, 0xff, 0xff, 0xff, 0xff,
    0xf3, 0x0, 0x0, 0x4, 0xff, 0xff, 0xff, 0xff,
    0xff, 0xe2, 0x0, 0x3, 0xff, 0xff, 0xff, 0xff,
    0xff, 0xff, 0xe2, 0x0, 0xdf, 0xff, 0xff, 0xff,
    0xff, 0xff, 0xff, 0xb0, 0xe, 0xff, 0xff, 0xff,
    0xff, 0xff, 0xff, 0xfb, 0x0, 0x29, 0x99, 0x99,
    0x99, 0x99, 0x99, 0x98, 0x10, 0x0, 0x23, 0x33,
    0x33, 0x33, 0x33, 0x33, 0x20, 0x0, 0xdf, 0xff,
    0xff, 0xff, 0xff, 0xff, 0xff, 0xb0, 0xf, 0xff,
    0xff, 0xff, 0xff, 0xff, 0xff, 0xfe, 0x0, 0xff,
    0xff, 0xff, 0xff, 0xff, 0xff, 0xff, 0xe0, 0xc,
    0xff, 0xff, 0xff, 0xff, 0xff, 0xff, 0xfa, 0x0,
    0x0, 0x11, 0x11, 0x11, 0x11, 0x11, 0x10, 0x0,

    /* U+F053 "" */
    0x0, 0x0, 0x0, 0x3, 0x70, 0x0, 0x0, 0x0,
    0x4f, 0xf7, 0x0, 0x0, 0x4, 0xff, 0xf6, 0x0,
    0x0, 0x4f, 0xff, 0x70, 0x0, 0x4, 0xff, 0xf7,
    0x0, 0x0, 0x4f, 0xff, 0x70, 0x0, 0x4, 0xff,
    0xf7, 0x0, 0x0, 0xf, 0xff, 0x90, 0x0, 0x0,
    0x8, 0xff, 0xf4, 0x0, 0x0, 0x0, 0x8f, 0xff,
    0x40, 0x0, 0x0, 0x8, 0xff, 0xf4, 0x0, 0x0,
    0x0, 0x8f, 0xff, 0x40, 0x0, 0x0, 0x8, 0xff,
    0xf4, 0x0, 0x0, 0x0, 0x8f, 0xf9, 0x0, 0x0,
    0x0, 0x7, 0xb1,

    /* U+F054 "" */
    0x1, 0x81, 0x0, 0x0, 0x0, 0xd, 0xfd, 0x10,
    0x0, 0x0, 0xc, 0xff, 0xd1, 0x0, 0x0, 0x1,
    0xcf, 0xfd, 0x10, 0x0, 0x0, 0x1c, 0xff, 0xd1,
    0x0, 0x0, 0x0, 0xcf, 0xfd, 0x10, 0x0, 0x0,
    0xc, 0xff, 0xd1, 0x0, 0x0, 0x1, 0xef, 0xfa,
    0x0, 0x0, 0x9, 0xff, 0xf3, 0x0, 0x0, 0x9f,
    0xff, 0x30, 0x0, 0x9, 0xff, 0xf3, 0x0, 0x0,
    0x9f, 0xff, 0x30, 0x0, 0x9, 0xff, 0xf3, 0x0,
    0x0, 0xf, 0xfe, 0x30, 0x0, 0x0, 0x4, 0xc3,
    0x0, 0x0, 0x0,

    /* U+F067 "" */
    0x0, 0x0, 0x0, 0xac, 0x90, 0x0, 0x0, 0x0,
    0x0, 0x0, 0x2f, 0xff, 0x0, 0x0, 0x0, 0x0,
    0x0, 0x2, 0xff, 0xf0, 0x0, 0x0, 0x0, 0x0,
    0x0, 0x2f, 0xff, 0x0, 0x0, 0x0, 0x0, 0x0,
    0x2, 0xff, 0xf0, 0x0, 0x0, 0x0, 0x0, 0x0,
    0x2f, 0xff, 0x0, 0x0, 0x0, 0xbf, 0xff, 0xff,
    0xff, 0xff, 0xff, 0xff, 0x9f, 0xff, 0xff, 0xff,
    0xff, 0xff, 0xff, 0xfd, 0xef, 0xff, 0xff, 0xff,
    0xff, 0xff, 0xff, 0xc1, 0x33, 0x33, 0x5f, 0xff,
    0x33, 0x33, 0x30, 0x0, 0x0, 0x2, 0xff, 0xf0,
    0x0, 0x0, 0x0, 0x0, 0x0, 0x2f, 0xff, 0x0,
    0x0, 0x0, 0x0, 0x0, 0x2, 0xff, 0xf0, 0x0,
    0x0, 0x0, 0x0, 0x0, 0x2f, 0xff, 0x0, 0x0,
    0x0, 0x0, 0x0, 0x0, 0xef, 0xd0, 0x0, 0x0,
    0x0, 0x0, 0x0, 0x0, 0x0, 0x0, 0x0, 0x0,

    /* U+F068 "" */
    0xbf, 0xff, 0xff, 0xff, 0xff, 0xff, 0xff, 0x9f,
    0xff, 0xff, 0xff, 0xff, 0xff, 0xff, 0xfd, 0xef,
    0xff, 0xff, 0xff, 0xff, 0xff, 0xff, 0xc1, 0x33,
    0x33, 0x33, 0x33, 0x33, 0x33, 0x30,

    /* U+F06E "" */
    0x0, 0x0, 0x0, 0x48, 0xab, 0xa8, 0x40, 0x0,
    0x0, 0x0, 0x0, 0x0, 0x6e, 0xff, 0xfe, 0xff,
    0xfe, 0x70, 0x0, 0x0, 0x0, 0x1b, 0xff, 0xe5,
    0x0, 0x4, 0xdf, 0xfc, 0x20, 0x0, 0x1, 0xdf,
    0xfe, 0x10, 0x17, 0x50, 0xc, 0xff, 0xe2, 0x0,
    0xc, 0xff, 0xf4, 0x0, 0xf, 0xfc, 0x2, 0xff,
    0xfd, 0x10, 0x8f, 0xff, 0xe0, 0x0, 0x6f, 0xff,
    0x70, 0xcf, 0xff, 0xa0, 0xff, 0xff, 0xc0, 0x8f,
    0xff, 0xff, 0xb0, 0xaf, 0xff, 0xf1, 0xaf, 0xff,
    0xe0, 0x7f, 0xff, 0xff, 0x90, 0xcf, 0xff, 0xc0,
    0x1e, 0xff, 0xf2, 0xe, 0xff, 0xff, 0x21, 0xff,
    0xff, 0x30, 0x3, 0xff, 0xfb, 0x1, 0x9c, 0xa2,
    0xa, 0xff, 0xf5, 0x0, 0x0, 0x3e, 0xff, 0xb1,
    0x0, 0x0, 0x9f, 0xff, 0x50, 0x0, 0x0, 0x1,
    0x9f, 0xff, 0xb9, 0xbf, 0xff, 0xb2, 0x0, 0x0,
    0x0, 0x0, 0x2, 0x7c, 0xef, 0xfc, 0x93, 0x0,
    0x0, 0x0,

    /* U+F070 "" */
    0x5b, 0x10, 0x0, 0x0, 0x0, 0x0, 0x0, 0x0,
    0x0, 0x0, 0x0, 0xef, 0xe3, 0x0, 0x0, 0x0,
    0x0, 0x0, 0x0, 0x0, 0x0, 0x0, 0x3d, 0xff,
    0x60, 0x3, 0x69, 0xba, 0x85, 0x0, 0x0, 0x0,
    0x0, 0x1, 0xbf, 0xfb, 0xdf, 0xff, 0xef, 0xff,
    0xe7, 0x0, 0x0, 0x0, 0x0, 0x7, 0xff, 0xfe,
    0x60, 0x0, 0x4c, 0xff, 0xd2, 0x0, 0x0, 0x0,
    0x0, 0x4e, 0xff, 0x50, 0x86, 0x0, 0xcf, 0xfe,
    0x30, 0x0, 0x0, 0x70, 0x1, 0xcf, 0xf9, 0xff,
    0xd1, 0x2f, 0xff, 0xe1, 0x0, 0x7, 0xfc, 0x20,
    0x9, 0xff, 0xff, 0xf8, 0xb, 0xff, 0xfb, 0x0,
    0xe, 0xff, 0xe4, 0x0, 0x5f, 0xff, 0xfc, 0x9,
    0xff, 0xff, 0x20, 0x9, 0xff, 0xff, 0x0, 0x2,
    0xdf, 0xfc, 0xb, 0xff, 0xfd, 0x0, 0x1, 0xef,
    0xff, 0x40, 0x0, 0xa, 0xff, 0xbf, 0xff, 0xf3,
    0x0, 0x0, 0x3f, 0xff, 0xd0, 0x0, 0x0, 0x6f,
    0xff, 0xff, 0x50, 0x0, 0x0, 0x3, 0xef, 0xfc,
    0x20, 0x0, 0x3, 0xef, 0xfa, 0x0, 0x0, 0x0,
    0x0, 0x19, 0xff, 0xfc, 0x99, 0x0, 0x1b, 0xff,
    0x90, 0x0, 0x0, 0x0, 0x0, 0x28, 0xce, 0xff,
    0xa0, 0x0, 0x8f, 0xfd, 0x20, 0x0, 0x0, 0x0,
    0x0, 0x0, 0x0, 0x0, 0x0, 0x4, 0xef, 0xf1,
    0x0, 0x0, 0x0, 0x0, 0x0, 0x0, 0x0, 0x0,
    0x0, 0x2c, 0xc0, 0x0, 0x0, 0x0, 0x0, 0x0,
    0x0, 0x0, 0x0, 0x0, 0x0, 0x0,

    /* U+F071 "" */
    0x0, 0x0, 0x0, 0x0, 0x6, 0xc7, 0x0, 0x0,
    0x0, 0x0, 0x0, 0x0, 0x0, 0x0, 0x2, 0xff,
    0xf4, 0x0, 0x0, 0x0, 0x0, 0x0, 0x0, 0x0,
    0x0, 0xbf, 0xff, 0xd0, 0x0, 0x0, 0x0, 0x0,
    0x0, 0x0, 0x0, 0x5f, 0xff, 0xff, 0x70, 0x0,
    0x0, 0x0, 0x0, 0x0, 0x0, 0xd, 0xff, 0xff,
    0xfe, 0x10, 0x0, 0x0, 0x0, 0x0, 0x0, 0x7,
    0xff, 0xff, 0xff, 0xf9, 0x0, 0x0, 0x0, 0x0,
    0x0, 0x1, 0xff, 0xf2, 0x0, 0xff, 0xf2, 0x0,
    0x0, 0x0, 0x0, 0x0, 0xaf, 0xff, 0x20, 0xf,
    0xff, 0xb0, 0x0, 0x0, 0x0, 0x0, 0x3f, 0xff,
    0xf3, 0x1, 0xff, 0xff, 0x50, 0x0, 0x0, 0x0,
    0xc, 0xff, 0xff, 0x40, 0x2f, 0xff, 0xfd, 0x0,
    0x0, 0x0, 0x5, 0xff, 0xff, 0xf5, 0x3, 0xff,
    0xff, 0xf7, 0x0, 0x0, 0x0, 0xef, 0xff, 0xff,
    0xda, 0xdf, 0xff, 0xff, 0xf1, 0x0, 0x0, 0x8f,
    0xff, 0xff, 0xf6, 0x4, 0xff, 0xff, 0xff, 0xa0,
    0x0, 0x1f, 0xff, 0xff, 0xff, 0x10, 0xf, 0xff,
    0xff, 0xff, 0x30, 0xa, 0xff, 0xff, 0xff, 0xf9,
    0x17, 0xff, 0xff, 0xff, 0xfc, 0x0, 0xff, 0xff,
    0xff, 0xff, 0xff, 0xff, 0xff, 0xff, 0xff, 0xf1,
    0x9, 0xff, 0xff, 0xff, 0xff, 0xff, 0xff, 0xff,
    0xff, 0xfb, 0x0, 0x1, 0x22, 0x22, 0x22, 0x22,
    0x22, 0x22, 0x22, 0x21, 0x0,

    /* U+F074 "" */
    0x0, 0x0, 0x0, 0x0, 0x0, 0x0, 0x1b, 0x30,
    0x0, 0x0, 0x0, 0x0, 0x0, 0x0, 0x4, 0xff,
    0x30, 0xab, 0xbb, 0x60, 0x0, 0x0, 0x7b, 0xcf,
    0xff, 0x3f, 0xff, 0xff, 0x60, 0x0, 0x7f, 0xff,
    0xff, 0xfe, 0xef, 0xff, 0xff, 0x40, 0x6f, 0xff,
    0xff, 0xff, 0x70, 0x0, 0x5f, 0xf3, 0x5f, 0xff,
    0x34, 0xff, 0x70, 0x0, 0x0, 0x64, 0x4f, 0xff,
    0x40, 0x2f, 0x70, 0x0, 0x0, 0x0, 0x3f, 0xff,
    0x50, 0x0, 0x0, 0x0, 0x0, 0x0, 0x3f, 0xff,
    0x63, 0x10, 0x1b, 0x30, 0x0, 0x0, 0x2e, 0xff,
    0x72, 0xed, 0x14, 0xff, 0x30, 0xab, 0xbe, 0xff,
    0x80, 0x9f, 0xfd, 0xcf, 0xff, 0x3f, 0xff, 0xff,
    0x90, 0x0, 0xbf, 0xff, 0xff, 0xfe, 0xef, 0xff,
    0xa0, 0x0, 0x0, 0xbf, 0xff, 0xff, 0x70, 0x0,
    0x0, 0x0, 0x0, 0x0, 0x4, 0xff, 0x70, 0x0,
    0x0, 0x0, 0x0, 0x0, 0x0, 0x2f, 0x70, 0x0,
    0x0, 0x0, 0x0, 0x0, 0x0, 0x0, 0x0, 0x0,

    /* U+F077 "" */
    0x0, 0x0, 0x0, 0x3b, 0x20, 0x0, 0x0, 0x0,
    0x0, 0x0, 0x3f, 0xfe, 0x20, 0x0, 0x0, 0x0,
    0x0, 0x3f, 0xff, 0xfe, 0x20, 0x0, 0x0, 0x0,
    0x3f, 0xff, 0xef, 0xfe, 0x20, 0x0, 0x0, 0x3f,
    0xff, 0x90, 0xbf, 0xfe, 0x20, 0x0, 0x3e, 0xff,
    0x90, 0x0, 0xbf, 0xfe, 0x20, 0x3e, 0xff, 0x90,
    0x0, 0x0, 0xbf, 0xfe, 0x2b, 0xff, 0x90, 0x0,
    0x0, 0x0, 0xbf, 0xf9, 0x3e, 0x90, 0x0, 0x0,
    0x0, 0x0, 0xad, 0x10, 0x0, 0x0, 0x0, 0x0,
    0x0, 0x0, 0x0,

    /* U+F078 "" */
    0x1a, 0x50, 0x0, 0x0, 0x0, 0x0, 0x69, 0xa,
    0xff, 0x50, 0x0, 0x0, 0x0, 0x7f, 0xf8, 0x5f,
    0xff, 0x50, 0x0, 0x0, 0x7f, 0xff, 0x40, 0x6f,
    0xff, 0x50, 0x0, 0x7f, 0xff, 0x40, 0x0, 0x6f,
    0xff, 0x50, 0x7f, 0xff, 0x40, 0x0, 0x0, 0x6f,
    0xff, 0xaf, 0xff, 0x40, 0x0, 0x0, 0x0, 0x6f,
    0xff, 0xff, 0x40, 0x0, 0x0, 0x0, 0x0, 0x6f,
    0xff, 0x40, 0x0, 0x0, 0x0, 0x0, 0x0, 0x6f,
    0x40, 0x0, 0x0, 0x0, 0x0, 0x0, 0x0, 0x0,
    0x0, 0x0, 0x0,

    /* U+F079 "" */
    0x0, 0x0, 0x7a, 0x0, 0x0, 0x0, 0x0, 0x0,
    0x0, 0x0, 0x0, 0x0, 0x0, 0x9f, 0xfc, 0x10,
    0x8e, 0xee, 0xee, 0xee, 0xea, 0x0, 0x0, 0x0,
    0x9f, 0xff, 0xfd, 0x16, 0xff, 0xff, 0xff, 0xff,
    0xf0, 0x0, 0x0, 0x9f, 0xff, 0xfe, 0xfd, 0x2,
    0x33, 0x33, 0x35, 0xff, 0x0, 0x0, 0xd, 0xf4,
    0xef, 0x4d, 0xf2, 0x0, 0x0, 0x0, 0x2f, 0xf0,
    0x0, 0x0, 0x2, 0xe, 0xf3, 0x12, 0x0, 0x0,
    0x0, 0x2, 0xff, 0x0, 0x0, 0x0, 0x0, 0xef,
    0x30, 0x0, 0x0, 0x0, 0x0, 0x2f, 0xf0, 0x0,
    0x0, 0x0, 0xe, 0xf3, 0x0, 0x0, 0x0, 0x1,
    0x2, 0xff, 0x1, 0x0, 0x0, 0x0, 0xef, 0x30,
    0x0, 0x0, 0x1, 0xfd, 0x4f, 0xf3, 0xfd, 0x0,
    0x0, 0xe, 0xf5, 0x22, 0x22, 0x21, 0xd, 0xfe,
    0xff, 0xef, 0xb0, 0x0, 0x0, 0xef, 0xff, 0xff,
    0xff, 0xf6, 0x1d, 0xff, 0xff, 0xa0, 0x0, 0x0,
    0xb, 0xff, 0xff, 0xff, 0xff, 0x90, 0x1c, 0xff,
    0xa0, 0x0, 0x0, 0x0, 0x0, 0x0, 0x0, 0x0,
    0x0, 0x0, 0xa, 0x80, 0x0, 0x0,

    /* U+F07B "" */
    0x4b, 0xcc, 0xcc, 0xb3, 0x0, 0x0, 0x0, 0x0,
    0xe, 0xff, 0xff, 0xff, 0xf3, 0x0, 0x0, 0x0,
    0x0, 0xff, 0xff, 0xff, 0xff, 0xfa, 0xaa, 0xaa,
    0xa9, 0x3f, 0xff, 0xff, 0xff, 0xff, 0xff, 0xff,
    0xff, 0xfe, 0xff, 0xff, 0xff, 0xff, 0xff, 0xff,
    0xff, 0xff, 0xff, 0xff, 0xff, 0xff, 0xff, 0xff,
    0xff, 0xff, 0xff, 0xff, 0xff, 0xff, 0xff, 0xff,
    0xff, 0xff, 0xff, 0xff, 0xff, 0xff, 0xff, 0xff,
    0xff, 0xff, 0xff, 0xff, 0xff, 0xff, 0xff, 0xff,
    0xff, 0xff, 0xff, 0xff, 0xff, 0xff, 0xff, 0xff,
    0xff, 0xff, 0xff, 0xff, 0xff, 0xff, 0xff, 0xff,
    0xff, 0xff, 0xff, 0xff, 0xff, 0xff, 0xff, 0xff,
    0xff, 0xff, 0xff, 0xff, 0xff, 0xff, 0x7f, 0xff,
    0xff, 0xff, 0xff, 0xff, 0xff, 0xff, 0x70,

    /* U+F093 "" */
    0x0, 0x0, 0x0, 0x4, 0xa0, 0x0, 0x0, 0x0,
    0x0, 0x0, 0x0, 0x4, 0xff, 0xc0, 0x0, 0x0,
    0x0, 0x0, 0x0, 0x4, 0xff, 0xff, 0xc0, 0x0,
    0x0, 0x0, 0x0, 0x4, 0xff, 0xff, 0xff, 0xc0,
    0x0, 0x0, 0x0, 0x4, 0xff, 0xff, 0xff, 0xff,
    0xc0, 0x0, 0x0, 0x3, 0xff, 0xff, 0xff, 0xff,
    0xff, 0xb0, 0x0, 0x0, 0x29, 0x99, 0xef, 0xff,
    0xc9, 0x97, 0x0, 0x0, 0x0, 0x0, 0xd, 0xff,
    0xf6, 0x0, 0x0, 0x0, 0x0, 0x0, 0x0, 0xdf,
    0xff, 0x60, 0x0, 0x0, 0x0, 0x0, 0x0, 0xd,
    0xff, 0xf6, 0x0, 0x0, 0x0, 0x0, 0x0, 0x0,
    0xdf, 0xff, 0x60, 0x0, 0x0, 0x0, 0x11, 0x11,
    0xd, 0xff, 0xf6, 0x1, 0x11, 0x10, 0xef, 0xff,
    0xf6, 0x8d, 0xdd, 0x36, 0xff, 0xff, 0xef, 0xff,
    0xff, 0xe5, 0x33, 0x35, 0xef, 0xff, 0xff, 0xff,
    0xff, 0xff, 0xff, 0xff, 0xff, 0xff, 0xff, 0xff,
    0xff, 0xff, 0xff, 0xff, 0xff, 0xb4, 0xd2, 0xff,
    0xdf, 0xff, 0xff, 0xff, 0xff, 0xff, 0xff, 0xff,
    0xd0,

    /* U+F095 "" */
    0x0, 0x0, 0x0, 0x0, 0x0, 0x0, 0x0, 0x0,
    0x0, 0x0, 0x0, 0x0, 0x0, 0x0, 0x0, 0xb,
    0xb7, 0x30, 0x0, 0x0, 0x0, 0x0, 0x0, 0x0,
    0x6f, 0xff, 0xfe, 0x0, 0x0, 0x0, 0x0, 0x0,
    0x0, 0xcf, 0xff, 0xff, 0x0, 0x0, 0x0, 0x0,
    0x0, 0x3, 0xff, 0xff, 0xfe, 0x0, 0x0, 0x0,
    0x0, 0x0, 0x9, 0xff, 0xff, 0xfc, 0x0, 0x0,
    0x0, 0x0, 0x0, 0x2, 0xdf, 0xff, 0xf8, 0x0,
    0x0, 0x0, 0x0, 0x0, 0x0, 0x1c, 0xff, 0xf4,
    0x0, 0x0, 0x0, 0x0, 0x0, 0x0, 0xb, 0xff,
    0xe0, 0x0, 0x0, 0x0, 0x0, 0x0, 0x0, 0x4f,
    0xff, 0x70, 0x0, 0x0, 0x0, 0x0, 0x0, 0x2,
    0xef, 0xfd, 0x0, 0x0, 0x0, 0x27, 0x0, 0x0,
    0x1d, 0xff, 0xf4, 0x0, 0x0, 0x4b, 0xff, 0xb0,
    0x3, 0xef, 0xff, 0x70, 0x0, 0xc, 0xff, 0xff,
    0xf9, 0xaf, 0xff, 0xf9, 0x0, 0x0, 0xd, 0xff,
    0xff, 0xff, 0xff, 0xff, 0x80, 0x0, 0x0, 0xa,
    0xff, 0xff, 0xff, 0xff, 0xe4, 0x0, 0x0, 0x0,
    0x6, 0xff, 0xff, 0xff, 0xf8, 0x0, 0x0, 0x0,
    0x0, 0x2, 0xff, 0xfd, 0xa5, 0x0, 0x0, 0x0,
    0x0, 0x0, 0x0, 0x11, 0x0, 0x0, 0x0, 0x0,
    0x0, 0x0, 0x0,

    /* U+F0B0 "" */
    0x0, 0x0, 0x0, 0x1, 0x21, 0x0, 0x0, 0x0,
    0x0, 0x0, 0x17, 0xbf, 0xff, 0xff, 0xb7, 0x10,
    0x0, 0x0, 0x8f, 0xfb, 0x75, 0x45, 0x7b, 0xff,
    0x80, 0x2, 0xdf, 0x81, 0x0, 0x0, 0x0, 0x1,
    0x8f, 0xd2, 0x9f, 0x50, 0x0, 0x0, 0x0, 0x0,
    0x0, 0x5f, 0x90, 0xcf, 0x30, 0x0, 0x0, 0x0,
    0x0, 0x3f, 0xc0, 0x0, 0xcf, 0x30, 0x0, 0x0,
    0x0, 0x3f, 0xc0, 0x0, 0x1, 0xce, 0x30, 0x0,
    0x0, 0x3e, 0xc0, 0x0, 0x0, 0x1, 0xce, 0x30,
    0x0, 0x3e, 0xc1, 0x0, 0x0, 0x0, 0x1, 0xce,
    0x30, 0x3e, 0xc1, 0x0, 0x0, 0x0, 0x0, 0x1,
    0xce, 0x5e, 0xc1, 0x0, 0x0, 0x0, 0x0, 0x0,
    0x1, 0xcf, 0xc1, 0x0, 0x0, 0x0, 0x0, 0x0,
    0x0, 0x1, 0x71, 0x0, 0x0, 0x0, 0x0,

    /* U+F0C4 "" */
    0x4, 0xbc, 0x70, 0x0, 0x0, 0x0, 0x42, 0x0,
    0x5f, 0xff, 0xfa, 0x0, 0x0, 0x3e, 0xff, 0x90,
    0xdf, 0xa6, 0xff, 0x20, 0x2, 0xef, 0xff, 0x50,
    0xff, 0x20, 0xcf, 0x50, 0x2e, 0xff, 0xf5, 0x0,
    0xcf, 0xa7, 0xff, 0x32, 0xef, 0xff, 0x50, 0x0,
    0x4f, 0xff, 0xff, 0xcd, 0xff, 0xf5, 0x0, 0x0,
    0x3, 0xad, 0xff, 0xff, 0xff, 0x50, 0x0, 0x0,
    0x0, 0x0, 0xaf, 0xff, 0xf7, 0x0, 0x0, 0x0,
    0x0, 0x25, 0xef, 0xff, 0xfe, 0x20, 0x0, 0x0,
    0x1b, 0xff, 0xff, 0xff, 0xff, 0xe2, 0x0, 0x0,
    0x9f, 0xfe, 0xff, 0x67, 0xff, 0xfe, 0x20, 0x0,
    0xef, 0x40, 0xef, 0x40, 0x7f, 0xff, 0xe2, 0x0,
    0xef, 0x62, 0xef, 0x30, 0x6, 0xff, 0xfe, 0x20,
    0x8f, 0xff, 0xfd, 0x0, 0x0, 0x6f, 0xff, 0xb0,
    0x8, 0xef, 0xb2, 0x0, 0x0, 0x2, 0x76, 0x0,
    0x0, 0x0, 0x0, 0x0, 0x0, 0x0, 0x0, 0x0,

    /* U+F0C5 "" */
    0x0, 0x0, 0xbf, 0xff, 0xff, 0x64, 0xa0, 0x0,
    0x0, 0xe, 0xff, 0xff, 0xf7, 0x4f, 0xb0, 0x0,
    0x0, 0xef, 0xff, 0xff, 0x74, 0xff, 0xa8, 0xbb,
    0x2e, 0xff, 0xff, 0xf7, 0x3, 0x33, 0xff, 0xf3,
    0xef, 0xff, 0xff, 0xea, 0x99, 0x8f, 0xff, 0x3e,
    0xff, 0xff, 0xff, 0xff, 0xfe, 0xff, 0xf3, 0xef,
    0xff, 0xff, 0xff, 0xff, 0xef, 0xff, 0x3e, 0xff,
    0xff, 0xff, 0xff, 0xfe, 0xff, 0xf3, 0xef, 0xff,
    0xff, 0xff, 0xff, 0xef, 0xff, 0x3e, 0xff, 0xff,
    0xff, 0xff, 0xfe, 0xff, 0xf3, 0xef, 0xff, 0xff,
    0xff, 0xff, 0xef, 0xff, 0x3e, 0xff, 0xff, 0xff,
    0xff, 0xfe, 0xff, 0xf3, 0xef, 0xff, 0xff, 0xff,
    0xff, 0xef, 0xff, 0x4b, 0xff, 0xff, 0xff, 0xff,
    0xfa, 0xff, 0xfc, 0x10, 0x0, 0x0, 0x0, 0x0,
    0xf, 0xff, 0xff, 0xff, 0xff, 0xf7, 0x0, 0x0,
    0xef, 0xff, 0xff, 0xff, 0xff, 0x50, 0x0, 0x0,
    0x22, 0x22, 0x22, 0x22, 0x10, 0x0, 0x0,

    /* U+F0C7 "" */
    0x6e, 0xff, 0xff, 0xff, 0xff, 0xe9, 0x0, 0xf,
    0xff, 0xff, 0xff, 0xff, 0xff, 0xfa, 0x0, 0xff,
    0x52, 0x22, 0x22, 0x22, 0x8f, 0xf9, 0xf, 0xf2,
    0x0, 0x0, 0x0, 0x5, 0xff, 0xf8, 0xff, 0x20,
    0x0, 0x0, 0x0, 0x5f, 0xff, 0xef, 0xf2, 0x0,
    0x0, 0x0, 0x5, 0xff, 0xfe, 0xff, 0x53, 0x33,
    0x33, 0x33, 0x8f, 0xff, 0xef, 0xff, 0xff, 0xff,
    0xff, 0xff, 0xff, 0xfe, 0xff, 0xff, 0xff, 0xff,
    0xff, 0xff, 0xff, 0xef, 0xff, 0xff, 0xe2, 0x3,
    0xef, 0xff, 0xfe, 0xff, 0xff, 0xf6, 0x0, 0x7,
    0xff, 0xff, 0xef, 0xff, 0xff, 0x70, 0x0, 0x8f,
    0xff, 0xfe, 0xff, 0xff, 0xfe, 0x51, 0x5f, 0xff,
    0xff, 0xef, 0xff, 0xff, 0xff, 0xff, 0xff, 0xff,
    0xfe, 0x8f, 0xff, 0xff, 0xff, 0xff, 0xff, 0xff,
    0x70, 0x1, 0x11, 0x11, 0x11, 0x11, 0x11, 0x0,

    /* U+F0C9 "" */
    0xdf, 0xff, 0xff, 0xff, 0xff, 0xff, 0xff, 0xcf,
    0xff, 0xff, 0xff, 0xff, 0xff, 0xff, 0xfd, 0x57,
    0x77, 0x77, 0x77, 0x77, 0x77, 0x77, 0x40, 0x0,
    0x0, 0x0, 0x0, 0x0, 0x0, 0x0, 0x0, 0x0,
    0x0, 0x0, 0x0, 0x0, 0x0, 0x5, 0x77, 0x77,
    0x77, 0x77, 0x77, 0x77, 0x74, 0xff, 0xff, 0xff,
    0xff, 0xff, 0xff, 0xff, 0xde, 0xff, 0xff, 0xff,
    0xff, 0xff, 0xff, 0xfc, 0x0, 0x0, 0x0, 0x0,
    0x0, 0x0, 0x0, 0x0, 0x0, 0x0, 0x0, 0x0,
    0x0, 0x0, 0x0, 0x34, 0x44, 0x44, 0x44, 0x44,
    0x44, 0x44, 0x2f, 0xff, 0xff, 0xff, 0xff, 0xff,
    0xff, 0xfd, 0xff, 0xff, 0xff, 0xff, 0xff, 0xff,
    0xff, 0xd1, 0x22, 0x22, 0x22, 0x22, 0x22, 0x22,
    0x21,

    /* U+F0E0 "" */
    0x28, 0x88, 0x88, 0x88, 0x88, 0x88, 0x88, 0x88,
    0x2d, 0xff, 0xff, 0xff, 0xff, 0xff, 0xff, 0xff,
    0xfd, 0xff, 0xff, 0xff, 0xff, 0xff, 0xff, 0xff,
    0xff, 0xf7, 0xff, 0xff, 0xff, 0xff, 0xff, 0xff,
    0xff, 0xf7, 0x23, 0xef, 0xff, 0xff, 0xff, 0xff,
    0xff, 0xe3, 0x5f, 0x71, 0xbf, 0xff, 0xff, 0xff,
    0xff, 0xb2, 0xaf, 0xff, 0xc2, 0x7f, 0xff, 0xff,
    0xff, 0x73, 0xdf, 0xff, 0xff, 0xf6, 0x3d, 0xff,
    0xfd, 0x37, 0xff, 0xff, 0xff, 0xff, 0xfa, 0x19,
    0xe9, 0x1b, 0xff, 0xff, 0xff, 0xff, 0xff, 0xfe,
    0x63, 0x6e, 0xff, 0xff, 0xff, 0xff, 0xff, 0xff,
    0xff, 0xff, 0xff, 0xff, 0xff, 0xff, 0xff, 0xff,
    0xff, 0xff, 0xff, 0xff, 0xff, 0xff, 0x7f, 0xff,
    0xff, 0xff, 0xff, 0xff, 0xff, 0xff, 0x70,

    /* U+F0E7 "" */
    0x0, 0xbf, 0xff, 0xff, 0x40, 0x0, 0x0, 0xff,
    0xff, 0xff, 0x40, 0x0, 0x2, 0xff, 0xff, 0xfe,
    0x0, 0x0, 0x4, 0xff, 0xff, 0xf9, 0x0, 0x0,
    0x7, 0xff, 0xff, 0xf4, 0x0, 0x0, 0x9, 0xff,
    0xff, 0xfa, 0xaa, 0xa4, 0xb, 0xff, 0xff, 0xff,
    0xff, 0xf8, 0xd, 0xff, 0xff, 0xff, 0xff, 0xe0,
    0xf, 0xff, 0xff, 0xff, 0xff, 0x60, 0x7, 0x99,
    0x9b, 0xff, 0xfd, 0x0, 0x0, 0x0, 0x7, 0xff,
    0xf3, 0x0, 0x0, 0x0, 0xb, 0xff, 0xa0, 0x0,
    0x0, 0x0, 0xe, 0xff, 0x10, 0x0, 0x0, 0x0,
    0x2f, 0xf8, 0x0, 0x0, 0x0, 0x0, 0x6f, 0xe0,
    0x0, 0x0, 0x0, 0x0, 0xaf, 0x50, 0x0, 0x0,
    0x0, 0x0, 0xbb, 0x0, 0x0, 0x0, 0x0, 0x0,
    0x0, 0x0, 0x0, 0x0,

    /* U+F0EA "" */
    0x0, 0x1, 0xbd, 0x50, 0x0, 0x0, 0x0, 0xa,
    0xdd, 0xee, 0xaf, 0xdd, 0xc2, 0x0, 0x0, 0xff,
    0xff, 0xa4, 0xff, 0xff, 0x60, 0x0, 0xf, 0xff,
    0xff, 0xff, 0xff, 0xf6, 0x0, 0x0, 0xff, 0xff,
    0xf8, 0x66, 0x66, 0x20, 0x0, 0xf, 0xff, 0xf7,
    0x25, 0x55, 0x52, 0x11, 0x0, 0xff, 0xff, 0x4d,
    0xff, 0xff, 0x64, 0xe2, 0xf, 0xff, 0xf4, 0xef,
    0xff, 0xf6, 0x4f, 0xe2, 0xff, 0xff, 0x4e, 0xff,
    0xff, 0x63, 0xdd, 0xbf, 0xff, 0xf4, 0xef, 0xff,
    0xfc, 0x55, 0x54, 0xff, 0xff, 0x4e, 0xff, 0xff,
    0xff, 0xff, 0xef, 0xff, 0xf4, 0xef, 0xff, 0xff,
    0xff, 0xfe, 0xff, 0xff, 0x4e, 0xff, 0xff, 0xff,
    0xff, 0xec, 0xff, 0xf3, 0xef, 0xff, 0xff, 0xff,
    0xfe, 0x0, 0x0, 0xe, 0xff, 0xff, 0xff, 0xff,
    0xe0, 0x0, 0x0, 0xef, 0xff, 0xff, 0xff, 0xfe,
    0x0, 0x0, 0xc, 0xff, 0xff, 0xff, 0xff, 0xc0,
    0x0, 0x0, 0x2, 0x22, 0x22, 0x22, 0x20,

    /* U+F0F3 "" */
    0x0, 0x0, 0x0, 0x4c, 0x30, 0x0, 0x0, 0x0,
    0x0, 0x0, 0xa, 0xf8, 0x0, 0x0, 0x0, 0x0,
    0x0, 0x5d, 0xff, 0xfc, 0x30, 0x0, 0x0, 0x0,
    0x7f, 0xff, 0xff, 0xff, 0x50, 0x0, 0x0, 0x3f,
    0xff, 0xff, 0xff, 0xff, 0x10, 0x0, 0xa, 0xff,
    0xff, 0xff, 0xff, 0xf7, 0x0, 0x0, 0xdf, 0xff,
    0xff, 0xff, 0xff, 0xb0, 0x0, 0xe, 0xff, 0xff,
    0xff, 0xff, 0xfc, 0x0, 0x0, 0xff, 0xff, 0xff,
    0xff, 0xff, 0xd0, 0x0, 0x3f, 0xff, 0xff, 0xff,
    0xff, 0xff, 0x10, 0x8, 0xff, 0xff, 0xff, 0xff,
    0xff, 0xf6, 0x2, 0xff, 0xff, 0xff, 0xff, 0xff,
    0xff, 0xe1, 0xdf, 0xff, 0xff, 0xff, 0xff, 0xff,
    0xff, 0xba, 0xff, 0xff, 0xff, 0xff, 0xff, 0xff,
    0xf9, 0x0, 0x0, 0x0, 0x0, 0x0, 0x0, 0x0,
    0x0, 0x0, 0x0, 0x9f, 0xff, 0x70, 0x0, 0x0,
    0x0, 0x0, 0x1, 0xdf, 0xc0, 0x0, 0x0, 0x0,
    0x0, 0x0, 0x0, 0x10, 0x0, 0x0, 0x0,

    /* U+F11C "" */
    0x6e, 0xff, 0xff, 0xff, 0xff, 0xff, 0xff, 0xff,
    0xfe, 0x80, 0xff, 0xff, 0xff, 0xff, 0xff, 0xff,
    0xff, 0xff, 0xff, 0xf1, 0xff, 0x53, 0xf5, 0x2d,
    0x72, 0x5f, 0x35, 0xf3, 0x3f, 0xf2, 0xff, 0x20,
    0xe2, 0xc, 0x40, 0x2e, 0x2, 0xe0, 0xf, 0xf2,
    0xff, 0x64, 0xf6, 0x4e, 0x84, 0x7f, 0x46, 0xf4,
    0x5f, 0xf2, 0xff, 0xff, 0xce, 0xfc, 0xdf, 0xdc,
    0xfe, 0xcf, 0xff, 0xf2, 0xff, 0xfb, 0x5, 0xb0,
    0x1f, 0x30, 0x96, 0x9, 0xff, 0xf2, 0xff, 0xfc,
    0x17, 0xc1, 0x3f, 0x51, 0xb7, 0x1a, 0xff, 0xf2,
    0xff, 0xff, 0xff, 0xff, 0xff, 0xff, 0xff, 0xff,
    0xff, 0xf2, 0xff, 0x20, 0xe2, 0x0, 0x0, 0x0,
    0x2, 0xf0, 0xf, 0xf2, 0xff, 0x42, 0xf4, 0x22,
    0x22, 0x22, 0x24, 0xf2, 0x2f, 0xf2, 0xff, 0xff,
    0xff, 0xff, 0xff, 0xff, 0xff, 0xff, 0xff, 0xf1,
    0x7f, 0xff, 0xff, 0xff, 0xff, 0xff, 0xff, 0xff,
    0xff, 0x90,

    /* U+F124 "" */
    0x0, 0x0, 0x0, 0x0, 0x0, 0x0, 0x0, 0x0,
    0x0, 0x0, 0x0, 0x0, 0x0, 0x0, 0x0, 0x0,
    0x2, 0x9d, 0x50, 0x0, 0x0, 0x0, 0x0, 0x0,
    0x0, 0x3b, 0xff, 0xfe, 0x0, 0x0, 0x0, 0x0,
    0x0, 0x5, 0xcf, 0xff, 0xff, 0xc0, 0x0, 0x0,
    0x0, 0x0, 0x6d, 0xff, 0xff, 0xff, 0xf5, 0x0,
    0x0, 0x0, 0x17, 0xef, 0xff, 0xff, 0xff, 0xfd,
    0x0, 0x0, 0x1, 0x9f, 0xff, 0xff, 0xff, 0xff,
    0xff, 0x60, 0x0, 0x1a, 0xff, 0xff, 0xff, 0xff,
    0xff, 0xff, 0xe0, 0x0, 0xd, 0xff, 0xff, 0xff,
    0xff, 0xff, 0xff, 0xf8, 0x0, 0x0, 0xef, 0xff,
    0xff, 0xff, 0xff, 0xff, 0xff, 0x10, 0x0, 0x3,
    0xab, 0xbb, 0xbb, 0xdf, 0xff, 0xff, 0x90, 0x0,
    0x0, 0x0, 0x0, 0x0, 0x9, 0xff, 0xff, 0xf2,
    0x0, 0x0, 0x0, 0x0, 0x0, 0x0, 0x9f, 0xff,
    0xfa, 0x0, 0x0, 0x0, 0x0, 0x0, 0x0, 0x9,
    0xff, 0xff, 0x30, 0x0, 0x0, 0x0, 0x0, 0x0,
    0x0, 0x9f, 0xff, 0xc0, 0x0, 0x0, 0x0, 0x0,
    0x0, 0x0, 0x9, 0xff, 0xf4, 0x0, 0x0, 0x0,
    0x0, 0x0, 0x0, 0x0, 0x8f, 0xfd, 0x0, 0x0,
    0x0, 0x0, 0x0, 0x0, 0x0, 0x3, 0xff, 0x40,
    0x0, 0x0, 0x0, 0x0, 0x0, 0x0, 0x0, 0x0,
    0x0, 0x0, 0x0, 0x0, 0x0,

    /* U+F15B "" */
    0xcf, 0xff, 0xff, 0xf6, 0x49, 0x0, 0xf, 0xff,
    0xff, 0xff, 0x75, 0xfa, 0x0, 0xff, 0xff, 0xff,
    0xf7, 0x5f, 0xfa, 0xf, 0xff, 0xff, 0xff, 0x75,
    0xff, 0xf9, 0xff, 0xff, 0xff, 0xf7, 0x14, 0x44,
    0x4f, 0xff, 0xff, 0xff, 0xea, 0xaa, 0xa9, 0xff,
    0xff, 0xff, 0xff, 0xff, 0xff, 0xef, 0xff, 0xff,
    0xff, 0xff, 0xff, 0xfe, 0xff, 0xff, 0xff, 0xff,
    0xff, 0xff, 0xef, 0xff, 0xff, 0xff, 0xff, 0xff,
    0xfe, 0xff, 0xff, 0xff, 0xff, 0xff, 0xff, 0xef,
    0xff, 0xff, 0xff, 0xff, 0xff, 0xfe, 0xff, 0xff,
    0xff, 0xff, 0xff, 0xff, 0xef, 0xff, 0xff, 0xff,
    0xff, 0xff, 0xfe, 0xff, 0xff, 0xff, 0xff, 0xff,
    0xff, 0xef, 0xff, 0xff, 0xff, 0xff, 0xff, 0xfe,
    0xdf, 0xff, 0xff, 0xff, 0xff, 0xff, 0xc0, 0x0,
    0x0, 0x0, 0x0, 0x0, 0x0,

    /* U+F1EB "" */
    0x0, 0x0, 0x0, 0x0, 0x0, 0x0, 0x0, 0x0,
    0x0, 0x0, 0x0, 0x0, 0x0, 0x0, 0x47, 0xac,
    0xdc, 0xb8, 0x50, 0x0, 0x0, 0x0, 0x0, 0x1,
    0x8e, 0xff, 0xff, 0xff, 0xff, 0xff, 0xa3, 0x0,
    0x0, 0x0, 0x8f, 0xff, 0xff, 0xfe, 0xde, 0xff,
    0xff, 0xff, 0xa1, 0x0, 0x1c, 0xff, 0xfe, 0x83,
    0x0, 0x0, 0x2, 0x7c, 0xff, 0xfe, 0x30, 0xdf,
    0xfe, 0x60, 0x0, 0x0, 0x0, 0x0, 0x0, 0x4d,
    0xff, 0xf2, 0x5f, 0xc1, 0x0, 0x0, 0x46, 0x77,
    0x51, 0x0, 0x0, 0x9f, 0x90, 0x2, 0x0, 0x2,
    0xaf, 0xff, 0xff, 0xff, 0xc4, 0x0, 0x3, 0x0,
    0x0, 0x0, 0x7f, 0xff, 0xff, 0xff, 0xff, 0xff,
    0xa0, 0x0, 0x0, 0x0, 0x2, 0xff, 0xfd, 0x73,
    0x23, 0x6b, 0xff, 0xf6, 0x0, 0x0, 0x0, 0x0,
    0x6f, 0x60, 0x0, 0x0, 0x0, 0x3d, 0xa0, 0x0,
    0x0, 0x0, 0x0, 0x0, 0x0, 0x0, 0x20, 0x0,
    0x0, 0x0, 0x0, 0x0, 0x0, 0x0, 0x0, 0x0,
    0xc, 0xfe, 0x20, 0x0, 0x0, 0x0, 0x0, 0x0,
    0x0, 0x0, 0x0, 0x6f, 0xff, 0xa0, 0x0, 0x0,
    0x0, 0x0, 0x0, 0x0, 0x0, 0x0, 0x6f, 0xff,
    0xa0, 0x0, 0x0, 0x0, 0x0, 0x0, 0x0, 0x0,
    0x0, 0xb, 0xfd, 0x20, 0x0, 0x0, 0x0, 0x0,
    0x0, 0x0, 0x0, 0x0, 0x0, 0x0, 0x0, 0x0,
    0x0, 0x0, 0x0,

    /* U+F240 "" */
    0x6d, 0xee, 0xee, 0xee, 0xee, 0xee, 0xee, 0xee,
    0xee, 0xe8, 0x0, 0xff, 0xff, 0xff, 0xff, 0xff,
    0xff, 0xff, 0xff, 0xff, 0xff, 0x20, 0xff, 0x53,
    0x33, 0x33, 0x33, 0x33, 0x33, 0x33, 0x33, 0xff,
    0xb0, 0xff, 0x23, 0x44, 0x44, 0x44, 0x44, 0x44,
    0x44, 0x40, 0xff, 0xf3, 0xff, 0x2d, 0xff, 0xff,
    0xff, 0xff, 0xff, 0xff, 0xf0, 0x5f, 0xf3, 0xff,
    0x2d, 0xff, 0xff, 0xff, 0xff, 0xff, 0xff, 0xf0,
    0xe, 0xf3, 0xff, 0x2d, 0xff, 0xff, 0xff, 0xff,
    0xff, 0xff, 0xf0, 0x4f, 0xf3, 0xff, 0x2c, 0xff,
    0xff, 0xff, 0xff, 0xff, 0xff, 0xf0, 0xff, 0xf3,
    0xff, 0x42, 0x22, 0x22, 0x22, 0x22, 0x22, 0x22,
    0x22, 0xff, 0xc0, 0xff, 0xff, 0xff, 0xff, 0xff,
    0xff, 0xff, 0xff, 0xff, 0xff, 0x20, 0x6e, 0xff,
    0xff, 0xff, 0xff, 0xff, 0xff, 0xff, 0xff, 0xf9,
    0x0,

    /* U+F241 "" */
    0x6d, 0xee, 0xee, 0xee, 0xee, 0xee, 0xee, 0xee,
    0xee, 0xe8, 0x0, 0xff, 0xff, 0xff, 0xff, 0xff,
    0xff, 0xff, 0xff, 0xff, 0xff, 0x20, 0xff, 0x53,
    0x33, 0x33, 0x33, 0x33, 0x33, 0x33, 0x33, 0xff,
    0xb0, 0xff, 0x24, 0x44, 0x44, 0x44, 0x44, 0x43,
    0x0, 0x0, 0xff, 0xf3, 0xff, 0x2e, 0xff, 0xff,
    0xff, 0xff, 0xfb, 0x0, 0x0, 0x5f, 0xf3, 0xff,
    0x2e, 0xff, 0xff, 0xff, 0xff, 0xfb, 0x0, 0x0,
    0xe, 0xf3, 0xff, 0x2e, 0xff, 0xff, 0xff, 0xff,
    0xfb, 0x0, 0x0, 0x4f, 0xf3, 0xff, 0x2e, 0xff,
    0xff, 0xff, 0xff, 0xfa, 0x0, 0x0, 0xff, 0xf3,
    0xff, 0x42, 0x22, 0x22, 0x22, 0x22, 0x22, 0x22,
    0x22, 0xff, 0xc0, 0xff, 0xff, 0xff, 0xff, 0xff,
    0xff, 0xff, 0xff, 0xff, 0xff, 0x20, 0x6e, 0xff,
    0xff, 0xff, 0xff, 0xff, 0xff, 0xff, 0xff, 0xf9,
    0x0,

    /* U+F242 "" */
    0x6d, 0xee, 0xee, 0xee, 0xee, 0xee, 0xee, 0xee,
    0xee, 0xe8, 0x0, 0xff, 0xff, 0xff, 0xff, 0xff,
    0xff, 0xff, 0xff, 0xff, 0xff, 0x20, 0xff, 0x53,
    0x33, 0x33, 0x33, 0x33, 0x33, 0x33, 0x33, 0xff,
    0xb0, 0xff, 0x24, 0x44, 0x44, 0x44, 0x20, 0x0,
    0x0, 0x0, 0xff, 0xf3, 0xff, 0x2e, 0xff, 0xff,
    0xff, 0x80, 0x0, 0x0, 0x0, 0x5f, 0xf3, 0xff,
    0x2e, 0xff, 0xff, 0xff, 0x80, 0x0, 0x0, 0x0,
    0xe, 0xf3, 0xff, 0x2e, 0xff, 0xff, 0xff, 0x80,
    0x0, 0x0, 0x0, 0x4f, 0xf3, 0xff, 0x2e, 0xff,
    0xff, 0xff, 0x70, 0x0, 0x0, 0x0, 0xff, 0xf3,
    0xff, 0x42, 0x22, 0x22, 0x22, 0x22, 0x22, 0x22,
    0x22, 0xff, 0xc0, 0xff, 0xff, 0xff, 0xff, 0xff,
    0xff, 0xff, 0xff, 0xff, 0xff, 0x20, 0x6e, 0xff,
    0xff, 0xff, 0xff, 0xff, 0xff, 0xff, 0xff, 0xf9,
    0x0,

    /* U+F243 "" */
    0x6d, 0xee, 0xee, 0xee, 0xee, 0xee, 0xee, 0xee,
    0xee, 0xe8, 0x0, 0xff, 0xff, 0xff, 0xff, 0xff,
    0xff, 0xff, 0xff, 0xff, 0xff, 0x20, 0xff, 0x53,
    0x33, 0x33, 0x33, 0x33, 0x33, 0x33, 0x33, 0xff,
    0xb0, 0xff, 0x24, 0x44, 0x41, 0x0, 0x0, 0x0,
    0x0, 0x0, 0xff, 0xf3, 0xff, 0x2e, 0xff, 0xf5,
    0x0, 0x0, 0x0, 0x0, 0x0, 0x5f, 0xf3, 0xff,
    0x2e, 0xff, 0xf5, 0x0, 0x0, 0x0, 0x0, 0x0,
    0xe, 0xf3, 0xff, 0x2e, 0xff, 0xf5, 0x0, 0x0,
    0x0, 0x0, 0x0, 0x4f, 0xf3, 0xff, 0x2e, 0xff,
    0xf5, 0x0, 0x0, 0x0, 0x0, 0x0, 0xff, 0xf3,
    0xff, 0x42, 0x22, 0x22, 0x22, 0x22, 0x22, 0x22,
    0x22, 0xff, 0xc0, 0xff, 0xff, 0xff, 0xff, 0xff,
    0xff, 0xff, 0xff, 0xff, 0xff, 0x20, 0x6e, 0xff,
    0xff, 0xff, 0xff, 0xff, 0xff, 0xff, 0xff, 0xf9,
    0x0,

    /* U+F244 "" */
    0x6d, 0xee, 0xee, 0xee, 0xee, 0xee, 0xee, 0xee,
    0xee, 0xe8, 0x0, 0xff, 0xff, 0xff, 0xff, 0xff,
    0xff, 0xff, 0xff, 0xff, 0xff, 0x20, 0xff, 0x53,
    0x33, 0x33, 0x33, 0x33, 0x33, 0x33, 0x33, 0xff,
    0xb0, 0xff, 0x20, 0x0, 0x0, 0x0, 0x0, 0x0,
    0x0, 0x0, 0xff, 0xf3, 0xff, 0x20, 0x0, 0x0,
    0x0, 0x0, 0x0, 0x0, 0x0, 0x5f, 0xf3, 0xff,
    0x20, 0x0, 0x0, 0x0, 0x0, 0x0, 0x0, 0x0,
    0xe, 0xf3, 0xff, 0x20, 0x0, 0x0, 0x0, 0x0,
    0x0, 0x0, 0x0, 0x4f, 0xf3, 0xff, 0x20, 0x0,
    0x0, 0x0, 0x0, 0x0, 0x0, 0x0, 0xff, 0xf3,
    0xff, 0x42, 0x22, 0x22, 0x22, 0x22, 0x22, 0x22,
    0x22, 0xff, 0xc0, 0xff, 0xff, 0xff, 0xff, 0xff,
    0xff, 0xff, 0xff, 0xff, 0xff, 0x20, 0x6e, 0xff,
    0xff, 0xff, 0xff, 0xff, 0xff, 0xff, 0xff, 0xf9,
    0x0,

    /* U+F287 "" */
    0x0, 0x0, 0x0, 0x0, 0x0, 0x9, 0xd6, 0x0,
    0x0, 0x0, 0x0, 0x0, 0x0, 0x0, 0x0, 0x3a,
    0xbf, 0xff, 0x10, 0x0, 0x0, 0x0, 0x0, 0x0,
    0x0, 0x1, 0xfa, 0x8f, 0xff, 0x0, 0x0, 0x0,
    0x0, 0x0, 0x0, 0x0, 0x9, 0xb0, 0x5, 0x93,
    0x0, 0x0, 0x0, 0x0, 0x8, 0xb6, 0x0, 0x1f,
    0x30, 0x0, 0x0, 0x0, 0x1, 0x30, 0x0, 0xaf,
    0xff, 0x60, 0xab, 0x0, 0x0, 0x0, 0x0, 0x4,
    0xfa, 0x10, 0xff, 0xff, 0xff, 0xff, 0xff, 0xff,
    0xff, 0xff, 0xff, 0xff, 0xe2, 0xcf, 0xff, 0x93,
    0x33, 0x8f, 0x43, 0x33, 0x33, 0x36, 0xfd, 0x40,
    0x2c, 0xea, 0x0, 0x0, 0xd, 0x70, 0x0, 0x0,
    0x2, 0x70, 0x0, 0x0, 0x0, 0x0, 0x0, 0x5,
    0xe0, 0x7, 0x88, 0x40, 0x0, 0x0, 0x0, 0x0,
    0x0, 0x0, 0x0, 0xca, 0x5f, 0xff, 0x90, 0x0,
    0x0, 0x0, 0x0, 0x0, 0x0, 0x0, 0x1a, 0xdf,
    0xff, 0x90, 0x0, 0x0, 0x0, 0x0, 0x0, 0x0,
    0x0, 0x0, 0xf, 0xff, 0x80, 0x0, 0x0, 0x0,
    0x0, 0x0, 0x0, 0x0, 0x0, 0x0, 0x0, 0x0,
    0x0, 0x0,

    /* U+F293 "" */
    0x0, 0x3, 0x9c, 0xdc, 0xa5, 0x0, 0x0, 0x9,
    0xff, 0xfc, 0xff, 0xfb, 0x0, 0x7, 0xff, 0xff,
    0x1c, 0xff, 0xf9, 0x1, 0xff, 0xff, 0xf0, 0x1d,
    0xff, 0xf2, 0x6f, 0xff, 0xff, 0x3, 0x1d, 0xff,
    0x7a, 0xfe, 0x1a, 0xf0, 0x97, 0x1e, 0xfa, 0xcf,
    0xf8, 0xa, 0x8, 0x35, 0xff, 0xcd, 0xff, 0xf8,
    0x0, 0x4, 0xff, 0xfd, 0xef, 0xff, 0xf7, 0x1,
    0xff, 0xff, 0xee, 0xff, 0xfe, 0x20, 0x9, 0xff,
    0xfe, 0xdf, 0xfe, 0x23, 0x4, 0xa, 0xff, 0xdb,
    0xfe, 0x23, 0xf0, 0x98, 0xc, 0xfc, 0x8f, 0xf8,
    0xff, 0x17, 0x16, 0xff, 0x93, 0xff, 0xff, 0xf1,
    0x6, 0xff, 0xf4, 0xb, 0xff, 0xff, 0x17, 0xff,
    0xfd, 0x0, 0x1d, 0xff, 0xf8, 0xff, 0xff, 0x30,
    0x0, 0x8, 0xdf, 0xff, 0xfa, 0x30, 0x0, 0x0,
    0x0, 0x1, 0x10, 0x0, 0x0,

    /* U+F2ED "" */
    0x0, 0x0, 0x2d, 0xee, 0xec, 0x10, 0x0, 0xc,
    0xee, 0xee, 0xff, 0xff, 0xfe, 0xee, 0xeb, 0xff,
    0xff, 0xff, 0xff, 0xff, 0xff, 0xff, 0xd1, 0x22,
    0x22, 0x22, 0x22, 0x22, 0x22, 0x21, 0xc, 0xdd,
    0xdd, 0xdd, 0xdd, 0xdd, 0xda, 0x0, 0xff, 0xff,
    0xff, 0xff, 0xff, 0xff, 0xd0, 0xf, 0xfd, 0x8f,
    0xf6, 0xff, 0x7f, 0xfd, 0x0, 0xff, 0xb3, 0xfe,
    0xf, 0xf1, 0xdf, 0xd0, 0xf, 0xfb, 0x3f, 0xe0,
    0xff, 0x1d, 0xfd, 0x0, 0xff, 0xb3, 0xfe, 0xf,
    0xf1, 0xdf, 0xd0, 0xf, 0xfb, 0x3f, 0xe0, 0xff,
    0x1d, 0xfd, 0x0, 0xff, 0xb3, 0xfe, 0xf, 0xf1,
    0xdf, 0xd0, 0xf, 0xfb, 0x3f, 0xe0, 0xff, 0x1d,
    0xfd, 0x0, 0xff, 0xb3, 0xfe, 0xf, 0xf1, 0xdf,
    0xd0, 0xf, 0xfc, 0x4f, 0xf2, 0xff, 0x3e, 0xfd,
    0x0, 0xef, 0xff, 0xff, 0xff, 0xff, 0xff, 0xc0,
    0x8, 0xff, 0xff, 0xff, 0xff, 0xff, 0xf6, 0x0,
    0x1, 0x22, 0x22, 0x22, 0x22, 0x21, 0x0,

    /* U+F304 "" */
    0x0, 0x0, 0x0, 0x0, 0x0, 0x0, 0x8, 0xd6,
    0x0, 0x0, 0x0, 0x0, 0x0, 0x0, 0x0, 0x9f,
    0xff, 0x70, 0x0, 0x0, 0x0, 0x0, 0x0, 0x5,
    0xff, 0xff, 0xf6, 0x0, 0x0, 0x0, 0x0, 0x0,
    0x81, 0x9f, 0xff, 0xff, 0x0, 0x0, 0x0, 0x0,
    0x9, 0xfd, 0x19, 0xff, 0xfb, 0x0, 0x0, 0x0,
    0x0, 0x9f, 0xff, 0xd1, 0x9f, 0xc1, 0x0, 0x0,
    0x0, 0x9, 0xff, 0xff, 0xfd, 0x17, 0x10, 0x0,
    0x0, 0x0, 0x9f, 0xff, 0xff, 0xff, 0xa0, 0x0,
    0x0, 0x0, 0x9, 0xff, 0xff, 0xff, 0xfc, 0x10,
    0x0, 0x0, 0x0, 0x9f, 0xff, 0xff, 0xff, 0xc1,
    0x0, 0x0, 0x0, 0x9, 0xff, 0xff, 0xff, 0xfc,
    0x10, 0x0, 0x0, 0x0, 0x9f, 0xff, 0xff, 0xff,
    0xc1, 0x0, 0x0, 0x0, 0x7, 0xff, 0xff, 0xff,
    0xfc, 0x10, 0x0, 0x0, 0x0, 0xb, 0xff, 0xff,
    0xff, 0xc1, 0x0, 0x0, 0x0, 0x0, 0xc, 0xff,
    0xff, 0xfc, 0x10, 0x0, 0x0, 0x0, 0x0, 0xe,
    0xff, 0xff, 0xc1, 0x0, 0x0, 0x0, 0x0, 0x0,
    0xe, 0xff, 0xda, 0x10, 0x0, 0x0, 0x0, 0x0,
    0x0, 0x0, 0x0, 0x0, 0x0, 0x0, 0x0, 0x0,
    0x0, 0x0,

    /* U+F55A "" */
    0x0, 0x0, 0x4, 0xac, 0xcc, 0xcc, 0xcc, 0xcc,
    0xcc, 0xca, 0x30, 0x0, 0x0, 0x5f, 0xff, 0xff,
    0xff, 0xff, 0xff, 0xff, 0xff, 0xf1, 0x0, 0x5,
    0xff, 0xff, 0xff, 0xff, 0xff, 0xff, 0xff, 0xff,
    0xf3, 0x0, 0x5f, 0xff, 0xff, 0xf8, 0x1d, 0xff,
    0x62, 0xef, 0xff, 0xf4, 0x5, 0xff, 0xff, 0xff,
    0xf3, 0x1, 0xc6, 0x0, 0xbf, 0xff, 0xf4, 0x5f,
    0xff, 0xff, 0xff, 0xfe, 0x30, 0x0, 0xa, 0xff,
    0xff, 0xf4, 0xff, 0xff, 0xff, 0xff, 0xff, 0xe1,
    0x0, 0x7f, 0xff, 0xff, 0xf4, 0x9f, 0xff, 0xff,
    0xff, 0xff, 0x60, 0x0, 0x1c, 0xff, 0xff, 0xf4,
    0x9, 0xff, 0xff, 0xff, 0xf6, 0x0, 0x93, 0x1,
    0xdf, 0xff, 0xf4, 0x0, 0x9f, 0xff, 0xff, 0xf4,
    0xa, 0xfe, 0x30, 0xcf, 0xff, 0xf4, 0x0, 0x9,
    0xff, 0xff, 0xff, 0xcf, 0xff, 0xfd, 0xff, 0xff,
    0xf3, 0x0, 0x0, 0x9f, 0xff, 0xff, 0xff, 0xff,
    0xff, 0xff, 0xff, 0xf1, 0x0, 0x0, 0x7, 0xef,
    0xff, 0xff, 0xff, 0xff, 0xff, 0xfe, 0x60,

    /* U+F7C2 "" */
    0x0, 0x4, 0xff, 0xff, 0xff, 0xfc, 0x20, 0x4,
    0xff, 0xff, 0xff, 0xff, 0xfb, 0x4, 0xfc, 0x2e,
    0x43, 0xf3, 0x5f, 0xe4, 0xff, 0xb0, 0xe2, 0xf,
    0x3, 0xfe, 0xff, 0xfb, 0xe, 0x20, 0xf0, 0x3f,
    0xef, 0xff, 0xea, 0xfb, 0xaf, 0xab, 0xfe, 0xff,
    0xff, 0xff, 0xff, 0xff, 0xff, 0xef, 0xff, 0xff,
    0xff, 0xff, 0xff, 0xfe, 0xff, 0xff, 0xff, 0xff,
    0xff, 0xff, 0xef, 0xff, 0xff, 0xff, 0xff, 0xff,
    0xfe, 0xff, 0xff, 0xff, 0xff, 0xff, 0xff, 0xef,
    0xff, 0xff, 0xff, 0xff, 0xff, 0xfe, 0xff, 0xff,
    0xff, 0xff, 0xff, 0xff, 0xef, 0xff, 0xff, 0xff,
    0xff, 0xff, 0xfe, 0xff, 0xff, 0xff, 0xff, 0xff,
    0xff, 0xed, 0xff, 0xff, 0xff, 0xff, 0xff, 0xfc,
    0x4e, 0xff, 0xff, 0xff, 0xff, 0xfd, 0x30, 0x0,
    0x0, 0x0, 0x0, 0x0, 0x0,

    /* U+F8A2 "" */
    0x0, 0x0, 0x0, 0x0, 0x0, 0x0, 0x0, 0x0,
    0x80, 0x0, 0x0, 0x0, 0x0, 0x0, 0x0, 0x0,
    0xa, 0xf1, 0x0, 0x0, 0x71, 0x0, 0x0, 0x0,
    0x0, 0x7f, 0xf1, 0x0, 0x1c, 0xf5, 0x0, 0x0,
    0x0, 0x0, 0x9f, 0xf1, 0x1, 0xdf, 0xf6, 0x0,
    0x0, 0x0, 0x0, 0x9f, 0xf1, 0x2e, 0xff, 0xfc,
    0xaa, 0xaa, 0xaa, 0xaa, 0xdf, 0xf1, 0xdf, 0xff,
    0xff, 0xff, 0xff, 0xff, 0xff, 0xff, 0xf1, 0x6f,
    0xff, 0xff, 0xff, 0xff, 0xff, 0xff, 0xff, 0xd0,
    0x6, 0xff, 0xf6, 0x0, 0x0, 0x0, 0x0, 0x0,
    0x0, 0x0, 0x5f, 0xf6, 0x0, 0x0, 0x0, 0x0,
    0x0, 0x0, 0x0, 0x4, 0xd3, 0x0, 0x0, 0x0,
    0x0, 0x0, 0x0
};


/*---------------------
 *  GLYPH DESCRIPTION
 *--------------------*/

static const lv_font_fmt_txt_glyph_dsc_t glyph_dsc[] = {
    {.bitmap_index = 0, .adv_w = 0, .box_w = 0, .box_h = 0, .ofs_x = 0, .ofs_y = 0} /* id = 0 reserved */,
    {.bitmap_index = 0, .adv_w = 53, .box_w = 0, .box_h = 0, .ofs_x = 0, .ofs_y = 0},
    {.bitmap_index = 0, .adv_w = 75, .box_w = 4, .box_h = 13, .ofs_x = 0, .ofs_y = 0},
    {.bitmap_index = 26, .adv_w = 120, .box_w = 7, .box_h = 6, .ofs_x = 0, .ofs_y = 7},
    {.bitmap_index = 47, .adv_w = 177, .box_w = 11, .box_h = 13, .ofs_x = 0, .ofs_y = 0},
    {.bitmap_index = 119, .adv_w = 162, .box_w = 10, .box_h = 17, .ofs_x = 0, .ofs_y = -2},
    {.bitmap_index = 204, .adv_w = 183, .box_w = 11, .box_h = 13, .ofs_x = 0, .ofs_y = 0},
    {.bitmap_index = 276, .adv_w = 185, .box_w = 12, .box_h = 13, .ofs_x = 0, .ofs_y = 0},
    {.bitmap_index = 354, .adv_w = 67, .box_w = 4, .box_h = 6, .ofs_x = 0, .ofs_y = 7},
    {.bitmap_index = 366, .adv_w = 83, .box_w = 5, .box_h = 17, .ofs_x = 0, .ofs_y = -3},
    {.bitmap_index = 409, .adv_w = 83, .box_w = 5, .box_h = 17, .ofs_x = 0, .ofs_y = -3},
    {.bitmap_index = 452, .adv_w = 133, .box_w = 8, .box_h = 9, .ofs_x = 0, .ofs_y = 5},
    {.bitmap_index = 488, .adv_w = 151, .box_w = 9, .box_h = 10, .ofs_x = 0, .ofs_y = 1},
    {.bitmap_index = 533, .adv_w = 76, .box_w = 4, .box_h = 6, .ofs_x = 0, .ofs_y = -3},
    {.bitmap_index = 545, .adv_w = 126, .box_w = 7, .box_h = 3, .ofs_x = 0, .ofs_y = 4},
    {.bitmap_index = 556, .adv_w = 80, .box_w = 3, .box_h = 4, .ofs_x = 1, .ofs_y = 0},
    {.bitmap_index = 562, .adv_w = 107, .box_w = 7, .box_h = 15, .ofs_x = 0, .ofs_y = -1},
    {.bitmap_index = 615, .adv_w = 180, .box_w = 11, .box_h = 13, .ofs_x = 0, .ofs_y = 0},
    {.bitmap_index = 687, .adv_w = 100, .box_w = 6, .box_h = 13, .ofs_x = 0, .ofs_y = 0},
    {.bitmap_index = 726, .adv_w = 150, .box_w = 9, .box_h = 13, .ofs_x = 0, .ofs_y = 0},
    {.bitmap_index = 785, .adv_w = 150, .box_w = 9, .box_h = 13, .ofs_x = 0, .ofs_y = 0},
    {.bitmap_index = 844, .adv_w = 164, .box_w = 10, .box_h = 13, .ofs_x = 0, .ofs_y = 0},
    {.bitmap_index = 909, .adv_w = 150, .box_w = 9, .box_h = 13, .ofs_x = 0, .ofs_y = 0},
    {.bitmap_index = 968, .adv_w = 154, .box_w = 10, .box_h = 13, .ofs_x = 0, .ofs_y = 0},
    {.bitmap_index = 1033, .adv_w = 143, .box_w = 9, .box_h = 13, .ofs_x = 0, .ofs_y = 0},
    {.bitmap_index = 1092, .adv_w = 151, .box_w = 9, .box_h = 13, .ofs_x = 0, .ofs_y = 0},
    {.bitmap_index = 1151, .adv_w = 154, .box_w = 10, .box_h = 13, .ofs_x = 0, .ofs_y = 0},
    {.bitmap_index = 1216, .adv_w = 76, .box_w = 4, .box_h = 9, .ofs_x = 0, .ofs_y = 0},
    {.bitmap_index = 1234, .adv_w = 75, .box_w = 4, .box_h = 12, .ofs_x = 0, .ofs_y = -3},
    {.bitmap_index = 1258, .adv_w = 151, .box_w = 9, .box_h = 10, .ofs_x = 0, .ofs_y = 1},
    {.bitmap_index = 1303, .adv_w = 151, .box_w = 9, .box_h = 7, .ofs_x = 0, .ofs_y = 3},
    {.bitmap_index = 1335, .adv_w = 151, .box_w = 9, .box_h = 10, .ofs_x = 0, .ofs_y = 1},
    {.bitmap_index = 1380, .adv_w = 137, .box_w = 8, .box_h = 13, .ofs_x = 0, .ofs_y = 0},
    {.bitmap_index = 1432, .adv_w = 203, .box_w = 12, .box_h = 12, .ofs_x = 0, .ofs_y = -2},
    {.bitmap_index = 1504, .adv_w = 194, .box_w = 12, .box_h = 13, .ofs_x = 0, .ofs_y = 0},
    {.bitmap_index = 1582, .adv_w = 172, .box_w = 10, .box_h = 13, .ofs_x = 1, .ofs_y = 0},
    {.bitmap_index = 1647, .adv_w = 187, .box_w = 12, .box_h = 13, .ofs_x = 0, .ofs_y = 0},
    {.bitmap_index = 1725, .adv_w = 203, .box_w = 12, .box_h = 13, .ofs_x = 1, .ofs_y = 0},
    {.bitmap_index = 1803, .adv_w = 164, .box_w = 9, .box_h = 13, .ofs_x = 1, .ofs_y = 0},
    {.bitmap_index = 1862, .adv_w = 157, .box_w = 9, .box_h = 13, .ofs_x = 1, .ofs_y = 0},
    {.bitmap_index = 1921, .adv_w = 212, .box_w = 13, .box_h = 13, .ofs_x = 0, .ofs_y = 0},
    {.bitmap_index = 2006, .adv_w = 196, .box_w = 11, .box_h = 13, .ofs_x = 1, .ofs_y = 0},
    {.bitmap_index = 2078, .adv_w = 76, .box_w = 3, .box_h = 13, .ofs_x = 1, .ofs_y = 0},
    {.bitmap_index = 2098, .adv_w = 140, .box_w = 8, .box_h = 13, .ofs_x = 0, .ofs_y = 0},
    {.bitmap_index = 2150, .adv_w = 187, .box_w = 11, .box_h = 13, .ofs_x = 1, .ofs_y = 0},
    {.bitmap_index = 2222, .adv_w = 151, .box_w = 9, .box_h = 13, .ofs_x = 1, .ofs_y = 0},
    {.bitmap_index = 2281, .adv_w = 231, .box_w = 13, .box_h = 13, .ofs_x = 1, .ofs_y = 0},
    {.bitmap_index = 2366, .adv_w = 198, .box_w = 11, .box_h = 13, .ofs_x = 1, .ofs_y = 0},
    {.bitmap_index = 2438, .adv_w = 218, .box_w = 13, .box_h = 13, .ofs_x = 0, .ofs_y = 0},
    {.bitmap_index = 2523, .adv_w = 168, .box_w = 9, .box_h = 13, .ofs_x = 1, .ofs_y = 0},
    {.bitmap_index = 2582, .adv_w = 223, .box_w = 14, .box_h = 14, .ofs_x = 0, .ofs_y = -1},
    {.bitmap_index = 2680, .adv_w = 174, .box_w = 10, .box_h = 13, .ofs_x = 1, .ofs_y = 0},
    {.bitmap_index = 2745, .adv_w = 155, .box_w = 10, .box_h = 13, .ofs_x = 0, .ofs_y = 0},
    {.bitmap_index = 2810, .adv_w = 171, .box_w = 11, .box_h = 13, .ofs_x = 0, .ofs_y = 0},
    {.bitmap_index = 2882, .adv_w = 189, .box_w = 10, .box_h = 13, .ofs_x = 1, .ofs_y = 0},
    {.bitmap_index = 2947, .adv_w = 192, .box_w = 12, .box_h = 13, .ofs_x = 0, .ofs_y = 0},
    {.bitmap_index = 3025, .adv_w = 270, .box_w = 17, .box_h = 13, .ofs_x = 0, .ofs_y = 0},
    {.bitmap_index = 3136, .adv_w = 192, .box_w = 12, .box_h = 13, .ofs_x = 0, .ofs_y = 0},
    {.bitmap_index = 3214, .adv_w = 185, .box_w = 12, .box_h = 13, .ofs_x = 0, .ofs_y = 0},
    {.bitmap_index = 3292, .adv_w = 163, .box_w = 10, .box_h = 13, .ofs_x = 0, .ofs_y = 0},
    {.bitmap_index = 3357, .adv_w = 94, .box_w = 5, .box_h = 15, .ofs_x = 1, .ofs_y = -2},
    {.bitmap_index = 3395, .adv_w = 107, .box_w = 7, .box_h = 15, .ofs_x = 0, .ofs_y = -1},
    {.bitmap_index = 3448, .adv_w = 94, .box_w = 5, .box_h = 15, .ofs_x = 0, .ofs_y = -2},
    {.bitmap_index = 3486, .adv_w = 125, .box_w = 8, .box_h = 5, .ofs_x = 0, .ofs_y = 8},
    {.bitmap_index = 3506, .adv_w = 134, .box_w = 9, .box_h = 2, .ofs_x = 0, .ofs_y = -3},
    {.bitmap_index = 3515, .adv_w = 84, .box_w = 5, .box_h = 5, .ofs_x = 0, .ofs_y = 9},
    {.bitmap_index = 3528, .adv_w = 160, .box_w = 10, .box_h = 9, .ofs_x = 0, .ofs_y = 0},
    {.bitmap_index = 3573, .adv_w = 160, .box_w = 10, .box_h = 13, .ofs_x = 0, .ofs_y = 0},
    {.bitmap_index = 3638, .adv_w = 134, .box_w = 9, .box_h = 9, .ofs_x = 0, .ofs_y = 0},
    {.bitmap_index = 3679, .adv_w = 160, .box_w = 10, .box_h = 13, .ofs_x = 0, .ofs_y = 0},
    {.bitmap_index = 3744, .adv_w = 147, .box_w = 9, .box_h = 9, .ofs_x = 0, .ofs_y = 0},
    {.bitmap_index = 3785, .adv_w = 114, .box_w = 8, .box_h = 13, .ofs_x = 0, .ofs_y = 0},
    {.bitmap_index = 3837, .adv_w = 157, .box_w = 9, .box_h = 13, .ofs_x = 0, .ofs_y = -4},
    {.bitmap_index = 3896, .adv_w = 153, .box_w = 9, .box_h = 13, .ofs_x = 0, .ofs_y = 0},
    {.bitmap_index = 3955, .adv_w = 67, .box_w = 4, .box_h = 13, .ofs_x = 0, .ofs_y = 0},
    {.bitmap_index = 3981, .adv_w = 70, .box_w = 7, .box_h = 17, .ofs_x = -3, .ofs_y = -4},
    {.bitmap_index = 4041, .adv_w = 144, .box_w = 9, .box_h = 13, .ofs_x = 0, .ofs_y = 0},
    {.bitmap_index = 4100, .adv_w = 67, .box_w = 4, .box_h = 13, .ofs_x = 0, .ofs_y = 0},
    {.bitmap_index = 4126, .adv_w = 236, .box_w = 14, .box_h = 9, .ofs_x = 0, .ofs_y = 0},
    {.bitmap_index = 4189, .adv_w = 153, .box_w = 9, .box_h = 9, .ofs_x = 0, .ofs_y = 0},
    {.bitmap_index = 4230, .adv_w = 155, .box_w = 10, .box_h = 9, .ofs_x = 0, .ofs_y = 0},
    {.bitmap_index = 4275, .adv_w = 160, .box_w = 10, .box_h = 13, .ofs_x = 0, .ofs_y = -4},
    {.bitmap_index = 4340, .adv_w = 160, .box_w = 10, .box_h = 13, .ofs_x = 0, .ofs_y = -4},
    {.bitmap_index = 4405, .adv_w = 118, .box_w = 8, .box_h = 9, .ofs_x = 0, .ofs_y = 0},
    {.bitmap_index = 4441, .adv_w = 121, .box_w = 8, .box_h = 9, .ofs_x = 0, .ofs_y = 0},
    {.bitmap_index = 4477, .adv_w = 106, .box_w = 7, .box_h = 13, .ofs_x = 0, .ofs_y = 0},
    {.bitmap_index = 4523, .adv_w = 144, .box_w = 9, .box_h = 9, .ofs_x = 0, .ofs_y = 0},
    {.bitmap_index = 4564, .adv_w = 142, .box_w = 9, .box_h = 9, .ofs_x = 0, .ofs_y = 0},
    {.bitmap_index = 4605, .adv_w = 209, .box_w = 13, .box_h = 9, .ofs_x = 0, .ofs_y = 0},
    {.bitmap_index = 4664, .adv_w = 142, .box_w = 9, .box_h = 9, .ofs_x = 0, .ofs_y = 0},
    {.bitmap_index = 4705, .adv_w = 143, .box_w = 9, .box_h = 13, .ofs_x = 0, .ofs_y = -4},
    {.bitmap_index = 4764, .adv_w = 127, .box_w = 8, .box_h = 9, .ofs_x = 0, .ofs_y = 0},
    {.bitmap_index = 4800, .adv_w = 91, .box_w = 6, .box_h = 15, .ofs_x = 0, .ofs_y = -2},
    {.bitmap_index = 4845, .adv_w = 79, .box_w = 3, .box_h = 17, .ofs_x = 1, .ofs_y = -2},
    {.bitmap_index = 4871, .adv_w = 91, .box_w = 6, .box_h = 15, .ofs_x = 0, .ofs_y = -2},
    {.bitmap_index = 4916, .adv_w = 151, .box_w = 9, .box_h = 3, .ofs_x = 0, .ofs_y = 5},
    {.bitmap_index = 4930, .adv_w = 107, .box_w = 7, .box_h = 6, .ofs_x = 0, .ofs_y = 7},
    {.bitmap_index = 4951, .adv_w = 45, .box_w = 3, .box_h = 4, .ofs_x = 0, .ofs_y = 5},
    {.bitmap_index = 4957, .adv_w = 153, .box_w = 9, .box_h = 2, .ofs_x = 0, .ofs_y = 4},
    {.bitmap_index = 4966, .adv_w = 235, .box_w = 14, .box_h = 2, .ofs_x = 0, .ofs_y = 4},
    {.bitmap_index = 4980, .adv_w = 70, .box_w = 4, .box_h = 6, .ofs_x = 0, .ofs_y = 8},
    {.bitmap_index = 4992, .adv_w = 70, .box_w = 4, .box_h = 6, .ofs_x = 0, .ofs_y = 7},
    {.bitmap_index = 5004, .adv_w = 128, .box_w = 8, .box_h = 6, .ofs_x = 0, .ofs_y = 8},
    {.bitmap_index = 5028, .adv_w = 128, .box_w = 8, .box_h = 6, .ofs_x = 0, .ofs_y = 7},
    {.bitmap_index = 5052, .adv_w = 94, .box_w = 4, .box_h = 5, .ofs_x = 1, .ofs_y = 4},
    {.bitmap_index = 5062, .adv_w = 219, .box_w = 12, .box_h = 4, .ofs_x = 1, .ofs_y = 0},
    {.bitmap_index = 5086, .adv_w = 272, .box_w = 9, .box_h = 11, .ofs_x = 4, .ofs_y = 3},
    {.bitmap_index = 5136, .adv_w = 272, .box_w = 8, .box_h = 11, .ofs_x = 5, .ofs_y = 3},
    {.bitmap_index = 5180, .adv_w = 272, .box_w = 14, .box_h = 11, .ofs_x = 2, .ofs_y = 2},
    {.bitmap_index = 5257, .adv_w = 272, .box_w = 12, .box_h = 13, .ofs_x = 3, .ofs_y = 2},
    {.bitmap_index = 5335, .adv_w = 272, .box_w = 9, .box_h = 9, .ofs_x = 4, .ofs_y = 4},
    {.bitmap_index = 5376, .adv_w = 272, .box_w = 9, .box_h = 9, .ofs_x = 4, .ofs_y = 4},
    {.bitmap_index = 5417, .adv_w = 272, .box_w = 12, .box_h = 10, .ofs_x = 2, .ofs_y = 3},
    {.bitmap_index = 5477, .adv_w = 272, .box_w = 11, .box_h = 15, .ofs_x = 3, .ofs_y = 1},
    {.bitmap_index = 5560, .adv_w = 272, .box_w = 11, .box_h = 11, .ofs_x = 3, .ofs_y = 3},
    {.bitmap_index = 5621, .adv_w = 272, .box_w = 17, .box_h = 13, .ofs_x = 0, .ofs_y = 2},
    {.bitmap_index = 5732, .adv_w = 272, .box_w = 15, .box_h = 15, .ofs_x = 1, .ofs_y = 1},
    {.bitmap_index = 5845, .adv_w = 272, .box_w = 9, .box_h = 15, .ofs_x = 4, .ofs_y = 1},
    {.bitmap_index = 5913, .adv_w = 272, .box_w = 15, .box_h = 15, .ofs_x = 1, .ofs_y = 1},
    {.bitmap_index = 6026, .adv_w = 272, .box_w = 17, .box_h = 17, .ofs_x = 0, .ofs_y = 0},
    {.bitmap_index = 6171, .adv_w = 272, .box_w = 10, .box_h = 14, .ofs_x = 3, .ofs_y = 1},
    {.bitmap_index = 6241, .adv_w = 272, .box_w = 13, .box_h = 13, .ofs_x = 2, .ofs_y = 2},
    {.bitmap_index = 6326, .adv_w = 272, .box_w = 17, .box_h = 17, .ofs_x = 0, .ofs_y = 0},
    {.bitmap_index = 6471, .adv_w = 272, .box_w = 13, .box_h = 10, .ofs_x = 2, .ofs_y = 3},
    {.bitmap_index = 6536, .adv_w = 272, .box_w = 11, .box_h = 11, .ofs_x = 3, .ofs_y = 3},
    {.bitmap_index = 6597, .adv_w = 272, .box_w = 9, .box_h = 6, .ofs_x = 4, .ofs_y = 5},
    {.bitmap_index = 6624, .adv_w = 272, .box_w = 13, .box_h = 13, .ofs_x = 2, .ofs_y = 2},
    {.bitmap_index = 6709, .adv_w = 272, .box_w = 15, .box_h = 12, .ofs_x = 1, .ofs_y = 3},
    {.bitmap_index = 6799, .adv_w = 272, .box_w = 15, .box_h = 15, .ofs_x = 1, .ofs_y = 1},
    {.bitmap_index = 6912, .adv_w = 272, .box_w = 11, .box_h = 13, .ofs_x = 3, .ofs_y = 2},
    {.bitmap_index = 6984, .adv_w = 272, .box_w = 15, .box_h = 13, .ofs_x = 1, .ofs_y = 2},
    {.bitmap_index = 7082, .adv_w = 272, .box_w = 13, .box_h = 13, .ofs_x = 2, .ofs_y = 2},
    {.bitmap_index = 7167, .adv_w = 272, .box_w = 14, .box_h = 14, .ofs_x = 1, .ofs_y = 2},
    {.bitmap_index = 7265, .adv_w = 272, .box_w = 17, .box_h = 13, .ofs_x = 0, .ofs_y = 2},
    {.bitmap_index = 7376, .adv_w = 272, .box_w = 17, .box_h = 13, .ofs_x = 0, .ofs_y = 2},
    {.bitmap_index = 7487, .adv_w = 272, .box_w = 17, .box_h = 13, .ofs_x = 0, .ofs_y = 2},
    {.bitmap_index = 7598, .adv_w = 272, .box_w = 15, .box_h = 15, .ofs_x = 1, .ofs_y = 1},
    {.bitmap_index = 7711, .adv_w = 272, .box_w = 18, .box_h = 18, .ofs_x = -1, .ofs_y = -3},
    {.bitmap_index = 7873, .adv_w = 272, .box_w = 17, .box_h = 13, .ofs_x = 0, .ofs_y = 0},
    {.bitmap_index = 7984, .adv_w = 272, .box_w = 17, .box_h = 16, .ofs_x = 0, .ofs_y = -2},
    {.bitmap_index = 8120, .adv_w = 272, .box_w = 17, .box_h = 13, .ofs_x = 0, .ofs_y = 0},
    {.bitmap_index = 8231, .adv_w = 187, .box_w = 12, .box_h = 13, .ofs_x = 0, .ofs_y = 0},
    {.bitmap_index = 8309, .adv_w = 272, .box_w = 17, .box_h = 17, .ofs_x = 0, .ofs_y = -2},
    {.bitmap_index = 8454, .adv_w = 272, .box_w = 17, .box_h = 18, .ofs_x = 0, .ofs_y = -3},
    {.bitmap_index = 8607, .adv_w = 306, .box_w = 20, .box_h = 16, .ofs_x = 0, .ofs_y = -2},
    {.bitmap_index = 8767, .adv_w = 272, .box_w = 17, .box_h = 17, .ofs_x = 0, .ofs_y = -2},
    {.bitmap_index = 8912, .adv_w = 306, .box_w = 20, .box_h = 13, .ofs_x = 0, .ofs_y = 0},
    {.bitmap_index = 9042, .adv_w = 272, .box_w = 17, .box_h = 19, .ofs_x = 0, .ofs_y = -3},
    {.bitmap_index = 9204, .adv_w = 136, .box_w = 9, .box_h = 14, .ofs_x = 0, .ofs_y = -1},
    {.bitmap_index = 9267, .adv_w = 204, .box_w = 13, .box_h = 14, .ofs_x = 0, .ofs_y = -1},
    {.bitmap_index = 9358, .adv_w = 306, .box_w = 20, .box_h = 17, .ofs_x = 0, .ofs_y = -2},
    {.bitmap_index = 9528, .adv_w = 272, .box_w = 17, .box_h = 13, .ofs_x = 0, .ofs_y = 0},
    {.bitmap_index = 9639, .adv_w = 187, .box_w = 12, .box_h = 18, .ofs_x = 0, .ofs_y = -3},
    {.bitmap_index = 9747, .adv_w = 238, .box_w = 11, .box_h = 17, .ofs_x = 2, .ofs_y = -2},
    {.bitmap_index = 9841, .adv_w = 238, .box_w = 15, .box_h = 19, .ofs_x = 0, .ofs_y = -3},
    {.bitmap_index = 9984, .adv_w = 238, .box_w = 15, .box_h = 16, .ofs_x = 0, .ofs_y = -2},
    {.bitmap_index = 10104, .adv_w = 238, .box_w = 15, .box_h = 16, .ofs_x = 0, .ofs_y = -2},
    {.bitmap_index = 10224, .adv_w = 238, .box_w = 11, .box_h = 17, .ofs_x = 2, .ofs_y = -2},
    {.bitmap_index = 10318, .adv_w = 238, .box_w = 17, .box_h = 16, .ofs_x = -1, .ofs_y = -2},
    {.bitmap_index = 10454, .adv_w = 170, .box_w = 10, .box_h = 15, .ofs_x = 0, .ofs_y = -1},
    {.bitmap_index = 10529, .adv_w = 170, .box_w = 10, .box_h = 15, .ofs_x = 0, .ofs_y = -1},
    {.bitmap_index = 10604, .adv_w = 238, .box_w = 15, .box_h = 16, .ofs_x = 0, .ofs_y = -2},
    {.bitmap_index = 10724, .adv_w = 238, .box_w = 15, .box_h = 4, .ofs_x = 0, .ofs_y = 4},
    {.bitmap_index = 10754, .adv_w = 306, .box_w = 20, .box_h = 13, .ofs_x = 0, .ofs_y = 0},
    {.bitmap_index = 10884, .adv_w = 340, .box_w = 22, .box_h = 18, .ofs_x = 0, .ofs_y = -3},
    {.bitmap_index = 11082, .adv_w = 306, .box_w = 21, .box_h = 18, .ofs_x = -1, .ofs_y = -3},
    {.bitmap_index = 11271, .adv_w = 272, .box_w = 17, .box_h = 16, .ofs_x = 0, .ofs_y = -2},
    {.bitmap_index = 11407, .adv_w = 238, .box_w = 15, .box_h = 10, .ofs_x = 0, .ofs_y = 1},
    {.bitmap_index = 11482, .adv_w = 238, .box_w = 15, .box_h = 10, .ofs_x = 0, .ofs_y = 1},
    {.bitmap_index = 11557, .adv_w = 340, .box_w = 23, .box_h = 13, .ofs_x = -1, .ofs_y = 0},
    {.bitmap_index = 11707, .adv_w = 272, .box_w = 17, .box_h = 13, .ofs_x = 0, .ofs_y = 0},
    {.bitmap_index = 11818, .adv_w = 272, .box_w = 17, .box_h = 17, .ofs_x = 0, .ofs_y = -2},
    {.bitmap_index = 11963, .adv_w = 272, .box_w = 18, .box_h = 19, .ofs_x = -1, .ofs_y = -3},
    {.bitmap_index = 12134, .adv_w = 272, .box_w = 17, .box_h = 13, .ofs_x = 0, .ofs_y = 2},
    {.bitmap_index = 12245, .adv_w = 238, .box_w = 16, .box_h = 16, .ofs_x = 0, .ofs_y = -2},
    {.bitmap_index = 12373, .adv_w = 238, .box_w = 15, .box_h = 18, .ofs_x = 0, .ofs_y = -3},
    {.bitmap_index = 12508, .adv_w = 238, .box_w = 15, .box_h = 16, .ofs_x = 0, .ofs_y = -2},
    {.bitmap_index = 12628, .adv_w = 238, .box_w = 15, .box_h = 14, .ofs_x = 0, .ofs_y = -1},
    {.bitmap_index = 12733, .adv_w = 272, .box_w = 17, .box_h = 13, .ofs_x = 0, .ofs_y = 0},
    {.bitmap_index = 12844, .adv_w = 170, .box_w = 12, .box_h = 18, .ofs_x = -1, .ofs_y = -3},
    {.bitmap_index = 12952, .adv_w = 238, .box_w = 15, .box_h = 18, .ofs_x = 0, .ofs_y = -3},
    {.bitmap_index = 13087, .adv_w = 238, .box_w = 15, .box_h = 18, .ofs_x = 0, .ofs_y = -3},
    {.bitmap_index = 13222, .adv_w = 306, .box_w = 20, .box_h = 13, .ofs_x = 0, .ofs_y = 0},
    {.bitmap_index = 13352, .adv_w = 272, .box_w = 19, .box_h = 19, .ofs_x = -1, .ofs_y = -3},
    {.bitmap_index = 13533, .adv_w = 204, .box_w = 13, .box_h = 18, .ofs_x = 0, .ofs_y = -3},
    {.bitmap_index = 13650, .adv_w = 340, .box_w = 22, .box_h = 17, .ofs_x = 0, .ofs_y = -2},
    {.bitmap_index = 13837, .adv_w = 340, .box_w = 22, .box_h = 11, .ofs_x = 0, .ofs_y = 1},
    {.bitmap_index = 13958, .adv_w = 340, .box_w = 22, .box_h = 11, .ofs_x = 0, .ofs_y = 1},
    {.bitmap_index = 14079, .adv_w = 340, .box_w = 22, .box_h = 11, .ofs_x = 0, .ofs_y = 1},
    {.bitmap_index = 14200, .adv_w = 340, .box_w = 22, .box_h = 11, .ofs_x = 0, .ofs_y = 1},
    {.bitmap_index = 14321, .adv_w = 340, .box_w = 22, .box_h = 11, .ofs_x = 0, .ofs_y = 1},
    {.bitmap_index = 14442, .adv_w = 340, .box_w = 22, .box_h = 14, .ofs_x = 0, .ofs_y = -1},
    {.bitmap_index = 14596, .adv_w = 238, .box_w = 13, .box_h = 18, .ofs_x = 1, .ofs_y = -3},
    {.bitmap_index = 14713, .adv_w = 238, .box_w = 15, .box_h = 18, .ofs_x = 0, .ofs_y = -3},
    {.bitmap_index = 14848, .adv_w = 272, .box_w = 18, .box_h = 18, .ofs_x = -1, .ofs_y = -3},
    {.bitmap_index = 15010, .adv_w = 340, .box_w = 22, .box_h = 13, .ofs_x = 0, .ofs_y = 0},
    {.bitmap_index = 15153, .adv_w = 204, .box_w = 13, .box_h = 18, .ofs_x = 0, .ofs_y = -3},
    {.bitmap_index = 15270, .adv_w = 274, .box_w = 18, .box_h = 11, .ofs_x = 0, .ofs_y = 1}
};

/*---------------------
 *  CHARACTER MAPPING
 *--------------------*/

static const uint16_t unicode_list_1[] = {
    0x0, 0x7, 0x1f63, 0x1f64, 0x1f68, 0x1f69, 0x1f6c, 0x1f6d,
    0x1f72, 0x1f76, 0xdf84, 0xdf87, 0xdf8d, 0xdf93, 0xdf94, 0xdf97,
    0xdfaf, 0xe040, 0xe095, 0xe10a, 0xe114, 0xe23a, 0xe2ee, 0xe2fb,
    0xe355, 0xe379, 0xe468, 0xe51a, 0xe51d, 0xe51f, 0xe525, 0xe58e,
    0xe786, 0xe7c2, 0xe7da, 0xe7fc, 0xe806, 0xeb26, 0xeb31, 0xeb34,
    0xee9a, 0xef51, 0xef58, 0xef5b, 0xef5c, 0xef5d, 0xef61, 0xef63,
    0xef65, 0xef69, 0xef6c, 0xef71, 0xef76, 0xef77, 0xef78, 0xef8e,
    0xef93, 0xef98, 0xef9b, 0xef9c, 0xef9d, 0xefa1, 0xefa2, 0xefa3,
    0xefa4, 0xefb7, 0xefb8, 0xefbe, 0xefc0, 0xefc1, 0xefc4, 0xefc7,
    0xefc8, 0xefc9, 0xefcb, 0xefe3, 0xefe5, 0xf000, 0xf014, 0xf015,
    0xf017, 0xf019, 0xf030, 0xf037, 0xf03a, 0xf043, 0xf06c, 0xf074,
    0xf0ab, 0xf13b, 0xf190, 0xf191, 0xf192, 0xf193, 0xf194, 0xf1d7,
    0xf1e3, 0xf23d, 0xf254, 0xf4aa, 0xf712, 0xf7f2
};

/*Collect the unicode lists and glyph_id offsets*/
static const lv_font_fmt_txt_cmap_t cmaps[] =
{
    {
        .range_start = 32, .range_length = 95, .glyph_id_start = 1,
        .unicode_list = NULL, .glyph_id_ofs_list = NULL, .list_length = 0, .type = LV_FONT_FMT_TXT_CMAP_FORMAT0_TINY
    },
    {
        .range_start = 176, .range_length = 63475, .glyph_id_start = 96,
        .unicode_list = unicode_list_1, .glyph_id_ofs_list = NULL, .list_length = 102, .type = LV_FONT_FMT_TXT_CMAP_SPARSE_TINY
    }
};

/*-----------------
 *    KERNING
 *----------------*/


/*Map glyph_ids to kern left classes*/
static const uint8_t kern_left_class_mapping[] =
{
    0, 1, 0, 2, 0, 3, 0, 4,
    2, 5, 0, 0, 0, 6, 7, 6,
    8, 9, 0, 10, 11, 12, 13, 14,
    15, 16, 17, 0, 0, 0, 0, 0,
    0, 18, 19, 20, 21, 0, 22, 23,
    24, 25, 25, 26, 27, 28, 25, 25,
    29, 30, 31, 32, 33, 34, 26, 35,
    36, 37, 38, 39, 40, 0, 0, 0,
    0, 0, 0, 18, 41, 0, 42, 43,
    44, 45, 46, 47, 48, 0, 45, 45,
    18, 18, 49, 50, 51, 52, 53, 54,
    55, 56, 57, 58, 59, 25, 0, 0,
    0, 0, 0, 0, 60, 61, 60, 61,
    0, 0, 0, 0, 0, 0, 0, 0,
    0, 0, 0, 0, 0, 0, 0, 0,
    0, 0, 0, 0, 0, 0, 0, 0,
    0, 0, 0, 0, 0, 0, 0, 0,
    0, 0, 0, 0, 0, 0, 0, 0,
    0, 0, 0, 0, 0, 0, 0, 0,
    0, 0, 0, 0, 0, 0, 0, 0,
    0, 0, 0, 0, 0, 0, 0, 0,
    0, 0, 0, 0, 0, 0, 0, 0,
    0, 0, 0, 0, 0, 0, 0, 0,
    0, 0, 0, 0, 0, 0, 0, 0,
    0, 0, 0, 0, 0, 0
};

/*Map glyph_ids to kern right classes*/
static const uint8_t kern_right_class_mapping[] =
{
    0, 1, 0, 2, 0, 0, 0, 3,
    2, 0, 4, 5, 0, 6, 7, 6,
    8, 9, 10, 11, 12, 13, 14, 15,
    16, 17, 18, 19, 19, 0, 0, 0,
    20, 21, 22, 23, 24, 23, 23, 23,
    24, 23, 23, 25, 23, 23, 23, 23,
    24, 23, 24, 23, 26, 27, 28, 29,
    30, 31, 32, 33, 0, 0, 34, 0,
    0, 0, 21, 35, 21, 21, 21, 36,
    21, 37, 38, 39, 37, 37, 40, 40,
    41, 40, 21, 40, 42, 36, 43, 44,
    45, 46, 47, 48, 0, 23, 49, 0,
    0, 0, 0, 0, 0, 50, 0, 50,
    0, 0, 0, 0, 0, 0, 0, 0,
    0, 0, 0, 0, 0, 0, 0, 0,
    0, 0, 0, 0, 0, 0, 0, 0,
    0, 0, 0, 0, 0, 0, 0, 0,
    0, 0, 0, 0, 0, 0, 0, 0,
    0, 0, 0, 0, 0, 0, 0, 0,
    0, 0, 0, 0, 0, 0, 0, 0,
    0, 0, 0, 0, 0, 0, 0, 0,
    0, 0, 0, 0, 0, 0, 0, 0,
    0, 0, 0, 0, 0, 0, 0, 0,
    0, 0, 0, 0, 0, 0, 0, 0,
    0, 0, 0, 0, 0, 0
};

/*Kern values between classes*/
static const int8_t kern_class_values[] =
{
    0, 0, 0, 0, 0, 0, 0, 0,
    0, 0, 0, 0, 0, 0, 0, 0,
    0, 0, 0, 0, 0, -8, 0, 0,
    -8, 0, -4, 0, 0, 0, 0, -8,
    0, 0, 0, 0, 0, 0, 0, 0,
    0, 0, 0, 0, 0, 0, 0, 0,
    0, 0, 0, 0, 0, 0, 0, 0,
    0, 0, -8, 0, 0, 0, -17, 0,
    -13, 8, -5, 0, 0, 0, -16, -32,
    0, -8, -30, -8, 8, 0, 0, 0,
    0, 0, 0, 0, 0, 3, 0, 0,
    0, -4, -16, -10, -2, 0, 0, 0,
    0, 0, 0, 0, 0, 0, 0, 0,
    0, 0, 0, 0, 0, 0, 0, 0,
    0, 0, 0, -5, 0, 0, 0, 0,
    0, 0, 0, 0, 0, 0, 0, 0,
    0, 0, 0, 0, 0, 0, 0, 0,
    0, 0, 0, 0, 0, 0, 0, 0,
    0, 0, 0, 0, 0, 0, -10, 0,
    0, 0, 0, 0, 0, 0, 0, 0,
    0, 0, 0, 0, 0, 0, 0, 0,
    0, 0, -5, -24, -9, -20, 0, -7,
    -26, -11, -22, -19, -18, -26, -14, 0,
    0, -10, 0, 0, 0, 0, -5, -5,
    -4, -15, -9, 0, -15, 0, 0, 0,
    0, 0, 0, 0, 0, 0, 0, 0,
    0, 0, 0, 0, 0, 0, 0, 0,
    0, 0, 0, 0, 0, 0, 0, -3,
    -4, 0, 0, 0, 0, 0, 0, 0,
    0, 0, 0, 0, 0, 0, 27, 0,
    0, 0, 0, -10, -8, 0, -10, 0,
    0, 0, 0, 0, 0, 0, -18, 0,
    0, 0, -6, -20, 0, 0, -6, 0,
    -6, -15, 0, -12, 0, 0, -4, 0,
    0, -9, 0, 0, -17, 0, -20, -14,
    0, -29, 0, 0, 0, -8, 0, 0,
    10, 0, -4, 0, 0, -13, -8, 0,
    -13, 0, 0, -23, 0, 0, 0, 0,
    0, 0, 0, 0, 0, -13, -6, -13,
    0, 0, 0, -19, 0, 0, 0, 0,
    5, -9, 0, 4, -13, -6, -18, 0,
    -17, -13, -14, -21, -6, 0, 0, -4,
    0, 0, 0, 0, 5, 0, 0, -6,
    0, -7, -6, -5, 0, 0, 0, 0,
    0, 0, 0, 0, 0, 0, 0, 0,
    0, 0, 0, 0, 0, 0, 0, 0,
    0, 0, -12, -16, 5, -6, -21, 0,
    0, 0, 0, 0, 0, 0, 0, 0,
    0, -4, 0, 0, 0, -9, -12, -11,
    -7, -8, -8, 0, -8, -8, 0, 0,
    0, -8, 0, 0, 0, -6, 0, 0,
    0, 0, 0, 0, 0, 0, 0, -8,
    0, 0, 0, 0, 0, 0, 0, 0,
    0, 0, 0, 0, 0, 0, 0, 0,
    0, 0, 0, 0, 0, 0, 0, 0,
    0, 0, 0, 0, 0, 0, 0, 0,
    0, 0, 0, 0, 0, 0, 0, 0,
    -6, 0, 0, 0, 0, 0, 0, 0,
    0, -5, 0, 0, 0, 0, 0, 0,
    0, 0, 0, 0, 0, 0, 0, 0,
    0, 0, 0, 0, 0, 0, 0, 0,
    0, 0, 0, 0, 0, 0, 0, 0,
    0, 0, 0, 0, 0, 0, 0, 0,
    0, -7, 0, 0, 0, 0, 0, 0,
    0, 0, 0, -4, 0, 0, 0, 0,
    0, 0, 0, 0, 0, 0, 0, 0,
    0, 0, 0, 0, 0, 0, 0, 0,
    0, 0, 0, 0, 0, 0, 0, 0,
    0, 0, 0, 0, 0, 0, 0, -15,
    0, 0, 0, -8, 0, 0, 0, -9,
    -3, 0, -4, -3, 0, -12, 0, -6,
    0, 0, 0, 0, 0, 0, 0, 0,
    0, 0, 0, 0, 0, 0, 0, 0,
    0, 0, 0, 0, 0, 0, 0, 0,
    0, 0, 0, 0, 0, 0, 0, 0,
    0, 0, 0, 0, 0, -6, 0, 0,
    0, 0, 0, 0, 0, 0, 0, -7,
    0, 0, 0, 0, 0, 0, 0, 0,
    0, 0, 0, 0, 0, 0, 0, 0,
    0, 0, 0, 0, 0, 0, 0, 0,
    0, 0, 0, 0, 0, 0, 0, 0,
    0, 0, 0, -13, 0, 0, 0, 0,
    0, 0, 0, -5, 0, -3, 0, 0,
    0, -7, 0, -4, 0, 0, 0, 0,
    0, 0, 0, 0, 0, 0, 0, 0,
    0, 0, 0, 0, 0, 0, 0, 0,
    0, 0, 0, 0, 0, 0, 0, 0,
    0, 0, 0, 0, 0, 7, 0, 0,
    0, -17, -12, 0, -4, 0, -2, -4,
    -9, 0, -8, -3, -4, -4, 0, 0,
    0, 0, 0, 0, 0, 0, 0, 0,
    0, 0, 0, 0, 0, 0, 0, 0,
    0, 0, 0, 0, 0, 0, 0, 0,
    0, 0, 0, 0, 0, 0, 0, -5,
    0, 0, 0, 0, 0, 0, 0, -4,
    -2, -4, 0, 0, 0, -5, 0, -2,
    0, 0, 0, 0, 0, 0, 0, 0,
    0, 0, 0, 0, 0, 0, 0, 0,
    0, 0, 0, 0, 0, 0, 0, 0,
    0, 0, 0, 0, 0, 0, 0, 0,
    0, 0, 0, 0, 0, -17, 0, 0,
    0, -1, -2, -2, -4, 0, -6, -6,
    -3, 0, 0, 0, 0, 0, 0, 0,
    0, 0, 0, 0, 0, 0, 0, 0,
    0, 0, 0, 0, 0, 0, 0, 0,
    0, 0, 0, 0, 0, 0, 0, 0,
    0, 0, 0, -16, 0, 0, 0, -4,
    5, 0, 0, 0, 0, 0, 0, 0,
    0, 0, 0, 0, 0, 0, 0, 0,
    0, 0, 0, 0, 0, 0, 0, 0,
    0, 0, 0, 0, 0, -3, 0, 0,
    0, 0, 0, 0, 0, -4, -3, -4,
    -4, -4, 0, -13, -8, -32, 0, 0,
    -34, 0, -9, 0, 0, 0, 0, 0,
    0, 0, 0, 0, 0, 0, -4, -14,
    -7, -10, -2, -13, -5, -6, -25, -4,
    -25, -22, -10, -27, -5, 0, 0, -10,
    0, 0, -2, 0, -7, 0, -5, -18,
    -15, -11, -14, 0, 0, -28, 0, 0,
    0, 0, 0, 0, 0, 0, 0, 0,
    0, 0, 0, 0, 0, 0, 0, 0,
    0, 0, 0, 0, 0, 0, -10, -4,
    -5, 0, -4, -2, -6, -8, 0, 0,
    0, 0, 0, 0, 0, 0, 0, 0,
    0, 0, 0, 0, 0, 0, 0, 0,
    0, 0, 0, 0, 0, 0, -4, 0,
    0, 0, 0, 0, 0, 0, 0, 0,
    0, 0, 0, 0, -3, -5, 0, -8,
    -13, -3, -3, 0, 0, 0, 0, -8,
    0, 0, 0, -6, 0, 0, 0, 0,
    -3, 0, 0, -9, -9, -4, -9, 0,
    8, 1, 0, 0, 0, 7, 0, 0,
    -8, 0, 0, 0, 0, 0, 0, 0,
    0, 0, 0, 0, 0, 0, -2, 0,
    0, -4, -9, -5, -6, 0, -4, 0,
    0, -4, 0, 7, 0, 0, 0, 0,
    0, 0, -2, 0, 0, 0, 0, 0,
    0, 0, 7, 0, -3, 0, -3, 8,
    0, -14, -5, -11, 0, 0, 0, 0,
    0, 0, 0, 0, 0, 0, 0, 0,
    -4, -16, 0, -2, -37, -4, -6, 0,
    0, 0, -7, 0, -2, 7, 0, 0,
    0, 0, 0, 0, -4, -5, 0, -3,
    -2, -6, -3, -5, 7, 5, 0, -8,
    0, 0, 0, -11, 0, 0, 0, 0,
    0, 0, 0, 0, 0, 0, 0, 0,
    0, 0, 0, -8, 0, 2, -9, -4,
    -7, 0, -7, -4, -7, -11, 0, 0,
    0, 0, 0, 0, 0, 0, 0, 0,
    0, 0, 0, 0, 0, 0, 4, -1,
    0, 0, 0, 0, 0, 0, 0, 5,
    0, 0, 0, 0, 0, 0, 0, 0,
    0, 0, 0, 0, 0, 0, 0, 0,
    0, -4, 0, 0, 0, 0, 0, 0,
    0, 0, 0, 0, 0, 0, 0, 0,
    0, 0, 0, 0, 0, -3, 0, 0,
    0, 0, 0, 0, 0, 0, 0, 0,
    0, -4, 0, 0, 0, 0, 0, 0,
    0, 0, 0, 0, 0, 0, 0, -7,
    0, 0, -12, -2, -2, 0, 0, 0,
    -5, -3, 0, 0, 0, 0, 0, 0,
    0, 0, 0, 0, 0, 0, 0, 0,
    0, 0, 0, 0, -8, 0, 0, 0,
    -10, 0, -18, 0, 0, 0, 0, 0,
    0, 0, 0, 0, 0, 0, -3, 0,
    -12, -10, -5, -17, -7, -12, -17, -9,
    -15, -10, -17, -15, -10, 0, 0, -12,
    0, 0, 0, 0, -12, -9, -13, -23,
    -14, -10, -23, 0, 0, -7, -2, -21,
    0, 0, -23, 0, -8, 0, 0, 0,
    0, 0, 0, 0, 0, 0, 0, 0,
    0, -7, -3, -6, 0, -13, -2, -9,
    -21, -7, -20, -17, 0, -26, 0, 0,
    0, -8, 0, 0, 0, 0, -3, 0,
    0, -6, -5, -4, -6, 0, 0, -21,
    0, -8, 0, -3, 0, -9, 4, -6,
    0, 0, 0, 0, 0, 0, 0, 0,
    0, 0, 0, 0, 0, -13, 0, 2,
    -15, -5, -11, 0, -9, -8, -10, -15,
    -4, -3, 0, 0, 0, 0, 7, 0,
    0, 0, 0, 0, 0, -2, 0, 0,
    0, -2, -5, 0, 0, 0, 0, -23,
    -11, -13, 0, 0, 0, 0, 0, 0,
    0, 0, 0, 0, 0, 0, -6, -16,
    -2, 0, -32, 0, -4, 0, -2, 0,
    -8, -7, -7, 0, 0, 0, 0, 0,
    0, 0, -6, -4, 0, 0, 0, 0,
    0, 0, 0, 7, 0, 0, 0, 0,
    0, -6, 0, 5, 0, 0, 0, 0,
    0, 0, 0, 0, 0, 0, 0, 0,
    0, 0, 1, 0, 0, 0, -11, 0,
    0, -8, -2, -15, 0, 0, 0, 0,
    0, 0, 0, 0, 0, 0, 0, 0,
    0, 0, 0, 0, 6, -7, 0, -5,
    0, 0, 0, 0, -15, 0, 0, 0,
    0, 0, 0, 0, 0, 0, 0, 0,
    0, 0, -7, -10, -4, -5, -6, -9,
    -12, -4, -10, -7, -9, -14, -6, 0,
    0, -5, 0, 0, 0, 0, -7, -8,
    -3, -6, -5, -9, -6, -5, 0, -7,
    0, 0, 0, 0, 0, 0, 3, 0,
    0, 0, 0, 0, 0, 0, 0, 0,
    0, 0, 0, 0, -1, -6, 0, 2,
    -10, -5, -8, 3, -4, -2, -3, -10,
    0, 0, 0, 0, 0, 0, 0, 0,
    -1, 0, 0, -4, -2, -4, -4, 0,
    0, 0, -4, 8, -8, 0, 0, -17,
    -18, -13, 0, 0, 0, 0, 0, 0,
    0, 0, 0, 0, -23, 4, -33, -25,
    0, -11, -38, -10, -9, -2, -8, -7,
    -11, -11, -9, 0, 0, -13, 0, 0,
    0, -27, -33, -31, -27, -30, -27, -33,
    -30, -27, 0, 8, 0, 0, -8, 0,
    0, -20, -17, -9, 0, 0, 0, 0,
    0, 0, 0, 0, 0, 0, -16, 2,
    -25, -25, 0, -9, -33, -11, -8, 0,
    -9, -8, -10, -9, -7, 0, 0, -13,
    0, 0, 0, -19, -28, -26, -17, -17,
    -15, -28, -17, -20, 0, 0, 0, 0,
    -8, 0, 0, -14, -13, -9, 0, 0,
    0, 0, 0, 0, 0, 0, 0, 0,
    -7, 2, -18, -22, 0, -8, -29, -8,
    -7, 0, -8, -8, -8, -10, -5, 0,
    0, -10, 0, 0, 0, -17, -18, -21,
    -14, -14, -12, -17, -14, -16, 0, 0,
    0, 0, -2, 0, 0, 0, -14, 0,
    0, 0, 0, 0, 0, 0, 0, 0,
    0, 0, 0, 0, -11, -10, -4, -10,
    -10, -10, -11, -5, -10, -8, -13, -11,
    -5, 0, -5, -15, -5, 0, 0, -7,
    -11, -7, -9, -16, -14, -10, -16, -7,
    0, -7, -8, 0, -14, 0, 0, -29,
    -21, -18, 0, 0, 0, 0, 0, 0,
    0, 0, 0, 0, -23, -2, -39, -27,
    -7, -15, -38, -18, -11, -3, -9, -10,
    -11, -11, -6, 0, -5, -16, -5, -10,
    -12, -26, -39, -36, -26, -26, -23, -30,
    -26, -25, 0, -4, 0, 0, 0, 0,
    0, 0, -6, 0, 0, 0, 0, 0,
    0, 0, 0, 0, 0, 0, 0, 3,
    -7, -8, 0, -6, -7, 0, -7, 0,
    -7, -3, -5, -6, -8, 0, 0, -7,
    0, 0, 0, 0, -7, 0, 0, -8,
    -6, 0, -8, 0, 0, 0, 0, 0,
    0, 0, 0, 0, 0, 0, 0, 0,
    0, 0, 0, 0, 0, 0, 0, 0,
    0, 0, 0, 0, 0, -3, 0, 0,
    0, 0, 0, 0, 0, 0, 0, 0,
    0, 0, 0, 0, 22, 0, 0, 0,
    0, 0, 0, 0, 0, 0, 0, 0,
    0, 0, 0, 0, 0, 0, -6, 0,
    0, 0, 0, 0, 0, 0, 0, 0,
    0, 0, 0, 0, -3, 0, 0, 0,
    0, 0, 0, 0, 0, 0, 0, 0,
    0, 0, 0, -2, 0, 0, 0, 0,
    -3, 0, 0, 0, 0, -1, 0, 0,
    0, -3, 0, 0, 0, 0, 0, 0,
    5, 0, 0, 0, 0, 0, 0, 0,
    0, 0, 0, 0, 0, 0, 0, 0,
    0, 0, 0, 0, 0, 0, 0, 0,
    0, 0, 0, 0, 0, -3, 0, 0,
    0, 0, 0, 0, 0, -2, -2, -4,
    -2, 0, 0, -8, 0, 19, 0, 15,
    5, -13, -12, -4, 0, 0, 0, 0,
    0, 0, 0, 0, 0, 0, 0, 13,
    -6, 0, 0, 0, 0, 0, 0, 0,
    0, 0, 0, 0, 0, 15, 7, -8,
    7, 0, 0, -5, -6, -5, 0, -3,
    -3, -6, -3, -5, 15, 16, 0, 0,
    0, 0, 0, 0, 0, 0, 0, 0,
    0, 0, 0, 0, 0, 0, 0, 0,
    0, 0, 0, 0, 0, 0, 0, 0,
    0, 0, 0, 0, 0, 0, 0, 0,
    0, 0, 0, 0, 14, 0, 0, 0,
    0, 0, 0, 0, 0, 0, 0, 0,
    0, -8, 0, 0, 0, 0, 0, 0,
    0, 0, 0, 0, 0, 0, 0, 0,
    0, 0, 0, 0, 0, 0, 0, 0,
    0, 0, 0, 0, 0, 0, 0, 0,
    0, 0, 0, -2, 0, 0, 0, 0,
    0, 0, 0, 0, 0, 0, 0, 0,
    0, -4, 0, 0, 0, 0, 0, 0,
    0, 0, 0, 0, 0, 0, 0, 0,
    0, 0, 0, 0, 0, 0, 0, 0,
    0, 0, 0, 0, 0, 0, 0, 0,
    0, 0, 0, 0, 0, 0, 0, 0,
    0, 0, 0, 0, 0, 0, -2, 0,
    0, 0, 0, 0, 0, 0, 0, 0,
    0, 0, 0, 0, 0, 0, 0, 0,
    0, 0, 0, 0, 0, 0, 0, 0,
    0, 0, 0, 0, 0, 0, 0, 0,
    0, 0, 0, 0, 0, 0, 0, 0,
    0, 0, 17, 0, 0, 0, 0, 0,
    0, 0, 0, 0, 0, 0, 0, 0,
    0, 0, 0, -4, -13, 0, 0, 0,
    0, 0, 0, 0, 0, 0, 0, 0,
    0, -7, -6, 0, 0, 0, 0, 0,
    0, 0, 0, 0, 0, 0, 0, 0,
    0, -8, 0, -5, -5, -4, -6, -8,
    -5, -7, -7, -8, -7, -8, 0, 0,
    0, -4, 0, 0, 0, 0, 0, 0,
    0, 0, 0, 0, 0, 0, 0, 0,
    0, 0, 0, 0, 0, 0, 0, 0,
    0, 0, 0, 0, 0, 0, 0, 0,
    0, 0, 0, 0, 0, 0, 22, 0,
    0, 0, 0, 0, 0, 0, 0, 0,
    0, 0, 0, 0, -4, 0, 0, -21,
    -12, -17, 0, 0, 0, 0, 0, 0,
    0, 0, 0, 0, 0, 0, -8, 0,
    0, 0, 0, 0, 0, 0, 0, 0,
    0, 0, 0, 0, -8, -4, -5, -5,
    -5, -5, -8, -8, -5, -6, -6, -7,
    -6, -8, 0, 5, 0, -6, 0, 0,
    0, 0, 0, 0, 0, 0, 0, 0,
    0, 0, 0, 0, 0, 0, 0, 0,
    0, 0, 0, 0, 0, 0, 0, 0,
    0, 0, 0, 0, 0, 0, 0, 0,
    0, 0, 0, 0, 0, 0, 0, 0,
    0, 0, 0, 0, 0, 0, 0, 0,
    0, 0, 0, -9, -4, 0, 0, 0,
    0, 0, 0, 0, 0, 0, 0, 0,
    0, 0, -3, 0, 0, 0, 0, 0,
    0, 0, 0, 0, 0, 0, 0, 0,
    0, -4, 0, 0, 0, 0, -3, -3,
    0, 0, 0, -2, 0, -4, 0, 6,
    0, -2, 0, 0, 0, 0, 0, 0,
    0, 0, 0, 0, 0, 0, 0, 0,
    0, 0, 0, 0, 0, 0, 0, 0,
    0, 0, 0, 0, 0, 0, 0, 0,
    0, 0, 0, 0, 0, 0, 0, 0,
    0, 0, 0, 0, 0, 0, 0, 0,
    0, 0, 0, 0, 0, -10, 0, -13,
    -6, 0, 0, 0, 0, 0, 0, 0,
    0, 0, 0, 0, 0, 0, -4, 0,
    0, 0, 0, 0, 0, 0, 0, 0,
    0, 0, 0, 0, 0, 0, 0, 0,
    0, 0, -4, -4, 0, -5, -4, -5,
    -5, -2, 0, 0, 0, 0, 0, -8,
    0, -8, 0, 0, 0, 0, 0, 0,
    0, 0, 0, 0, 0, 0, 0, 0,
    -3, 0, 0, 0, 0, 0, 0, 0,
    0, 0, 0, 0, 0, 0, 0, 0,
    0, -2, 0, 0, -3, -3, 0, -4,
    -6, -4, -4, -2, 0, 0, 0, 0,
    0, 0, 0, 0, -7, 0, 0, 0,
    0, 0, 0, 0, 0, 0, 0, 0,
    0, 0, -4, 0, 0, 0, 0, 0,
    0, 0, 0, 0, 0, 0, 0, 0,
    0, -4, 0, 0, 0, 0, -4, -4,
    0, -5, -4, -7, -5, 0, 0, 0,
    0, 0, 0, -10, 0, -18, -8, 0,
    0, 0, 0, 0, 0, 0, 0, 0,
    0, 0, -4, 0, -6, 0, 0, 0,
    0, 0, 0, 0, 0, 0, 0, 0,
    0, -3, -3, -2, -3, -4, -4, -3,
    -6, -5, 0, -5, -8, -8, -5, -6,
    -5, 0, 0, 0, 0, 0, 0, 0,
    -5, 6, 0, 0, 0, 0, 0, 0,
    0, 0, 0, 0, 0, 0, -2, 0,
    0, 0, 0, 0, 0, 0, 0, 0,
    0, 0, 0, 0, 0, -3, 0, 0,
    0, 0, -4, 0, 0, 0, 0, 0,
    0, 0, 0, 0, 0, 0, 0, 0,
    0, 0, 0, 0, 0, 0, 0, 0,
    0, 0, 0, 0, 0, 0, 0, 0,
    0, 0, 0, 0, 0, 0, 0, 0,
    0, 0, 0, 0, 0, 0, 0, 0,
    0, 0, 27, 0, 0, 0, 0, 0,
    0, 0, 0, 0, 0, 0, 0, 0,
    0, 0, 0, 0, 0, 0, 0, 0,
    0, 0, 0, 0, 0, 0, 0, 0,
    0, 0, -13, -27, 0, 0, -33, 0,
    8, 0, 0, 0, 0, 0, 0, 0,
    0, 6, 0, 0, 0, 0, -13, -10,
    0, 0, 0, 0, 0, 0, 0, 0,
    0, 0, 0, 0, 0, 0, 0, 0,
    0, 0, 0, 0, 0, 0, 0, 0,
    0, 0, 0, 0, -21, -37, 0, -8,
    -33, -9, 7, 0, 0, 0, -5, 0,
    0, 0, 0, -2, 0, 0, 0, -10,
    -21, -16, -11, -7, 0, 0, -7, -10,
    0, 0
};


/*Collect the kern class' data in one place*/
static const lv_font_fmt_txt_kern_classes_t kern_classes =
{
    .class_pair_values   = kern_class_values,
    .left_class_mapping  = kern_left_class_mapping,
    .right_class_mapping = kern_right_class_mapping,
    .left_class_cnt      = 61,
    .right_class_cnt     = 50,
};

/*--------------------
 *  ALL CUSTOM DATA
 *--------------------*/

#if LVGL_VERSION_MAJOR == 8
/*Store all the custom data of the font*/
static  lv_font_fmt_txt_glyph_cache_t cache;
#endif

#if LVGL_VERSION_MAJOR >= 8
static const lv_font_fmt_txt_dsc_t font_dsc = {
#else
static lv_font_fmt_txt_dsc_t font_dsc = {
#endif
    .glyph_bitmap = glyph_bitmap,
    .glyph_dsc = glyph_dsc,
    .cmaps = cmaps,
    .kern_dsc = &kern_classes,
    .kern_scale = 16,
    .cmap_num = 2,
    .bpp = 4,
    .kern_classes = 1,
    .bitmap_format = 0,
#if LVGL_VERSION_MAJOR == 8
    .cache = &cache
#endif
};



/*-----------------
 *  PUBLIC FONT
 *----------------*/

/*Initialize a public general font descriptor*/
#if LVGL_VERSION_MAJOR >= 8
const lv_font_t outfit_sb_17 = {
#else
lv_font_t outfit_sb_17 = {
#endif
    .get_glyph_dsc = lv_font_get_glyph_dsc_fmt_txt,    /*Function pointer to get glyph's data*/
    .get_glyph_bitmap = lv_font_get_bitmap_fmt_txt,    /*Function pointer to get glyph's bitmap*/
    .line_height = 21,          /*The maximum line height required by the font*/
    .base_line = 4,             /*Baseline measured from the bottom of the line*/
#if !(LVGL_VERSION_MAJOR == 6 && LVGL_VERSION_MINOR == 0)
    .subpx = LV_FONT_SUBPX_NONE,
#endif
#if LV_VERSION_CHECK(7, 4, 0) || LVGL_VERSION_MAJOR >= 8
    .underline_position = -2,
    .underline_thickness = 1,
#endif
    .dsc = &font_dsc,          /*The custom font data. Will be accessed by `get_glyph_bitmap/dsc` */
#if LV_VERSION_CHECK(8, 2, 0) || LVGL_VERSION_MAJOR >= 9
    .fallback = NULL,
#endif
    .user_data = NULL,
};



#endif /*#if OUTFIT_SB_17*/

